site,beta,gamma,w_spec,entry_year,regime,natural_intake,mean_travel,site_label,w_label,regime_label
now,1.5,0,W_equal,2026,optionZ,277.87544185369296,42.463680028974174,Ovingdean,All schools equal,Option Z (in force from 2026)
now,1.5,0,W_equal,2030,optionZ,210.18212070922283,41.80977616238548,Ovingdean,All schools equal,Option Z (in force from 2026)
now,1.5,0,W_equal,2035,optionZ,184.17753029263295,41.54636065766838,Ovingdean,All schools equal,Option Z (in force from 2026)
now,1.5,0,W_pan,2026,optionZ,274.0691169174876,42.46555252730347,Ovingdean,Proportional to PAN,Option Z (in force from 2026)
now,1.5,0,W_pan,2030,optionZ,211.21121929228008,41.686979202321396,Ovingdean,Proportional to PAN,Option Z (in force from 2026)
now,1.5,0,W_pan,2035,optionZ,192.5816645246717,41.58930161603033,Ovingdean,Proportional to PAN,Option Z (in force from 2026)
now,1.5,0,W_prefs,2026,optionZ,161.46231483861166,39.8030759319684,Ovingdean,Published first preferences,Option Z (in force from 2026)
now,1.5,0,W_prefs,2030,optionZ,119.9300305216723,39.01631574073295,Ovingdean,Published first preferences,Option Z (in force from 2026)
now,1.5,0,W_prefs,2035,optionZ,106.14118223784578,38.75282778435367,Ovingdean,Published first preferences,Option Z (in force from 2026)
now,1.5,0,W_att8,2026,optionZ,144.64184922027025,39.29894942794899,Ovingdean,Attainment 8,Option Z (in force from 2026)
now,1.5,0,W_att8,2030,optionZ,90.9108899338681,37.82344653940352,Ovingdean,Attainment 8,Option Z (in force from 2026)
now,1.5,0,W_att8,2035,optionZ,79.40823470398323,37.57103183711947,Ovingdean,Attainment 8,Option Z (in force from 2026)
now,1.5,0.8,W_equal,2026,optionZ,310.85784423979703,37.95066825884463,Ovingdean,All schools equal,Option Z (in force from 2026)
now,1.5,0.8,W_equal,2030,optionZ,221.27854968170573,36.250586691565026,Ovingdean,All schools equal,Option Z (in force from 2026)
now,1.5,0.8,W_equal,2035,optionZ,196.0103270206199,35.883045026976454,Ovingdean,All schools equal,Option Z (in force from 2026)
now,1.5,0.8,W_pan,2026,optionZ,307.5382899324464,37.93126700672268,Ovingdean,Proportional to PAN,Option Z (in force from 2026)
now,1.5,0.8,W_pan,2030,optionZ,223.75718775302425,36.277162143070356,Ovingdean,Proportional to PAN,Option Z (in force from 2026)
now,1.5,0.8,W_pan,2035,optionZ,201.6853213546413,35.98310960164965,Ovingdean,Proportional to PAN,Option Z (in force from 2026)
now,1.5,0.8,W_prefs,2026,optionZ,191.42535520194815,34.37951880256464,Ovingdean,Published first preferences,Option Z (in force from 2026)
now,1.5,0.8,W_prefs,2030,optionZ,138.44179796324093,33.0816534584515,Ovingdean,Published first preferences,Option Z (in force from 2026)
now,1.5,0.8,W_prefs,2035,optionZ,124.36799980953202,32.808582200401496,Ovingdean,Published first preferences,Option Z (in force from 2026)
now,1.5,0.8,W_att8,2026,optionZ,178.64097107438525,33.93534243906824,Ovingdean,Attainment 8,Option Z (in force from 2026)
now,1.5,0.8,W_att8,2030,optionZ,113.08684148906113,31.997261037077635,Ovingdean,Attainment 8,Option Z (in force from 2026)
now,1.5,0.8,W_att8,2035,optionZ,96.85519108297022,31.529393600097723,Ovingdean,Attainment 8,Option Z (in force from 2026)
now,1.5,1.6,W_equal,2026,optionZ,343.6688549325577,35.01554387840671,Ovingdean,All schools equal,Option Z (in force from 2026)
now,1.5,1.6,W_equal,2030,optionZ,238.1634938403753,32.125407404849895,Ovingdean,All schools equal,Option Z (in force from 2026)
now,1.5,1.6,W_equal,2035,optionZ,209.05115853652734,31.474213610025412,Ovingdean,All schools equal,Option Z (in force from 2026)
now,1.5,1.6,W_pan,2026,optionZ,340.5441232146585,34.96952685105038,Ovingdean,Proportional to PAN,Option Z (in force from 2026)
now,1.5,1.6,W_pan,2030,optionZ,241.36811390633076,32.34397422212936,Ovingdean,Proportional to PAN,Option Z (in force from 2026)
now,1.5,1.6,W_pan,2035,optionZ,214.7219899235333,31.735326484953376,Ovingdean,Proportional to PAN,Option Z (in force from 2026)
now,1.5,1.6,W_prefs,2026,optionZ,241.1244839880201,31.197707636600498,Ovingdean,Published first preferences,Option Z (in force from 2026)
now,1.5,1.6,W_prefs,2030,optionZ,170.15192207637122,29.281178501616335,Ovingdean,Published first preferences,Option Z (in force from 2026)
now,1.5,1.6,W_prefs,2035,optionZ,150.63822209165232,28.797442119339046,Ovingdean,Published first preferences,Option Z (in force from 2026)
now,1.5,1.6,W_att8,2026,optionZ,220.1939113546904,30.427643987103107,Ovingdean,Attainment 8,Option Z (in force from 2026)
now,1.5,1.6,W_att8,2030,optionZ,147.89170970509517,28.422731657876128,Ovingdean,Attainment 8,Option Z (in force from 2026)
now,1.5,1.6,W_att8,2035,optionZ,124.94973980881124,27.789572979784,Ovingdean,Attainment 8,Option Z (in force from 2026)
now,1.5,2.4,W_equal,2026,optionZ,362.7212857445037,33.57478195086253,Ovingdean,All schools equal,Option Z (in force from 2026)
now,1.5,2.4,W_equal,2030,optionZ,254.73569365880962,29.925255458968852,Ovingdean,All schools equal,Option Z (in force from 2026)
now,1.5,2.4,W_equal,2035,optionZ,221.5089988104619,28.871286975122263,Ovingdean,All schools equal,Option Z (in force from 2026)
now,1.5,2.4,W_pan,2026,optionZ,360.08069479199156,33.51787673036318,Ovingdean,Proportional to PAN,Option Z (in force from 2026)
now,1.5,2.4,W_pan,2030,optionZ,255.94631294984134,30.06623487035548,Ovingdean,Proportional to PAN,Option Z (in force from 2026)
now,1.5,2.4,W_pan,2035,optionZ,226.5310631021341,29.197826197721433,Ovingdean,Proportional to PAN,Option Z (in force from 2026)
now,1.5,2.4,W_prefs,2026,optionZ,282.8624717900128,29.772616042381358,Ovingdean,Published first preferences,Option Z (in force from 2026)
now,1.5,2.4,W_prefs,2030,optionZ,204.14697391469582,27.546100319252997,Ovingdean,Published first preferences,Option Z (in force from 2026)
now,1.5,2.4,W_prefs,2035,optionZ,181.59623586582086,27.01968491518007,Ovingdean,Published first preferences,Option Z (in force from 2026)
now,1.5,2.4,W_att8,2026,optionZ,259.6453024920574,28.77614717960269,Ovingdean,Attainment 8,Option Z (in force from 2026)
now,1.5,2.4,W_att8,2030,optionZ,186.541087792846,26.909237120463693,Ovingdean,Attainment 8,Option Z (in force from 2026)
now,1.5,2.4,W_att8,2035,optionZ,159.93158109577166,26.29583174195995,Ovingdean,Attainment 8,Option Z (in force from 2026)
now,1.6,0,W_equal,2026,optionZ,278.79679481558105,41.33213145876262,Ovingdean,All schools equal,Option Z (in force from 2026)
now,1.6,0,W_equal,2030,optionZ,211.29929950639948,40.63306193729133,Ovingdean,All schools equal,Option Z (in force from 2026)
now,1.6,0,W_equal,2035,optionZ,185.24069798647787,40.34613443339045,Ovingdean,All schools equal,Option Z (in force from 2026)
now,1.6,0,W_pan,2026,optionZ,274.74952244084153,41.3240557203049,Ovingdean,Proportional to PAN,Option Z (in force from 2026)
now,1.6,0,W_pan,2030,optionZ,211.95428415370353,40.50535388161899,Ovingdean,Proportional to PAN,Option Z (in force from 2026)
now,1.6,0,W_pan,2035,optionZ,193.295217748965,40.39549483301373,Ovingdean,Proportional to PAN,Option Z (in force from 2026)
now,1.6,0,W_prefs,2026,optionZ,161.8591606105015,38.47711081587765,Ovingdean,Published first preferences,Option Z (in force from 2026)
now,1.6,0,W_prefs,2030,optionZ,122.14412265635724,37.72040754537281,Ovingdean,Published first preferences,Option Z (in force from 2026)
now,1.6,0,W_prefs,2035,optionZ,108.23686886081275,37.43657808384917,Ovingdean,Published first preferences,Option Z (in force from 2026)
now,1.6,0,W_att8,2026,optionZ,146.4916626680764,37.97562752880434,Ovingdean,Attainment 8,Option Z (in force from 2026)
now,1.6,0,W_att8,2030,optionZ,93.14873862659937,36.45460906154954,Ovingdean,Attainment 8,Option Z (in force from 2026)
now,1.6,0,W_att8,2035,optionZ,81.41535424027873,36.17750143612375,Ovingdean,Attainment 8,Option Z (in force from 2026)
now,1.6,0.8,W_equal,2026,optionZ,311.0969904295265,37.072557088051134,Ovingdean,All schools equal,Option Z (in force from 2026)
now,1.6,0.8,W_equal,2030,optionZ,223.47418782321668,35.37975826781507,Ovingdean,All schools equal,Option Z (in force from 2026)
now,1.6,0.8,W_equal,2035,optionZ,197.85601129377054,34.998883516775045,Ovingdean,All schools equal,Option Z (in force from 2026)
now,1.6,0.8,W_pan,2026,optionZ,308.0719937920528,37.057874169361426,Ovingdean,Proportional to PAN,Option Z (in force from 2026)
now,1.6,0.8,W_pan,2030,optionZ,225.3402749852389,35.39804593450395,Ovingdean,Proportional to PAN,Option Z (in force from 2026)
now,1.6,0.8,W_pan,2035,optionZ,203.25924298614683,35.09674135152594,Ovingdean,Proportional to PAN,Option Z (in force from 2026)
now,1.6,0.8,W_prefs,2026,optionZ,194.8781659454586,33.493583237754144,Ovingdean,Published first preferences,Option Z (in force from 2026)
now,1.6,0.8,W_prefs,2030,optionZ,141.90016561777023,32.2075927327039,Ovingdean,Published first preferences,Option Z (in force from 2026)
now,1.6,0.8,W_prefs,2035,optionZ,127.48951946867176,31.92798644046955,Ovingdean,Published first preferences,Option Z (in force from 2026)
now,1.6,0.8,W_att8,2026,optionZ,181.30566137561323,33.01093038262345,Ovingdean,Attainment 8,Option Z (in force from 2026)
now,1.6,0.8,W_att8,2030,optionZ,116.27387166182149,31.099165291775876,Ovingdean,Attainment 8,Option Z (in force from 2026)
now,1.6,0.8,W_att8,2035,optionZ,99.83502645008204,30.631939840884776,Ovingdean,Attainment 8,Option Z (in force from 2026)
now,1.6,1.6,W_equal,2026,optionZ,342.7925829368825,34.39765407489089,Ovingdean,All schools equal,Option Z (in force from 2026)
now,1.6,1.6,W_equal,2030,optionZ,240.23560697864238,31.602937030324117,Ovingdean,All schools equal,Option Z (in force from 2026)
now,1.6,1.6,W_equal,2035,optionZ,210.86725304958344,30.946731984699195,Ovingdean,All schools equal,Option Z (in force from 2026)
now,1.6,1.6,W_pan,2026,optionZ,339.49549064693986,34.345096143065405,Ovingdean,Proportional to PAN,Option Z (in force from 2026)
now,1.6,1.6,W_pan,2030,optionZ,243.14396164792836,31.808171750546464,Ovingdean,Proportional to PAN,Option Z (in force from 2026)
now,1.6,1.6,W_pan,2035,optionZ,216.07735281263206,31.182270469721963,Ovingdean,Proportional to PAN,Option Z (in force from 2026)
now,1.6,1.6,W_prefs,2026,optionZ,243.96732121172695,30.669048387986177,Ovingdean,Published first preferences,Option Z (in force from 2026)
now,1.6,1.6,W_prefs,2030,optionZ,173.7432357538801,28.810702625950256,Ovingdean,Published first preferences,Option Z (in force from 2026)
now,1.6,1.6,W_prefs,2035,optionZ,154.0941587833153,28.34386163535684,Ovingdean,Published first preferences,Option Z (in force from 2026)
now,1.6,1.6,W_att8,2026,optionZ,222.60388170361017,29.876419355263028,Ovingdean,Attainment 8,Option Z (in force from 2026)
now,1.6,1.6,W_att8,2030,optionZ,151.39861321216054,27.95226872485974,Ovingdean,Attainment 8,Option Z (in force from 2026)
now,1.6,1.6,W_att8,2035,optionZ,128.41289158284292,27.336758088909978,Ovingdean,Attainment 8,Option Z (in force from 2026)
now,1.6,2.4,W_equal,2026,optionZ,360.56182785465893,33.104737445183616,Ovingdean,All schools equal,Option Z (in force from 2026)
now,1.6,2.4,W_equal,2030,optionZ,255.86735237736013,29.627550852374835,Ovingdean,All schools equal,Option Z (in force from 2026)
now,1.6,2.4,W_equal,2035,optionZ,222.74752776365918,28.59561212086028,Ovingdean,All schools equal,Option Z (in force from 2026)
now,1.6,2.4,W_pan,2026,optionZ,357.7852165331545,33.042503237314726,Ovingdean,Proportional to PAN,Option Z (in force from 2026)
now,1.6,2.4,W_pan,2030,optionZ,256.846146567425,29.753724283530005,Ovingdean,Proportional to PAN,Option Z (in force from 2026)
now,1.6,2.4,W_pan,2035,optionZ,227.31516327849064,28.887948800537945,Ovingdean,Proportional to PAN,Option Z (in force from 2026)
now,1.6,2.4,W_prefs,2026,optionZ,284.0289719649665,29.443832801710286,Ovingdean,Published first preferences,Option Z (in force from 2026)
now,1.6,2.4,W_prefs,2030,optionZ,207.22719050923473,27.33329681013122,Ovingdean,Published first preferences,Option Z (in force from 2026)
now,1.6,2.4,W_prefs,2035,optionZ,184.26842539863054,26.808855217720446,Ovingdean,Published first preferences,Option Z (in force from 2026)
now,1.6,2.4,W_att8,2026,optionZ,262.08200445712913,28.497700324680235,Ovingdean,Attainment 8,Option Z (in force from 2026)
now,1.6,2.4,W_att8,2030,optionZ,189.6032953711594,26.694806314572123,Ovingdean,Attainment 8,Option Z (in force from 2026)
now,1.6,2.4,W_att8,2035,optionZ,163.26187044194924,26.104836449851373,Ovingdean,Attainment 8,Option Z (in force from 2026)
now,1.7,0,W_equal,2026,optionZ,280.04350796167546,40.265707761271464,Ovingdean,All schools equal,Option Z (in force from 2026)
now,1.7,0,W_equal,2030,optionZ,212.74016274737454,39.528212615899854,Ovingdean,All schools equal,Option Z (in force from 2026)
now,1.7,0,W_equal,2035,optionZ,186.561023686951,39.220279157900706,Ovingdean,All schools equal,Option Z (in force from 2026)
now,1.7,0,W_pan,2026,optionZ,275.64018460193756,40.24550395077879,Ovingdean,Proportional to PAN,Option Z (in force from 2026)
now,1.7,0,W_pan,2030,optionZ,213.06982737801002,39.39882035095738,Ovingdean,Proportional to PAN,Option Z (in force from 2026)
now,1.7,0,W_pan,2035,optionZ,194.29096767666397,39.27476672506901,Ovingdean,Proportional to PAN,Option Z (in force from 2026)
now,1.7,0,W_prefs,2026,optionZ,162.46593368144397,37.236666724868826,Ovingdean,Published first preferences,Option Z (in force from 2026)
now,1.7,0,W_prefs,2030,optionZ,124.5588239821203,36.52654838345531,Ovingdean,Published first preferences,Option Z (in force from 2026)
now,1.7,0,W_prefs,2035,optionZ,110.52994222754457,36.22749973210435,Ovingdean,Published first preferences,Option Z (in force from 2026)
now,1.7,0,W_att8,2026,optionZ,148.56866051510877,36.75059104093286,Ovingdean,Attainment 8,Option Z (in force from 2026)
now,1.7,0,W_att8,2030,optionZ,95.56464697313636,35.20545354064269,Ovingdean,Attainment 8,Option Z (in force from 2026)
now,1.7,0,W_att8,2035,optionZ,83.68148223654651,34.91198377837301,Ovingdean,Attainment 8,Option Z (in force from 2026)
now,1.7,0.8,W_equal,2026,optionZ,311.37665727689966,36.25692453937609,Ovingdean,All schools equal,Option Z (in force from 2026)
now,1.7,0.8,W_equal,2030,optionZ,225.81454193745606,34.5862389660327,Ovingdean,All schools equal,Option Z (in force from 2026)
now,1.7,0.8,W_equal,2035,optionZ,199.83831793054478,34.19398259330213,Ovingdean,All schools equal,Option Z (in force from 2026)
now,1.7,0.8,W_pan,2026,optionZ,308.7167575543909,36.2493085708797,Ovingdean,Proportional to PAN,Option Z (in force from 2026)
now,1.7,0.8,W_pan,2030,optionZ,227.05158436947542,34.59316392595082,Ovingdean,Proportional to PAN,Option Z (in force from 2026)
now,1.7,0.8,W_pan,2035,optionZ,204.98473919032102,34.288790510173094,Ovingdean,Proportional to PAN,Option Z (in force from 2026)
now,1.7,0.8,W_prefs,2026,optionZ,198.38647556339728,32.69451849421125,Ovingdean,Published first preferences,Option Z (in force from 2026)
now,1.7,0.8,W_prefs,2030,optionZ,145.47813792577543,31.429166942647527,Ovingdean,Published first preferences,Option Z (in force from 2026)
now,1.7,0.8,W_prefs,2035,optionZ,130.72823804857939,31.14567076702268,Ovingdean,Published first preferences,Option Z (in force from 2026)
now,1.7,0.8,W_att8,2026,optionZ,184.06498025368612,32.177085700715814,Ovingdean,Attainment 8,Option Z (in force from 2026)
now,1.7,0.8,W_att8,2030,optionZ,119.54953836049083,30.304213304372812,Ovingdean,Attainment 8,Option Z (in force from 2026)
now,1.7,0.8,W_att8,2035,optionZ,102.91271600096161,29.842603194448934,Ovingdean,Attainment 8,Option Z (in force from 2026)
now,1.7,1.6,W_equal,2026,optionZ,341.89392171831497,33.8237820848566,Ovingdean,All schools equal,Option Z (in force from 2026)
now,1.7,1.6,W_equal,2030,optionZ,242.2756008648237,31.132394516484624,Ovingdean,All schools equal,Option Z (in force from 2026)
now,1.7,1.6,W_equal,2035,optionZ,212.70173810128017,30.475915087128897,Ovingdean,All schools equal,Option Z (in force from 2026)
now,1.7,1.6,W_pan,2026,optionZ,338.45480222780316,33.765570005043315,Ovingdean,Proportional to PAN,Option Z (in force from 2026)
now,1.7,1.6,W_pan,2030,optionZ,244.90552958648186,31.32443987413827,Ovingdean,Proportional to PAN,Option Z (in force from 2026)
now,1.7,1.6,W_pan,2035,optionZ,217.46680633618567,30.68581644610951,Ovingdean,Proportional to PAN,Option Z (in force from 2026)
now,1.7,1.6,W_prefs,2026,optionZ,246.70260645914783,30.195424913479208,Ovingdean,Published first preferences,Option Z (in force from 2026)
now,1.7,1.6,W_prefs,2030,optionZ,177.29000217060639,28.398657015185005,Ovingdean,Published first preferences,Option Z (in force from 2026)
now,1.7,1.6,W_prefs,2035,optionZ,157.52745108869752,27.950030555318836,Ovingdean,Published first preferences,Option Z (in force from 2026)
now,1.7,1.6,W_att8,2026,optionZ,224.98158025461197,29.384956486475588,Ovingdean,Attainment 8,Option Z (in force from 2026)
now,1.7,1.6,W_att8,2030,optionZ,154.85745411416897,27.542078821879773,Ovingdean,Attainment 8,Option Z (in force from 2026)
now,1.7,1.6,W_att8,2035,optionZ,132.14369193838752,26.956578833838428,Ovingdean,Attainment 8,Option Z (in force from 2026)
now,1.7,2.4,W_equal,2026,optionZ,358.4420892159628,32.662710463843034,Ovingdean,All schools equal,Option Z (in force from 2026)
now,1.7,2.4,W_equal,2030,optionZ,256.9393567807067,29.35694442714873,Ovingdean,All schools equal,Option Z (in force from 2026)
now,1.7,2.4,W_equal,2035,optionZ,223.93528879545883,28.349106828639517,Ovingdean,All schools equal,Option Z (in force from 2026)
now,1.7,2.4,W_pan,2026,optionZ,355.55556034297297,32.596136610864754,Ovingdean,Proportional to PAN,Option Z (in force from 2026)
now,1.7,2.4,W_pan,2030,optionZ,257.70486286942713,29.469394014354982,Ovingdean,Proportional to PAN,Option Z (in force from 2026)
now,1.7,2.4,W_pan,2035,optionZ,228.0924716017116,28.610525536277322,Ovingdean,Proportional to PAN,Option Z (in force from 2026)
now,1.7,2.4,W_prefs,2026,optionZ,285.10114300177906,29.146070392268886,Ovingdean,Published first preferences,Option Z (in force from 2026)
now,1.7,2.4,W_prefs,2030,optionZ,210.1559968149993,27.147188118235892,Ovingdean,Published first preferences,Option Z (in force from 2026)
now,1.7,2.4,W_prefs,2035,optionZ,186.83190678585171,26.62647328719273,Ovingdean,Published first preferences,Option Z (in force from 2026)
now,1.7,2.4,W_att8,2026,optionZ,264.3766274597409,28.24988046179018,Ovingdean,Attainment 8,Option Z (in force from 2026)
now,1.7,2.4,W_att8,2030,optionZ,192.5034956858113,26.507616474885868,Ovingdean,Attainment 8,Option Z (in force from 2026)
now,1.7,2.4,W_att8,2035,optionZ,166.47252308918874,25.942253372275403,Ovingdean,Attainment 8,Option Z (in force from 2026)
now,1.8,0,W_equal,2026,optionZ,281.58956931566513,39.26571255562732,Ovingdean,All schools equal,Option Z (in force from 2026)
now,1.8,0,W_equal,2030,optionZ,214.4813953891405,38.49642199797837,Ovingdean,All schools equal,Option Z (in force from 2026)
now,1.8,0,W_equal,2035,optionZ,188.12276140705595,38.16980610657749,Ovingdean,All schools equal,Option Z (in force from 2026)
now,1.8,0,W_pan,2026,optionZ,276.7258268834019,39.23132649576832,Ovingdean,Proportional to PAN,Option Z (in force from 2026)
now,1.8,0,W_pan,2030,optionZ,214.63607466055436,38.37384482682034,Ovingdean,Proportional to PAN,Option Z (in force from 2026)
now,1.8,0,W_pan,2035,optionZ,195.55061654241027,38.22827331640381,Ovingdean,Proportional to PAN,Option Z (in force from 2026)
now,1.8,0,W_prefs,2026,optionZ,163.27706005540784,36.08308453054947,Ovingdean,Published first preferences,Option Z (in force from 2026)
now,1.8,0,W_prefs,2030,optionZ,127.16313193913918,35.43300508195073,Ovingdean,Published first preferences,Option Z (in force from 2026)
now,1.8,0,W_prefs,2035,optionZ,113.01053404145298,35.123624544256174,Ovingdean,Published first preferences,Option Z (in force from 2026)
now,1.8,0,W_att8,2026,optionZ,150.85478961898394,35.62347564085854,Ovingdean,Attainment 8,Option Z (in force from 2026)
now,1.8,0,W_att8,2030,optionZ,98.14723033671534,34.073863495362495,Ovingdean,Attainment 8,Option Z (in force from 2026)
now,1.8,0,W_att8,2035,optionZ,86.2204108234379,33.774008800744376,Ovingdean,Attainment 8,Option Z (in force from 2026)
now,1.8,0.8,W_equal,2026,optionZ,311.69675175834556,35.50147852513468,Ovingdean,All schools equal,Option Z (in force from 2026)
now,1.8,0.8,W_equal,2030,optionZ,228.27287706862535,33.86536243172016,Ovingdean,All schools equal,Option Z (in force from 2026)
now,1.8,0.8,W_equal,2035,optionZ,201.9354467825653,33.4635688453136,Ovingdean,All schools equal,Option Z (in force from 2026)
now,1.8,0.8,W_pan,2026,optionZ,309.413853760986,35.50178884360982,Ovingdean,Proportional to PAN,Option Z (in force from 2026)
now,1.8,0.8,W_pan,2030,optionZ,228.87246009028266,33.85843972201451,Ovingdean,Proportional to PAN,Option Z (in force from 2026)
now,1.8,0.8,W_pan,2035,optionZ,206.83882624772585,33.55465655421377,Ovingdean,Proportional to PAN,Option Z (in force from 2026)
now,1.8,0.8,W_prefs,2026,optionZ,201.93241649394488,31.975785418374226,Ovingdean,Published first preferences,Option Z (in force from 2026)
now,1.8,0.8,W_prefs,2030,optionZ,149.1571047319722,30.737925721143867,Ovingdean,Published first preferences,Option Z (in force from 2026)
now,1.8,0.8,W_prefs,2035,optionZ,134.06685305753467,30.452736497555364,Ovingdean,Published first preferences,Option Z (in force from 2026)
now,1.8,0.8,W_att8,2026,optionZ,186.90219638373657,31.427259602019085,Ovingdean,Attainment 8,Option Z (in force from 2026)
now,1.8,0.8,W_att8,2030,optionZ,122.90112058214795,29.602461053533812,Ovingdean,Attainment 8,Option Z (in force from 2026)
now,1.8,0.8,W_att8,2035,optionZ,106.32857335955723,29.16003270758796,Ovingdean,Attainment 8,Option Z (in force from 2026)
now,1.8,1.6,W_equal,2026,optionZ,340.98985708209057,33.291606757240224,Ovingdean,All schools equal,Option Z (in force from 2026)
now,1.8,1.6,W_equal,2030,optionZ,244.27830868062154,30.708765062301957,Ovingdean,All schools equal,Option Z (in force from 2026)
now,1.8,1.6,W_equal,2035,optionZ,214.54335568087365,30.05611222589833,Ovingdean,All schools equal,Option Z (in force from 2026)
now,1.8,1.6,W_pan,2026,optionZ,337.43753359180664,33.22865179355738,Ovingdean,Proportional to PAN,Option Z (in force from 2026)
now,1.8,1.6,W_pan,2030,optionZ,246.6471611161689,30.88793044984,Ovingdean,Proportional to PAN,Option Z (in force from 2026)
now,1.8,1.6,W_pan,2035,optionZ,218.88006467735298,30.240697087926158,Ovingdean,Proportional to PAN,Option Z (in force from 2026)
now,1.8,1.6,W_prefs,2026,optionZ,249.3323414078075,29.77144283747388,Ovingdean,Published first preferences,Option Z (in force from 2026)
now,1.8,1.6,W_prefs,2030,optionZ,180.7813136211032,28.038144978112904,Ovingdean,Published first preferences,Option Z (in force from 2026)
now,1.8,1.6,W_prefs,2035,optionZ,160.9243148226013,27.608458023472217,Ovingdean,Published first preferences,Option Z (in force from 2026)
now,1.8,1.6,W_att8,2026,optionZ,227.322736044213,28.94731627499266,Ovingdean,Attainment 8,Option Z (in force from 2026)
now,1.8,1.6,W_att8,2030,optionZ,158.25849602561965,27.184568251455175,Ovingdean,Attainment 8,Option Z (in force from 2026)
now,1.8,1.6,W_att8,2035,optionZ,135.85017086932356,26.63060240658759,Ovingdean,Attainment 8,Option Z (in force from 2026)
now,1.8,2.4,W_equal,2026,optionZ,356.3814662939641,32.248029039443225,Ovingdean,All schools equal,Option Z (in force from 2026)
now,1.8,2.4,W_equal,2030,optionZ,257.95806165110406,29.110648511554746,Ovingdean,All schools equal,Option Z (in force from 2026)
now,1.8,2.4,W_equal,2035,optionZ,225.07368901688517,28.128432113139556,Ovingdean,All schools equal,Option Z (in force from 2026)
now,1.8,2.4,W_pan,2026,optionZ,353.408076517162,32.17800154591514,Ovingdean,Proportional to PAN,Option Z (in force from 2026)
now,1.8,2.4,W_pan,2030,optionZ,258.52747787658427,29.210447704157357,Ovingdean,Proportional to PAN,Option Z (in force from 2026)
now,1.8,2.4,W_pan,2035,optionZ,228.8612687555633,28.362092736483195,Ovingdean,Proportional to PAN,Option Z (in force from 2026)
now,1.8,2.4,W_prefs,2026,optionZ,286.09280585793715,28.876508395183524,Ovingdean,Published first preferences,Option Z (in force from 2026)
now,1.8,2.4,W_prefs,2030,optionZ,212.93994254661408,26.984367314491433,Ovingdean,Published first preferences,Option Z (in force from 2026)
now,1.8,2.4,W_prefs,2035,optionZ,189.2876136644792,26.468759463817374,Ovingdean,Published first preferences,Option Z (in force from 2026)
now,1.8,2.4,W_att8,2026,optionZ,266.54035095505435,28.029293374796957,Ovingdean,Attainment 8,Option Z (in force from 2026)
now,1.8,2.4,W_att8,2030,optionZ,195.24793965144667,26.344028657590805,Ovingdean,Attainment 8,Option Z (in force from 2026)
now,1.8,2.4,W_att8,2035,optionZ,169.56169477554863,25.804018074149766,Ovingdean,Attainment 8,Option Z (in force from 2026)
now,1.9,0,W_equal,2026,optionZ,283.40887273824677,38.332323073530965,Ovingdean,All schools equal,Option Z (in force from 2026)
now,1.9,0,W_equal,2030,optionZ,216.49695008587938,37.537491277928844,Ovingdean,All schools equal,Option Z (in force from 2026)
now,1.9,0,W_equal,2035,optionZ,189.90717681970074,37.19428806755696,Ovingdean,All schools equal,Option Z (in force from 2026)
now,1.9,0,W_pan,2026,optionZ,277.9914756496479,38.281882887696575,Ovingdean,Proportional to PAN,Option Z (in force from 2026)
now,1.9,0,W_pan,2030,optionZ,216.43648283628033,37.42065063061883,Ovingdean,Proportional to PAN,Option Z (in force from 2026)
now,1.9,0,W_pan,2035,optionZ,197.05322824471864,37.25575155492072,Ovingdean,Proportional to PAN,Option Z (in force from 2026)
now,1.9,0,W_prefs,2026,optionZ,164.62898482000767,35.026161480379166,Ovingdean,Published first preferences,Option Z (in force from 2026)
now,1.9,0,W_prefs,2030,optionZ,129.94692603018228,34.43589537715149,Ovingdean,Published first preferences,Option Z (in force from 2026)
now,1.9,0,W_prefs,2035,optionZ,115.66932882267844,34.12061389262742,Ovingdean,Published first preferences,Option Z (in force from 2026)
now,1.9,0,W_att8,2026,optionZ,153.3330060837936,34.591603413780824,Ovingdean,Attainment 8,Option Z (in force from 2026)
now,1.9,0,W_att8,2030,optionZ,100.88776611143491,33.05437499351633,Ovingdean,Attainment 8,Option Z (in force from 2026)
now,1.9,0,W_att8,2035,optionZ,88.91642194511925,32.75385635126673,Ovingdean,Attainment 8,Option Z (in force from 2026)
now,1.9,0.8,W_equal,2026,optionZ,312.0568968707449,34.80357034935833,Ovingdean,All schools equal,Option Z (in force from 2026)
now,1.9,0.8,W_equal,2030,optionZ,230.824418909838,33.212188228037334,Ovingdean,All schools equal,Option Z (in force from 2026)
now,1.9,0.8,W_equal,2035,optionZ,204.12646080423397,32.802573331147194,Ovingdean,All schools equal,Option Z (in force from 2026)
now,1.9,0.8,W_pan,2026,optionZ,310.15987792860363,34.81250105129321,Ovingdean,Proportional to PAN,Option Z (in force from 2026)
now,1.9,0.8,W_pan,2030,optionZ,230.78546866629557,33.18953580636138,Ovingdean,Proportional to PAN,Option Z (in force from 2026)
now,1.9,0.8,W_pan,2035,optionZ,208.79937669510622,32.88941418164449,Ovingdean,Proportional to PAN,Option Z (in force from 2026)
now,1.9,0.8,W_prefs,2026,optionZ,205.4976381284922,31.33074932140795,Ovingdean,Published first preferences,Option Z (in force from 2026)
now,1.9,0.8,W_prefs,2030,optionZ,152.9180107465747,30.125572353371037,Ovingdean,Published first preferences,Option Z (in force from 2026)
now,1.9,0.8,W_prefs,2035,optionZ,137.48743438261755,29.84045474394099,Ovingdean,Published first preferences,Option Z (in force from 2026)
now,1.9,0.8,W_att8,2026,optionZ,189.80157698109804,30.754725849462297,Ovingdean,Attainment 8,Option Z (in force from 2026)
now,1.9,0.8,W_att8,2030,optionZ,126.31668994047736,28.984246724098547,Ovingdean,Attainment 8,Option Z (in force from 2026)
now,1.9,0.8,W_att8,2035,optionZ,109.93367912487592,28.568537426644582,Ovingdean,Attainment 8,Option Z (in force from 2026)
now,1.9,1.6,W_equal,2026,optionZ,340.0959555450207,32.79886456049983,Ovingdean,All schools equal,Option Z (in force from 2026)
now,1.9,1.6,W_equal,2030,optionZ,246.2406346431854,30.327492825297064,Ovingdean,All schools equal,Option Z (in force from 2026)
now,1.9,1.6,W_equal,2035,optionZ,216.38273306661563,29.682129648284246,Ovingdean,All schools equal,Option Z (in force from 2026)
now,1.9,1.6,W_pan,2026,optionZ,336.45583716603994,32.73200751458958,Ovingdean,Proportional to PAN,Option Z (in force from 2026)
now,1.9,1.6,W_pan,2030,optionZ,248.36497717335925,30.494201233047313,Ovingdean,Proportional to PAN,Option Z (in force from 2026)
now,1.9,1.6,W_pan,2035,optionZ,220.30874391731822,29.842042900109135,Ovingdean,Proportional to PAN,Option Z (in force from 2026)
now,1.9,1.6,W_prefs,2026,optionZ,251.85779400414734,29.392084813857924,Ovingdean,Published first preferences,Option Z (in force from 2026)
now,1.9,1.6,W_prefs,2030,optionZ,184.20755281194437,27.723009681105626,Ovingdean,Published first preferences,Option Z (in force from 2026)
now,1.9,1.6,W_prefs,2035,optionZ,164.27245696400428,27.312525985493682,Ovingdean,Published first preferences,Option Z (in force from 2026)
now,1.9,1.6,W_att8,2026,optionZ,229.62461336655682,28.55803012198972,Ovingdean,Attainment 8,Option Z (in force from 2026)
now,1.9,1.6,W_att8,2030,optionZ,161.59326384131538,26.87304415033123,Ovingdean,Attainment 8,Option Z (in force from 2026)
now,1.9,1.6,W_att8,2035,optionZ,139.52004981030365,26.351449890819787,Ovingdean,Attainment 8,Option Z (in force from 2026)
now,1.9,2.4,W_equal,2026,optionZ,354.3948182949065,31.859903420709582,Ovingdean,All schools equal,Option Z (in force from 2026)
now,1.9,2.4,W_equal,2030,optionZ,258.92999863129006,28.886263637858153,Ovingdean,All schools equal,Option Z (in force from 2026)
now,1.9,2.4,W_equal,2035,optionZ,226.16534620179237,27.93073618229083,Ovingdean,All schools equal,Option Z (in force from 2026)
now,1.9,2.4,W_pan,2026,optionZ,351.35564890539575,31.787242635833575,Ovingdean,Proportional to PAN,Option Z (in force from 2026)
now,1.9,2.4,W_pan,2030,optionZ,259.3194414311637,28.97447217649586,Ovingdean,Proportional to PAN,Option Z (in force from 2026)
now,1.9,2.4,W_pan,2035,optionZ,229.62059449483576,28.139590299928287,Ovingdean,Proportional to PAN,Option Z (in force from 2026)
now,1.9,2.4,W_prefs,2026,optionZ,287.01510648949795,28.632522328578812,Ovingdean,Published first preferences,Option Z (in force from 2026)
now,1.9,2.4,W_prefs,2030,optionZ,215.58645274608787,26.84192938668,Ovingdean,Published first preferences,Option Z (in force from 2026)
now,1.9,2.4,W_prefs,2035,optionZ,191.63754023789795,26.332480199390282,Ovingdean,Published first preferences,Option Z (in force from 2026)
now,1.9,2.4,W_att8,2026,optionZ,268.5840333255997,27.832933813851085,Ovingdean,Attainment 8,Option Z (in force from 2026)
now,1.9,2.4,W_att8,2030,optionZ,197.8441009933551,26.200959428037248,Ovingdean,Attainment 8,Option Z (in force from 2026)
now,1.9,2.4,W_att8,2035,optionZ,172.52886895684247,25.686692795299834,Ovingdean,Attainment 8,Option Z (in force from 2026)
now,2,0,W_equal,2026,optionZ,285.4715886936625,37.46469803797885,Ovingdean,All schools equal,Option Z (in force from 2026)
now,2,0,W_equal,2030,optionZ,218.75863901710372,36.65012067629212,Ovingdean,All schools equal,Option Z (in force from 2026)
now,2,0,W_equal,2035,optionZ,191.89392235663553,36.29223291440844,Ovingdean,All schools equal,Option Z (in force from 2026)
now,2,0,W_pan,2026,optionZ,279.4183182106884,37.39654152732295,Ovingdean,Proportional to PAN,Option Z (in force from 2026)
now,2,0,W_pan,2030,optionZ,218.44808531746745,36.537758281970675,Ovingdean,Proportional to PAN,Option Z (in force from 2026)
now,2,0,W_pan,2035,optionZ,198.77580688025452,36.3558165599087,Ovingdean,Proportional to PAN,Option Z (in force from 2026)
now,2,0,W_prefs,2026,optionZ,167.46781657375837,34.10379648634439,Ovingdean,Published first preferences,Option Z (in force from 2026)
now,2,0,W_prefs,2030,optionZ,132.9314729081781,33.53110384523625,Ovingdean,Published first preferences,Option Z (in force from 2026)
now,2,0,W_prefs,2035,optionZ,118.49724476019242,33.212750516840636,Ovingdean,Published first preferences,Option Z (in force from 2026)
now,2,0,W_att8,2026,optionZ,155.98804655084055,33.65083039010535,Ovingdean,Attainment 8,Option Z (in force from 2026)
now,2,0,W_att8,2030,optionZ,103.86501130411654,32.14584410118852,Ovingdean,Attainment 8,Option Z (in force from 2026)
now,2,0,W_att8,2035,optionZ,91.76457734545443,31.843239489536433,Ovingdean,Attainment 8,Option Z (in force from 2026)
now,2,0.8,W_equal,2026,optionZ,312.45514691033,34.16026039071683,Ovingdean,All schools equal,Option Z (in force from 2026)
now,2,0.8,W_equal,2030,optionZ,233.4458026800171,32.62166082549905,Ovingdean,All schools equal,Option Z (in force from 2026)
now,2,0.8,W_equal,2035,optionZ,206.3915928495518,32.20582058186269,Ovingdean,All schools equal,Option Z (in force from 2026)
now,2,0.8,W_pan,2026,optionZ,310.9509034400657,34.178364468230576,Ovingdean,Proportional to PAN,Option Z (in force from 2026)
now,2,0.8,W_pan,2030,optionZ,232.77378153855472,32.58196269585377,Ovingdean,Proportional to PAN,Option Z (in force from 2026)
now,2,0.8,W_pan,2035,optionZ,210.84568230279476,32.288020464964745,Ovingdean,Proportional to PAN,Option Z (in force from 2026)
now,2,0.8,W_prefs,2026,optionZ,209.065179900875,30.752939212409057,Ovingdean,Published first preferences,Option Z (in force from 2026)
now,2,0.8,W_prefs,2030,optionZ,156.7416691425999,29.584220092040074,Ovingdean,Published first preferences,Option Z (in force from 2026)
now,2,0.8,W_prefs,2035,optionZ,140.97232486119646,29.30056443540723,Ovingdean,Published first preferences,Option Z (in force from 2026)
now,2,0.8,W_att8,2026,optionZ,192.74834578636398,30.15283126003494,Ovingdean,Attainment 8,Option Z (in force from 2026)
now,2,0.8,W_att8,2030,optionZ,129.78339346322548,28.440450215095293,Ovingdean,Attainment 8,Option Z (in force from 2026)
now,2,0.8,W_att8,2035,optionZ,113.62016324059128,28.054264539097293,Ovingdean,Attainment 8,Option Z (in force from 2026)
now,2,1.6,W_equal,2026,optionZ,339.22476269827985,32.343291723896115,Ovingdean,All schools equal,Option Z (in force from 2026)
now,2,1.6,W_equal,2030,optionZ,248.16054400037135,29.984424572248493,Ovingdean,All schools equal,Option Z (in force from 2026)
now,2,1.6,W_equal,2035,optionZ,218.2120418277845,29.34921718034657,Ovingdean,All schools equal,Option Z (in force from 2026)
now,2,1.6,W_pan,2026,optionZ,335.5190688786922,32.27329176264538,Ovingdean,Proportional to PAN,Option Z (in force from 2026)
now,2,1.6,W_pan,2030,optionZ,250.056530825002,30.139202035855856,Ovingdean,Proportional to PAN,Option Z (in force from 2026)
now,2,1.6,W_pan,2035,optionZ,221.74569749723082,29.485353667736348,Ovingdean,Proportional to PAN,Option Z (in force from 2026)
now,2,1.6,W_prefs,2026,optionZ,254.2819007187509,29.052803262140003,Ovingdean,Published first preferences,Option Z (in force from 2026)
now,2,1.6,W_prefs,2030,optionZ,187.63271483688072,27.450761335854942,Ovingdean,Published first preferences,Option Z (in force from 2026)
now,2,1.6,W_prefs,2035,optionZ,167.56124338903447,27.056429338152437,Ovingdean,Published first preferences,Option Z (in force from 2026)
now,2,1.6,W_att8,2026,optionZ,233.05771735328756,28.25556806856215,Ovingdean,Attainment 8,Option Z (in force from 2026)
now,2,1.6,W_att8,2030,optionZ,165.01114615210744,26.607968385193924,Ovingdean,Attainment 8,Option Z (in force from 2026)
now,2,1.6,W_att8,2035,optionZ,143.14226044834797,26.11274965448059,Ovingdean,Attainment 8,Option Z (in force from 2026)
now,2,2.4,W_equal,2026,optionZ,352.49281898315496,31.497416536739085,Ovingdean,All schools equal,Option Z (in force from 2026)
now,2,2.4,W_equal,2030,optionZ,259.8620822628743,28.68174459349987,Ovingdean,All schools equal,Option Z (in force from 2026)
now,2,2.4,W_equal,2035,optionZ,227.21327419610978,27.75353765573316,Ovingdean,All schools equal,Option Z (in force from 2026)
now,2,2.4,W_pan,2026,optionZ,349.4061213394065,31.42282805538612,Ovingdean,Proportional to PAN,Option Z (in force from 2026)
now,2,2.4,W_pan,2030,optionZ,260.08606193734306,28.75935521468402,Ovingdean,Proportional to PAN,Option Z (in force from 2026)
now,2,2.4,W_pan,2035,optionZ,230.37032387347855,27.94033651250455,Ovingdean,Proportional to PAN,Option Z (in force from 2026)
now,2,2.4,W_prefs,2026,optionZ,287.87799144286936,28.411723647545745,Ovingdean,Published first preferences,Option Z (in force from 2026)
now,2,2.4,W_prefs,2030,optionZ,218.10328032121663,26.71737505216487,Ovingdean,Published first preferences,Option Z (in force from 2026)
now,2,2.4,W_prefs,2035,optionZ,193.88452803882979,26.214865359563376,Ovingdean,Published first preferences,Option Z (in force from 2026)
now,2,2.4,W_att8,2026,optionZ,270.5175137394528,27.65811719472414,Ovingdean,Attainment 8,Option Z (in force from 2026)
now,2,2.4,W_att8,2030,optionZ,200.29950961005719,26.075757516545327,Ovingdean,Attainment 8,Option Z (in force from 2026)
now,2,2.4,W_att8,2035,optionZ,175.37468264480572,25.58736683939944,Ovingdean,Attainment 8,Option Z (in force from 2026)
now,2.1,0,W_equal,2026,optionZ,287.74716254486975,36.66120700280553,Ovingdean,All schools equal,Option Z (in force from 2026)
now,2.1,0,W_equal,2030,optionZ,221.23690142505404,35.83215246904119,Ovingdean,All schools equal,Option Z (in force from 2026)
now,2.1,0,W_equal,2035,optionZ,194.06080163906944,35.46128855490181,Ovingdean,All schools equal,Option Z (in force from 2026)
now,2.1,0,W_pan,2026,optionZ,280.9886694845409,36.57395141524476,Ovingdean,Proportional to PAN,Option Z (in force from 2026)
now,2.1,0,W_pan,2030,optionZ,220.64629196019405,35.72290996066369,Ovingdean,Proportional to PAN,Option Z (in force from 2026)
now,2.1,0,W_pan,2035,optionZ,200.69401812945904,35.52621615585317,Ovingdean,Proportional to PAN,Option Z (in force from 2026)
now,2.1,0,W_prefs,2026,optionZ,170.63096062857306,33.26774820034759,Ovingdean,Published first preferences,Option Z (in force from 2026)
now,2.1,0,W_prefs,2030,optionZ,136.26733818634983,32.71819736458721,Ovingdean,Published first preferences,Option Z (in force from 2026)
now,2.1,0,W_prefs,2035,optionZ,121.48393515271943,32.393614596262914,Ovingdean,Published first preferences,Option Z (in force from 2026)
now,2.1,0,W_att8,2026,optionZ,158.80351915538623,32.79606130775548,Ovingdean,Attainment 8,Option Z (in force from 2026)
now,2.1,0,W_att8,2030,optionZ,107.00569508648573,31.334762022017767,Ovingdean,Attainment 8,Option Z (in force from 2026)
now,2.1,0,W_att8,2035,optionZ,94.76036600488959,31.032895300628308,Ovingdean,Attainment 8,Option Z (in force from 2026)
now,2.1,0.8,W_equal,2026,optionZ,312.88992370708,33.56846455685598,Ovingdean,All schools equal,Option Z (in force from 2026)
now,2.1,0.8,W_equal,2030,optionZ,236.11616726792,32.088780296845776,Ovingdean,All schools equal,Option Z (in force from 2026)
now,2.1,0.8,W_equal,2035,optionZ,208.71281424265595,31.66819368375707,Ovingdean,All schools equal,Option Z (in force from 2026)
now,2.1,0.8,W_pan,2026,optionZ,311.78254213114985,33.596128543885925,Ovingdean,Proportional to PAN,Option Z (in force from 2026)
now,2.1,0.8,W_pan,2030,optionZ,235.02228650586093,32.037508682300206,Ovingdean,Proportional to PAN,Option Z (in force from 2026)
now,2.1,0.8,W_pan,2035,optionZ,212.9585188365868,31.74544801343558,Ovingdean,Proportional to PAN,Option Z (in force from 2026)
now,2.1,0.8,W_prefs,2026,optionZ,212.61883094608967,30.236146116518096,Ovingdean,Published first preferences,Option Z (in force from 2026)
now,2.1,0.8,W_prefs,2030,optionZ,160.60918371605186,29.106529468056824,Ovingdean,Published first preferences,Option Z (in force from 2026)
now,2.1,0.8,W_prefs,2035,optionZ,144.50378833430858,28.825386224596958,Ovingdean,Published first preferences,Option Z (in force from 2026)
now,2.1,0.8,W_att8,2026,optionZ,195.7286143133487,29.61515630166553,Ovingdean,Attainment 8,Option Z (in force from 2026)
now,2.1,0.8,W_att8,2030,optionZ,133.2881079638734,27.962695020367434,Ovingdean,Attainment 8,Option Z (in force from 2026)
now,2.1,0.8,W_att8,2035,optionZ,117.3737436496641,27.607869540521527,Ovingdean,Attainment 8,Option Z (in force from 2026)
now,2.1,1.6,W_equal,2026,optionZ,338.3850561353417,31.922598633344908,Ovingdean,All schools equal,Option Z (in force from 2026)
now,2.1,1.6,W_equal,2030,optionZ,250.03777225661378,29.675838698301487,Ovingdean,All schools equal,Option Z (in force from 2026)
now,2.1,1.6,W_equal,2035,optionZ,220.0251463679902,29.053079963109,Ovingdean,All schools equal,Option Z (in force from 2026)
now,2.1,1.6,W_pan,2026,optionZ,334.6340134479523,31.850163365358135,Ovingdean,Proportional to PAN,Option Z (in force from 2026)
now,2.1,1.6,W_pan,2030,optionZ,251.72061070633873,29.81925816802985,Ovingdean,Proportional to PAN,Option Z (in force from 2026)
now,2.1,1.6,W_pan,2035,optionZ,223.18515007446305,29.166514989884696,Ovingdean,Proportional to PAN,Option Z (in force from 2026)
now,2.1,1.6,W_prefs,2026,optionZ,256.6067091964324,28.749412824071175,Ovingdean,Published first preferences,Option Z (in force from 2026)
now,2.1,1.6,W_prefs,2030,optionZ,191.28862707011072,27.22609825331432,Ovingdean,Published first preferences,Option Z (in force from 2026)
now,2.1,1.6,W_prefs,2035,optionZ,170.7818564045594,26.83510277594262,Ovingdean,Published first preferences,Option Z (in force from 2026)
now,2.1,1.6,W_att8,2026,optionZ,236.4392995077404,27.991204311431645,Ovingdean,Attainment 8,Option Z (in force from 2026)
now,2.1,1.6,W_att8,2030,optionZ,168.56033207228145,26.386132371142683,Ovingdean,Attainment 8,Option Z (in force from 2026)
now,2.1,1.6,W_att8,2035,optionZ,146.7067339686293,25.909010246397806,Ovingdean,Attainment 8,Option Z (in force from 2026)
now,2.1,2.4,W_equal,2026,optionZ,350.6824512687587,31.159532200104834,Ovingdean,All schools equal,Option Z (in force from 2026)
now,2.1,2.4,W_equal,2030,optionZ,260.760776173462,28.49530152782377,Ovingdean,All schools equal,Option Z (in force from 2026)
now,2.1,2.4,W_equal,2035,optionZ,228.22115123745215,27.594710414565423,Ovingdean,All schools equal,Option Z (in force from 2026)
now,2.1,2.4,W_pan,2026,optionZ,347.56421083055625,31.083626526651567,Ovingdean,Proportional to PAN,Option Z (in force from 2026)
now,2.1,2.4,W_pan,2030,optionZ,260.83253006675017,28.56324818595867,Ovingdean,Proportional to PAN,Option Z (in force from 2026)
now,2.1,2.4,W_pan,2035,optionZ,231.11077549169872,27.761959723613845,Ovingdean,Proportional to PAN,Option Z (in force from 2026)
now,2.1,2.4,W_prefs,2026,optionZ,288.6895267326621,28.2119082740562,Ovingdean,Published first preferences,Option Z (in force from 2026)
now,2.1,2.4,W_prefs,2030,optionZ,220.49861614260897,26.608561303348548,Ovingdean,Published first preferences,Option Z (in force from 2026)
now,2.1,2.4,W_prefs,2035,optionZ,196.03203279346482,26.11353426705528,Ovingdean,Published first preferences,Option Z (in force from 2026)
now,2.1,2.4,W_att8,2026,optionZ,272.34987357453184,27.50245701966469,Ovingdean,Attainment 8,Option Z (in force from 2026)
now,2.1,2.4,W_att8,2030,optionZ,202.6220346145113,25.966152065521868,Ovingdean,Attainment 8,Option Z (in force from 2026)
now,2.1,2.4,W_att8,2035,optionZ,178.10076937947443,25.503571127671496,Ovingdean,Attainment 8,Option Z (in force from 2026)
now,2.2,0,W_equal,2026,optionZ,290.20660979137057,35.91963600430678,Ovingdean,All schools equal,Option Z (in force from 2026)
now,2.2,0,W_equal,2030,optionZ,223.90162514602534,35.08077694568856,Ovingdean,All schools equal,Option Z (in force from 2026)
now,2.2,0,W_equal,2035,optionZ,196.38489070001992,34.698481704443104,Ovingdean,All schools equal,Option Z (in force from 2026)
now,2.2,0,W_pan,2026,optionZ,282.8466071672052,35.815907089333365,Ovingdean,Proportional to PAN,Option Z (in force from 2026)
now,2.2,0,W_pan,2030,optionZ,223.00623623159424,34.97328684321045,Ovingdean,Proportional to PAN,Option Z (in force from 2026)
now,2.2,0,W_pan,2035,optionZ,202.7829463489425,34.76404945322677,Ovingdean,Proportional to PAN,Option Z (in force from 2026)
now,2.2,0,W_prefs,2026,optionZ,174.47245157968968,32.52508429612318,Ovingdean,Published first preferences,Option Z (in force from 2026)
now,2.2,0,W_prefs,2030,optionZ,139.75702068042415,31.98479555041479,Ovingdean,Published first preferences,Option Z (in force from 2026)
now,2.2,0,W_prefs,2035,optionZ,124.69673683298619,31.66247279965659,Ovingdean,Published first preferences,Option Z (in force from 2026)
now,2.2,0,W_att8,2026,optionZ,161.7631393637718,32.021733585167134,Ovingdean,Attainment 8,Option Z (in force from 2026)
now,2.2,0,W_att8,2030,optionZ,110.28073507031418,30.610849656581923,Ovingdean,Attainment 8,Option Z (in force from 2026)
now,2.2,0,W_att8,2035,optionZ,97.89905758520943,30.31344614845851,Ovingdean,Attainment 8,Option Z (in force from 2026)
now,2.2,0.8,W_equal,2026,optionZ,313.3580821460031,33.02497295693334,Ovingdean,All schools equal,Option Z (in force from 2026)
now,2.2,0.8,W_equal,2030,optionZ,238.81658187395297,31.60868058649746,Ovingdean,All schools equal,Option Z (in force from 2026)
now,2.2,0.8,W_equal,2035,optionZ,211.07360251111476,31.18470705487505,Ovingdean,All schools equal,Option Z (in force from 2026)
now,2.2,0.8,W_pan,2026,optionZ,312.65006396896945,33.062457821451666,Ovingdean,Proportional to PAN,Option Z (in force from 2026)
now,2.2,0.8,W_pan,2030,optionZ,237.55343352776336,31.553166723343438,Ovingdean,Proportional to PAN,Option Z (in force from 2026)
now,2.2,0.8,W_pan,2035,optionZ,215.12069591800906,31.256815444687753,Ovingdean,Proportional to PAN,Option Z (in force from 2026)
now,2.2,0.8,W_prefs,2026,optionZ,216.14485109265541,29.77455430518915,Ovingdean,Published first preferences,Option Z (in force from 2026)
now,2.2,0.8,W_prefs,2030,optionZ,164.50193417783635,28.685740163253318,Ovingdean,Published first preferences,Option Z (in force from 2026)
now,2.2,0.8,W_prefs,2035,optionZ,148.10628203841398,28.41069084722199,Ovingdean,Published first preferences,Option Z (in force from 2026)
now,2.2,0.8,W_att8,2026,optionZ,198.72945363857255,29.13561841835387,Ovingdean,Attainment 8,Option Z (in force from 2026)
now,2.2,0.8,W_att8,2030,optionZ,136.81809997047856,27.54342916989857,Ovingdean,Attainment 8,Option Z (in force from 2026)
now,2.2,0.8,W_att8,2035,optionZ,121.1790585860958,27.22099506230225,Ovingdean,Attainment 8,Option Z (in force from 2026)
now,2.2,1.6,W_equal,2026,optionZ,337.5831837682428,31.53452418431484,Ovingdean,All schools equal,Option Z (in force from 2026)
now,2.2,1.6,W_equal,2030,optionZ,251.8723854211816,29.398349193565423,Ovingdean,All schools equal,Option Z (in force from 2026)
now,2.2,1.6,W_equal,2035,optionZ,221.81726921399522,28.78984222901507,Ovingdean,All schools equal,Option Z (in force from 2026)
now,2.2,1.6,W_pan,2026,optionZ,333.8049015313991,31.46029376827235,Ovingdean,Proportional to PAN,Option Z (in force from 2026)
now,2.2,1.6,W_pan,2030,optionZ,253.35642778667253,29.531013649036844,Ovingdean,Proportional to PAN,Option Z (in force from 2026)
now,2.2,1.6,W_pan,2035,optionZ,224.62261461927073,28.88178893667758,Ovingdean,Proportional to PAN,Option Z (in force from 2026)
now,2.2,1.6,W_prefs,2026,optionZ,258.8356493239338,28.4781599190721,Ovingdean,Published first preferences,Option Z (in force from 2026)
now,2.2,1.6,W_prefs,2030,optionZ,194.8423828680078,27.03120303648666,Ovingdean,Published first preferences,Option Z (in force from 2026)
now,2.2,1.6,W_prefs,2035,optionZ,173.92677985028476,26.64412104523216,Ovingdean,Published first preferences,Option Z (in force from 2026)
now,2.2,1.6,W_att8,2026,optionZ,239.69587579059376,27.75810406469693,Ovingdean,Attainment 8,Option Z (in force from 2026)
now,2.2,1.6,W_att8,2030,optionZ,172.00426735330456,26.193650925883706,Ovingdean,Attainment 8,Option Z (in force from 2026)
now,2.2,1.6,W_att8,2035,optionZ,150.20451915125852,25.735509971746414,Ovingdean,Attainment 8,Option Z (in force from 2026)
now,2.2,2.4,W_equal,2026,optionZ,348.96758520850153,30.845115439376723,Ovingdean,All schools equal,Option Z (in force from 2026)
now,2.2,2.4,W_equal,2030,optionZ,261.6322390984955,28.325370872988618,Ovingdean,All schools equal,Option Z (in force from 2026)
now,2.2,2.4,W_equal,2035,optionZ,229.1926651333667,27.452388847187116,Ovingdean,All schools equal,Option Z (in force from 2026)
now,2.2,2.4,W_pan,2026,optionZ,345.8317542559839,30.768414417219088,Ovingdean,Proportional to PAN,Option Z (in force from 2026)
now,2.2,2.4,W_pan,2030,optionZ,261.56363594888654,28.38451218449644,Ovingdean,Proportional to PAN,Option Z (in force from 2026)
now,2.2,2.4,W_pan,2035,optionZ,231.8426002527101,27.602359320362993,Ovingdean,Proportional to PAN,Option Z (in force from 2026)
now,2.2,2.4,W_prefs,2026,optionZ,289.45651370514145,28.03106342444879,Ovingdean,Published first preferences,Option Z (in force from 2026)
now,2.2,2.4,W_prefs,2030,optionZ,222.7805513702055,26.513626658709374,Ovingdean,Published first preferences,Option Z (in force from 2026)
now,2.2,2.4,W_prefs,2035,optionZ,198.08411504654813,26.026444792950674,Ovingdean,Published first preferences,Option Z (in force from 2026)
now,2.2,2.4,W_att8,2026,optionZ,274.08900463961356,27.36381581111322,Ovingdean,Attainment 8,Option Z (in force from 2026)
now,2.2,2.4,W_att8,2030,optionZ,204.81957419584,25.870186914432683,Ovingdean,Attainment 8,Option Z (in force from 2026)
now,2.2,2.4,W_att8,2035,optionZ,180.70959732726547,25.43320545796647,Ovingdean,Attainment 8,Option Z (in force from 2026)
now,2.3,0,W_equal,2026,optionZ,292.8199547335777,35.237253031807796,Ovingdean,All schools equal,Option Z (in force from 2026)
now,2.3,0,W_equal,2030,optionZ,226.7229260819821,34.39270965536088,Ovingdean,All schools equal,Option Z (in force from 2026)
now,2.3,0,W_equal,2035,optionZ,198.84340063022486,34.00040933650163,Ovingdean,All schools equal,Option Z (in force from 2026)
now,2.3,0,W_pan,2026,optionZ,285.4164068343055,35.130427154968146,Ovingdean,Proportional to PAN,Option Z (in force from 2026)
now,2.3,0,W_pan,2030,optionZ,225.50262259725307,34.28563307147128,Ovingdean,Proportional to PAN,Option Z (in force from 2026)
now,2.3,0,W_pan,2035,optionZ,205.03000564146222,34.066590389130674,Ovingdean,Proportional to PAN,Option Z (in force from 2026)
now,2.3,0,W_prefs,2026,optionZ,178.6602676467002,31.861185840377885,Ovingdean,Published first preferences,Option Z (in force from 2026)
now,2.3,0,W_prefs,2030,optionZ,143.38526365959493,31.324743128832434,Ovingdean,Published first preferences,Option Z (in force from 2026)
now,2.3,0,W_prefs,2035,optionZ,128.05753822036758,31.007688540579085,Ovingdean,Published first preferences,Option Z (in force from 2026)
now,2.3,0,W_att8,2026,optionZ,164.8499471231198,31.322082478717405,Ovingdean,Attainment 8,Option Z (in force from 2026)
now,2.3,0,W_att8,2030,optionZ,113.68177741689556,29.965792590666787,Ovingdean,Attainment 8,Option Z (in force from 2026)
now,2.3,0,W_att8,2035,optionZ,101.17433934803923,29.675877645686967,Ovingdean,Attainment 8,Option Z (in force from 2026)
now,2.3,0.8,W_equal,2026,optionZ,315.0779922915463,32.5589760780838,Ovingdean,All schools equal,Option Z (in force from 2026)
now,2.3,0.8,W_equal,2030,optionZ,241.53051887530847,31.176716054680288,Ovingdean,All schools equal,Option Z (in force from 2026)
now,2.3,0.8,W_equal,2035,optionZ,213.45933385124442,30.75060117478444,Ovingdean,All schools equal,Option Z (in force from 2026)
now,2.3,0.8,W_pan,2026,optionZ,313.5483409215321,32.57399769600176,Ovingdean,Proportional to PAN,Option Z (in force from 2026)
now,2.3,0.8,W_pan,2030,optionZ,240.0914522181035,31.11638758898674,Ovingdean,Proportional to PAN,Option Z (in force from 2026)
now,2.3,0.8,W_pan,2035,optionZ,217.31693088575966,30.81744890275113,Ovingdean,Proportional to PAN,Option Z (in force from 2026)
now,2.3,0.8,W_prefs,2026,optionZ,219.62953375370967,29.36269534503452,Ovingdean,Published first preferences,Option Z (in force from 2026)
now,2.3,0.8,W_prefs,2030,optionZ,168.40222758493468,28.315698896458194,Ovingdean,Published first preferences,Option Z (in force from 2026)
now,2.3,0.8,W_prefs,2035,optionZ,151.74618796908285,28.048814357995177,Ovingdean,Published first preferences,Option Z (in force from 2026)
now,2.3,0.8,W_att8,2026,optionZ,201.7386455526614,28.708520194612053,Ovingdean,Attainment 8,Option Z (in force from 2026)
now,2.3,0.8,W_att8,2030,optionZ,140.35988144985194,27.175848172466793,Ovingdean,Attainment 8,Option Z (in force from 2026)
now,2.3,0.8,W_att8,2035,optionZ,125.02061076389367,26.88626847247145,Ovingdean,Attainment 8,Option Z (in force from 2026)
now,2.3,1.6,W_equal,2026,optionZ,336.8244546394583,31.176892507779957,Ovingdean,All schools equal,Option Z (in force from 2026)
now,2.3,1.6,W_equal,2030,optionZ,253.6655259497287,29.148926543224366,Ovingdean,All schools equal,Option Z (in force from 2026)
now,2.3,1.6,W_equal,2035,optionZ,223.58470587760402,28.556009870468763,Ovingdean,All schools equal,Option Z (in force from 2026)
now,2.3,1.6,W_pan,2026,optionZ,333.2289597261226,31.108003624140856,Ovingdean,Proportional to PAN,Option Z (in force from 2026)
now,2.3,1.6,W_pan,2030,optionZ,254.96430452119066,29.27145380022367,Ovingdean,Proportional to PAN,Option Z (in force from 2026)
now,2.3,1.6,W_pan,2035,optionZ,226.0545401403071,28.627779143728763,Ovingdean,Proportional to PAN,Option Z (in force from 2026)
now,2.3,1.6,W_prefs,2026,optionZ,260.9714701265185,28.235624614242482,Ovingdean,Published first preferences,Option Z (in force from 2026)
now,2.3,1.6,W_prefs,2030,optionZ,198.2911096159088,26.86240942882711,Ovingdean,Published first preferences,Option Z (in force from 2026)
now,2.3,1.6,W_prefs,2035,optionZ,176.99046567623006,26.479647585640766,Ovingdean,Published first preferences,Option Z (in force from 2026)
now,2.3,1.6,W_att8,2026,optionZ,242.82840773439912,27.55263089288121,Ovingdean,Attainment 8,Option Z (in force from 2026)
now,2.3,1.6,W_att8,2030,optionZ,175.33955334293356,26.026715833719468,Ovingdean,Attainment 8,Option Z (in force from 2026)
now,2.3,1.6,W_att8,2035,optionZ,153.72558730949916,25.593199843915222,Ovingdean,Attainment 8,Option Z (in force from 2026)
now,2.3,2.4,W_equal,2026,optionZ,347.3498101735926,30.552969363219074,Ovingdean,All schools equal,Option Z (in force from 2026)
now,2.3,2.4,W_equal,2030,optionZ,262.4818774422816,28.170554901967446,Ovingdean,All schools equal,Option Z (in force from 2026)
now,2.3,2.4,W_equal,2035,optionZ,230.13170716618177,27.32495373925597,Ovingdean,All schools equal,Option Z (in force from 2026)
now,2.3,2.4,W_pan,2026,optionZ,344.2082856905866,30.475903400158984,Ovingdean,Proportional to PAN,Option Z (in force from 2026)
now,2.3,2.4,W_pan,2030,optionZ,262.28365490134274,28.221680710559763,Ovingdean,Proportional to PAN,Option Z (in force from 2026)
now,2.3,2.4,W_pan,2035,optionZ,232.5666528517809,27.45966794430521,Ovingdean,Proportional to PAN,Option Z (in force from 2026)
now,2.3,2.4,W_prefs,2026,optionZ,290.1840094353475,27.867329866273884,Ovingdean,Published first preferences,Option Z (in force from 2026)
now,2.3,2.4,W_prefs,2030,optionZ,224.95696153192722,26.43094812633389,Ovingdean,Published first preferences,Option Z (in force from 2026)
now,2.3,2.4,W_prefs,2035,optionZ,200.04503176395164,25.95182637979078,Ovingdean,Published first preferences,Option Z (in force from 2026)
now,2.3,2.4,W_att8,2026,optionZ,275.7424163078212,27.24031103047963,Ovingdean,Attainment 8,Option Z (in force from 2026)
now,2.3,2.4,W_att8,2030,optionZ,206.89992169658643,25.786171211806554,Ovingdean,Attainment 8,Option Z (in force from 2026)
now,2.3,2.4,W_att8,2035,optionZ,183.20428192623615,25.3744761443992,Ovingdean,Attainment 8,Option Z (in force from 2026)
now,2.4,0,W_equal,2026,optionZ,295.55912988956,34.61100284079665,Ovingdean,All schools equal,Option Z (in force from 2026)
now,2.4,0,W_equal,2030,optionZ,229.6718377817989,33.76434496747852,Ovingdean,All schools equal,Option Z (in force from 2026)
now,2.4,0,W_equal,2035,optionZ,201.4137104915422,33.36335186512024,Ovingdean,All schools equal,Option Z (in force from 2026)
now,2.4,0,W_pan,2026,optionZ,288.0790273341434,34.50076114946313,Ovingdean,Proportional to PAN,Option Z (in force from 2026)
now,2.4,0,W_pan,2030,optionZ,228.11105847772063,33.656427077179806,Ovingdean,Proportional to PAN,Option Z (in force from 2026)
now,2.4,0,W_pan,2035,optionZ,207.46166999767257,33.43283761685896,Ovingdean,Proportional to PAN,Option Z (in force from 2026)
now,2.4,0,W_prefs,2026,optionZ,183.31282766772966,31.274316767429436,Ovingdean,Published first preferences,Option Z (in force from 2026)
now,2.4,0,W_prefs,2030,optionZ,147.13482087646042,30.732053594600668,Ovingdean,Published first preferences,Option Z (in force from 2026)
now,2.4,0,W_prefs,2035,optionZ,131.53095202307574,30.421349537078957,Ovingdean,Published first preferences,Option Z (in force from 2026)
now,2.4,0,W_att8,2026,optionZ,168.04784561549494,30.691388948000288,Ovingdean,Attainment 8,Option Z (in force from 2026)
now,2.4,0,W_att8,2030,optionZ,117.19863668746542,29.391820814227806,Ovingdean,Attainment 8,Option Z (in force from 2026)
now,2.4,0,W_att8,2035,optionZ,104.57793306486442,29.11180154991145,Ovingdean,Attainment 8,Option Z (in force from 2026)
now,2.4,0.8,W_equal,2026,optionZ,317.20654421721514,32.14501457102007,Ovingdean,All schools equal,Option Z (in force from 2026)
now,2.4,0.8,W_equal,2030,optionZ,244.24371139774067,30.788505020989984,Ovingdean,All schools equal,Option Z (in force from 2026)
now,2.4,0.8,W_equal,2035,optionZ,215.8572266528756,30.361384809183395,Ovingdean,All schools equal,Option Z (in force from 2026)
now,2.4,0.8,W_pan,2026,optionZ,315.02061648551836,32.14324330873061,Ovingdean,Proportional to PAN,Option Z (in force from 2026)
now,2.4,0.8,W_pan,2030,optionZ,242.62520953201926,30.722974068291954,Ovingdean,Proportional to PAN,Option Z (in force from 2026)
now,2.4,0.8,W_pan,2035,optionZ,219.53396139094338,30.42293806756087,Ovingdean,Proportional to PAN,Option Z (in force from 2026)
now,2.4,0.8,W_prefs,2026,optionZ,223.0881748459942,28.996379147256544,Ovingdean,Published first preferences,Option Z (in force from 2026)
now,2.4,0.8,W_prefs,2030,optionZ,172.29351883107083,27.99083728467616,Ovingdean,Published first preferences,Option Z (in force from 2026)
now,2.4,0.8,W_prefs,2035,optionZ,155.3785227357055,27.732019236114603,Ovingdean,Published first preferences,Option Z (in force from 2026)
now,2.4,0.8,W_att8,2026,optionZ,204.74579811366564,28.328618467069898,Ovingdean,Attainment 8,Option Z (in force from 2026)
now,2.4,0.8,W_att8,2030,optionZ,143.9008427273307,26.853918634115203,Ovingdean,Attainment 8,Option Z (in force from 2026)
now,2.4,0.8,W_att8,2035,optionZ,128.88269655613271,26.597207480161124,Ovingdean,Attainment 8,Option Z (in force from 2026)
now,2.4,1.6,W_equal,2026,optionZ,336.11116377413197,30.847543394944143,Ovingdean,All schools equal,Option Z (in force from 2026)
now,2.4,1.6,W_equal,2030,optionZ,255.4183820908324,28.924821864822025,Ovingdean,All schools equal,Option Z (in force from 2026)
now,2.4,1.6,W_equal,2035,optionZ,225.32489473322934,28.348458782844816,Ovingdean,All schools equal,Option Z (in force from 2026)
now,2.4,1.6,W_pan,2026,optionZ,332.9982352607749,30.794036190942,Ovingdean,Proportional to PAN,Option Z (in force from 2026)
now,2.4,1.6,W_pan,2030,optionZ,256.5446015212603,29.03782943485234,Ovingdean,Proportional to PAN,Option Z (in force from 2026)
now,2.4,1.6,W_pan,2035,optionZ,227.47818400388098,28.401409015472225,Ovingdean,Proportional to PAN,Option Z (in force from 2026)
now,2.4,1.6,W_prefs,2026,optionZ,263.0173647553134,28.018740182692827,Ovingdean,Published first preferences,Option Z (in force from 2026)
now,2.4,1.6,W_prefs,2030,optionZ,201.63336925162184,26.71652227681219,Ovingdean,Published first preferences,Option Z (in force from 2026)
now,2.4,1.6,W_prefs,2035,optionZ,179.96878250194644,26.3383451703175,Ovingdean,Published first preferences,Option Z (in force from 2026)
now,2.4,1.6,W_att8,2026,optionZ,245.8388323124324,27.37157419197552,Ovingdean,Attainment 8,Option Z (in force from 2026)
now,2.4,1.6,W_att8,2030,optionZ,178.5644163032342,25.88205502677324,Ovingdean,Attainment 8,Option Z (in force from 2026)
now,2.4,1.6,W_att8,2035,optionZ,157.22582364289931,25.476393371003798,Ovingdean,Attainment 8,Option Z (in force from 2026)
now,2.4,2.4,W_equal,2026,optionZ,345.8279269495497,30.281817146228448,Ovingdean,All schools equal,Option Z (in force from 2026)
now,2.4,2.4,W_equal,2030,optionZ,263.3146463244475,28.02961075495068,Ovingdean,All schools equal,Option Z (in force from 2026)
now,2.4,2.4,W_equal,2035,optionZ,231.04203657694345,27.21097471532302,Ovingdean,All schools equal,Option Z (in force from 2026)
now,2.4,2.4,W_pan,2026,optionZ,342.69134760975015,30.20475905576612,Ovingdean,Proportional to PAN,Option Z (in force from 2026)
now,2.4,2.4,W_pan,2030,optionZ,262.99633884951754,28.073433330252644,Ovingdean,Proportional to PAN,Option Z (in force from 2026)
now,2.4,2.4,W_pan,2035,optionZ,233.28385813665696,27.33221633848902,Ovingdean,Proportional to PAN,Option Z (in force from 2026)
now,2.4,2.4,W_prefs,2026,optionZ,290.87657946037376,27.7190362311724,Ovingdean,Published first preferences,Option Z (in force from 2026)
now,2.4,2.4,W_prefs,2030,optionZ,227.0356066535856,26.359114933163657,Ovingdean,Published first preferences,Option Z (in force from 2026)
now,2.4,2.4,W_prefs,2035,optionZ,201.91926009645576,25.888146699150752,Ovingdean,Published first preferences,Option Z (in force from 2026)
now,2.4,2.4,W_att8,2026,optionZ,277.3164587872739,27.1302563116408,Ovingdean,Attainment 8,Option Z (in force from 2026)
now,2.4,2.4,W_att8,2030,optionZ,208.87072897481067,25.712641393432033,Ovingdean,Attainment 8,Option Z (in force from 2026)
now,2.4,2.4,W_att8,2035,optionZ,185.5885879371281,25.325853234897366,Ovingdean,Attainment 8,Option Z (in force from 2026)
now,2.5,0,W_equal,2026,optionZ,298.39783797540144,34.037612193885586,Ovingdean,All schools equal,Option Z (in force from 2026)
now,2.5,0,W_equal,2030,optionZ,232.72086804822294,33.19188769214561,Ovingdean,All schools equal,Option Z (in force from 2026)
now,2.5,0,W_equal,2035,optionZ,204.0741860796113,32.783421971643854,Ovingdean,All schools equal,Option Z (in force from 2026)
now,2.5,0,W_pan,2026,optionZ,290.81171175309754,33.923612723942924,Ovingdean,Proportional to PAN,Option Z (in force from 2026)
now,2.5,0,W_pan,2030,optionZ,230.81353652458526,33.082106666833674,Ovingdean,Proportional to PAN,Option Z (in force from 2026)
now,2.5,0,W_pan,2035,optionZ,209.98745317805088,32.855428387051894,Ovingdean,Proportional to PAN,Option Z (in force from 2026)
now,2.5,0,W_prefs,2026,optionZ,188.07029458602253,30.74884335272963,Ovingdean,Published first preferences,Option Z (in force from 2026)
now,2.5,0,W_prefs,2030,optionZ,150.98727278235225,30.20101114729515,Ovingdean,Published first preferences,Option Z (in force from 2026)
now,2.5,0,W_prefs,2035,optionZ,135.1007395919962,29.897426021253846,Ovingdean,Published first preferences,Option Z (in force from 2026)
now,2.5,0,W_att8,2026,optionZ,171.33960980597368,30.124024837672465,Ovingdean,Attainment 8,Option Z (in force from 2026)
now,2.5,0,W_att8,2030,optionZ,120.81871196991442,28.88176807714306,Ovingdean,Attainment 8,Option Z (in force from 2026)
now,2.5,0,W_att8,2035,optionZ,108.09948690536037,28.61355498315264,Ovingdean,Attainment 8,Option Z (in force from 2026)
now,2.5,0.8,W_equal,2026,optionZ,319.3481772822711,31.769419537658965,Ovingdean,All schools equal,Option Z (in force from 2026)
now,2.5,0.8,W_equal,2030,optionZ,246.9440595185287,30.439957704096894,Ovingdean,All schools equal,Option Z (in force from 2026)
now,2.5,0.8,W_equal,2035,optionZ,218.2562977517673,30.01286333602812,Ovingdean,All schools equal,Option Z (in force from 2026)
now,2.5,0.8,W_pan,2026,optionZ,316.7519694392718,31.75788279788252,Ovingdean,Proportional to PAN,Option Z (in force from 2026)
now,2.5,0.8,W_pan,2030,optionZ,245.14577145200212,30.369021238059805,Ovingdean,Proportional to PAN,Option Z (in force from 2026)
now,2.5,0.8,W_pan,2035,optionZ,221.7602642956957,30.06915105682908,Ovingdean,Proportional to PAN,Option Z (in force from 2026)
now,2.5,0.8,W_prefs,2026,optionZ,226.71976146071404,28.67747423002235,Ovingdean,Published first preferences,Option Z (in force from 2026)
now,2.5,0.8,W_prefs,2030,optionZ,176.16087973293105,27.706154221708335,Ovingdean,Published first preferences,Option Z (in force from 2026)
now,2.5,0.8,W_prefs,2035,optionZ,158.98923348697846,27.4552021665637,Ovingdean,Published first preferences,Option Z (in force from 2026)
now,2.5,0.8,W_att8,2026,optionZ,208.19045605547797,28.00738292745527,Ovingdean,Attainment 8,Option Z (in force from 2026)
now,2.5,0.8,W_att8,2030,optionZ,147.42867743535118,26.572278207532555,Ovingdean,Attainment 8,Option Z (in force from 2026)
now,2.5,0.8,W_att8,2035,optionZ,132.7499017157823,26.348135782635378,Ovingdean,Attainment 8,Option Z (in force from 2026)
now,2.5,1.6,W_equal,2026,optionZ,335.44427201361844,30.544398731705627,Ovingdean,All schools equal,Option Z (in force from 2026)
now,2.5,1.6,W_equal,2030,optionZ,257.13258068079114,28.723566733404382,Ovingdean,All schools equal,Option Z (in force from 2026)
now,2.5,1.6,W_equal,2035,optionZ,227.0361331713784,28.164393332179216,Ovingdean,All schools equal,Option Z (in force from 2026)
now,2.5,1.6,W_pan,2026,optionZ,332.80978236511874,30.505936448911626,Ovingdean,Proportional to PAN,Option Z (in force from 2026)
now,2.5,1.6,W_pan,2030,optionZ,258.0980802196352,28.82765897018054,Ovingdean,Proportional to PAN,Option Z (in force from 2026)
now,2.5,1.6,W_pan,2035,optionZ,228.89148813686697,28.199898134822515,Ovingdean,Proportional to PAN,Option Z (in force from 2026)
now,2.5,1.6,W_prefs,2026,optionZ,264.97645011109563,27.82474966039452,Ovingdean,Published first preferences,Option Z (in force from 2026)
now,2.5,1.6,W_prefs,2030,optionZ,204.86892987749764,26.590753996735135,Ovingdean,Published first preferences,Option Z (in force from 2026)
now,2.5,1.6,W_prefs,2035,optionZ,182.86076431527147,26.217410722278593,Ovingdean,Published first preferences,Option Z (in force from 2026)
now,2.5,1.6,W_att8,2026,optionZ,248.72985789713493,27.212103085377226,Ovingdean,Attainment 8,Option Z (in force from 2026)
now,2.5,1.6,W_att8,2030,optionZ,181.67798009188832,25.75683316522476,Ovingdean,Attainment 8,Option Z (in force from 2026)
now,2.5,1.6,W_att8,2035,optionZ,160.63301405445412,25.37866213853986,Ovingdean,Attainment 8,Option Z (in force from 2026)
now,2.5,2.4,W_equal,2026,optionZ,344.4000471197779,30.03039830273248,Ovingdean,All schools equal,Option Z (in force from 2026)
now,2.5,2.4,W_equal,2030,optionZ,264.13464631125373,27.901404277922367,Ovingdean,All schools equal,Option Z (in force from 2026)
now,2.5,2.4,W_equal,2035,optionZ,231.92723966107377,27.109182957981076,Ovingdean,All schools equal,Option Z (in force from 2026)
now,2.5,2.4,W_pan,2026,optionZ,341.27769345996813,29.953659807641525,Ovingdean,Proportional to PAN,Option Z (in force from 2026)
now,2.5,2.4,W_pan,2030,optionZ,263.704747200076,27.93856494872545,Ovingdean,Proportional to PAN,Option Z (in force from 2026)
now,2.5,2.4,W_pan,2035,optionZ,233.9952737868792,27.21851879554414,Ovingdean,Proportional to PAN,Option Z (in force from 2026)
now,2.5,2.4,W_prefs,2026,optionZ,291.5377930726238,27.584661065154233,Ovingdean,Published first preferences,Option Z (in force from 2026)
now,2.5,2.4,W_prefs,2030,optionZ,229.02374583650075,26.296883902824835,Ovingdean,Published first preferences,Option Z (in force from 2026)
now,2.5,2.4,W_prefs,2035,optionZ,203.71147829363005,25.83408089076655,Ovingdean,Published first preferences,Option Z (in force from 2026)
now,2.5,2.4,W_att8,2026,optionZ,278.8171491513711,27.03217185322184,Ovingdean,Attainment 8,Option Z (in force from 2026)
now,2.5,2.4,W_att8,2030,optionZ,210.7391641447046,25.648317297727722,Ovingdean,Attainment 8,Option Z (in force from 2026)
now,2.5,2.4,W_att8,2035,optionZ,187.8665775704759,25.28601775452059,Ovingdean,Attainment 8,Option Z (in force from 2026)
now,2.6,0,W_equal,2026,optionZ,301.3118624453458,33.51369315888629,Ovingdean,All schools equal,Option Z (in force from 2026)
now,2.6,0,W_equal,2030,optionZ,235.84456805776233,32.67146806635852,Ovingdean,All schools equal,Option Z (in force from 2026)
now,2.6,0,W_equal,2035,optionZ,206.8047364428474,32.256683295044226,Ovingdean,All schools equal,Option Z (in force from 2026)
now,2.6,0,W_pan,2026,optionZ,293.5935997258739,33.39559034557196,Ovingdean,Proportional to PAN,Option Z (in force from 2026)
now,2.6,0,W_pan,2030,optionZ,233.6665586894563,32.56070404025424,Ovingdean,Proportional to PAN,Option Z (in force from 2026)
now,2.6,0,W_pan,2035,optionZ,212.586462694794,32.33046312353836,Ovingdean,Proportional to PAN,Option Z (in force from 2026)
now,2.6,0,W_prefs,2026,optionZ,192.90814033639694,30.279400808241824,Ovingdean,Published first preferences,Option Z (in force from 2026)
now,2.6,0,W_prefs,2030,optionZ,154.92366347694835,29.72621911124444,Ovingdean,Published first preferences,Option Z (in force from 2026)
now,2.6,0,W_prefs,2035,optionZ,138.7495885597349,29.430242126187835,Ovingdean,Published first preferences,Option Z (in force from 2026)
now,2.6,0,W_att8,2026,optionZ,174.70830790726419,29.614581464526836,Ovingdean,Attainment 8,Option Z (in force from 2026)
now,2.6,0,W_att8,2030,optionZ,124.52834364036245,28.429134014121935,Ovingdean,Attainment 8,Option Z (in force from 2026)
now,2.6,0,W_att8,2035,optionZ,111.7268684951288,28.174213558543375,Ovingdean,Attainment 8,Option Z (in force from 2026)
now,2.6,0.8,W_equal,2026,optionZ,321.49400446464784,31.428913330179924,Ovingdean,All schools equal,Option Z (in force from 2026)
now,2.6,0.8,W_equal,2030,optionZ,249.62157320192145,30.127291936729566,Ovingdean,All schools equal,Option Z (in force from 2026)
now,2.6,0.8,W_equal,2035,optionZ,220.64727036493738,29.701151918207866,Ovingdean,All schools equal,Option Z (in force from 2026)
now,2.6,0.8,W_pan,2026,optionZ,318.4775987019761,31.407281556008165,Ovingdean,Proportional to PAN,Option Z (in force from 2026)
now,2.6,0.8,W_pan,2030,optionZ,247.64516522334802,30.050877657084644,Ovingdean,Proportional to PAN,Option Z (in force from 2026)
now,2.6,0.8,W_pan,2035,optionZ,223.98624528958294,29.752266869570526,Ovingdean,Proportional to PAN,Option Z (in force from 2026)
now,2.6,0.8,W_prefs,2026,optionZ,230.27813486391787,28.39432944982002,Ovingdean,Published first preferences,Option Z (in force from 2026)
now,2.6,0.8,W_prefs,2030,optionZ,179.99087469510664,27.45716012246537,Ovingdean,Published first preferences,Option Z (in force from 2026)
now,2.6,0.8,W_prefs,2035,optionZ,162.56574365456999,27.213810959903245,Ovingdean,Published first preferences,Option Z (in force from 2026)
now,2.6,0.8,W_att8,2026,optionZ,212.31357045980502,27.74895182219138,Ovingdean,Attainment 8,Option Z (in force from 2026)
now,2.6,0.8,W_att8,2030,optionZ,151.1257947746767,26.335416115221925,Ovingdean,Attainment 8,Option Z (in force from 2026)
now,2.6,0.8,W_att8,2035,optionZ,136.60757556608,26.13409670728704,Ovingdean,Attainment 8,Option Z (in force from 2026)
now,2.6,1.6,W_equal,2026,optionZ,334.82451525427007,30.265505289365503,Ovingdean,All schools equal,Option Z (in force from 2026)
now,2.6,1.6,W_equal,2030,optionZ,258.80962493777616,28.542924594531325,Ovingdean,All schools equal,Option Z (in force from 2026)
now,2.6,1.6,W_equal,2035,optionZ,228.71734496654122,28.00130874409465,Ovingdean,All schools equal,Option Z (in force from 2026)
now,2.6,1.6,W_pan,2026,optionZ,332.6623470584059,30.241656195538404,Ovingdean,Proportional to PAN,Option Z (in force from 2026)
now,2.6,1.6,W_pan,2030,optionZ,259.625741573514,28.63870141251275,Ovingdean,Proportional to PAN,Option Z (in force from 2026)
now,2.6,1.6,W_pan,2035,optionZ,230.3323099162678,28.0234210563732,Ovingdean,Proportional to PAN,Option Z (in force from 2026)
now,2.6,1.6,W_prefs,2026,optionZ,266.8525381958025,27.651209552575665,Ovingdean,Published first preferences,Option Z (in force from 2026)
now,2.6,1.6,W_prefs,2030,optionZ,207.9985853229216,26.48267119078181,Ovingdean,Published first preferences,Option Z (in force from 2026)
now,2.6,1.6,W_prefs,2035,optionZ,185.69630682013462,26.116074235318532,Ovingdean,Published first preferences,Option Z (in force from 2026)
now,2.6,1.6,W_att8,2026,optionZ,251.50436685011604,27.071707982980204,Ovingdean,Attainment 8,Option Z (in force from 2026)
now,2.6,1.6,W_att8,2030,optionZ,184.6803119016091,25.64859554049394,Ovingdean,Attainment 8,Option Z (in force from 2026)
now,2.6,1.6,W_att8,2035,optionZ,163.94259000104498,25.2974680125084,Ovingdean,Attainment 8,Option Z (in force from 2026)
now,2.6,2.4,W_equal,2026,optionZ,343.06293672733796,29.797445168420367,Ovingdean,All schools equal,Option Z (in force from 2026)
now,2.6,2.4,W_equal,2030,optionZ,264.9453479923477,27.78490355555858,Ovingdean,All schools equal,Option Z (in force from 2026)
now,2.6,2.4,W_equal,2035,optionZ,232.79066442900012,27.018445139036572,Ovingdean,All schools equal,Option Z (in force from 2026)
now,2.6,2.4,W_pan,2026,optionZ,339.96306429945116,29.72129193405131,Ovingdean,Proportional to PAN,Option Z (in force from 2026)
now,2.6,2.4,W_pan,2030,optionZ,264.4114273750057,27.81597835354671,Ovingdean,Proportional to PAN,Option Z (in force from 2026)
now,2.6,2.4,W_pan,2035,optionZ,234.70184163585643,27.11723299868699,Ovingdean,Proportional to PAN,Option Z (in force from 2026)
now,2.6,2.4,W_prefs,2026,optionZ,292.17055693718794,27.462830026695446,Ovingdean,Published first preferences,Option Z (in force from 2026)
now,2.6,2.4,W_prefs,2030,optionZ,230.92835541191076,26.243168489538327,Ovingdean,Published first preferences,Option Z (in force from 2026)
now,2.6,2.4,W_prefs,2035,optionZ,205.42624910147524,25.78846850235796,Ovingdean,Published first preferences,Option Z (in force from 2026)
now,2.6,2.4,W_att8,2026,optionZ,280.2495250406404,26.944734909438875,Ovingdean,Attainment 8,Option Z (in force from 2026)
now,2.6,2.4,W_att8,2030,optionZ,213.13168644179683,25.611677069922028,Ovingdean,Attainment 8,Option Z (in force from 2026)
now,2.6,2.4,W_att8,2035,optionZ,190.0426186985047,25.253834058464225,Ovingdean,Attainment 8,Option Z (in force from 2026)
now,2.7,0,W_equal,2026,optionZ,304.27925940292835,33.03582929483906,Ovingdean,All schools equal,Option Z (in force from 2026)
now,2.7,0,W_equal,2030,optionZ,239.01924221187394,32.19921575726241,Ovingdean,All schools equal,Option Z (in force from 2026)
now,2.7,0,W_equal,2035,optionZ,209.58660190793302,31.779204123015642,Ovingdean,All schools equal,Option Z (in force from 2026)
now,2.7,0,W_pan,2026,optionZ,296.5981853368103,32.917713509171804,Ovingdean,Proportional to PAN,Option Z (in force from 2026)
now,2.7,0,W_pan,2030,optionZ,236.56765336301567,32.08667367678649,Ovingdean,Proportional to PAN,Option Z (in force from 2026)
now,2.7,0,W_pan,2035,optionZ,215.23933614368624,31.85406365344553,Ovingdean,Proportional to PAN,Option Z (in force from 2026)
now,2.7,0,W_prefs,2026,optionZ,197.8023422223319,29.860925276314784,Ovingdean,Published first preferences,Option Z (in force from 2026)
now,2.7,0,W_prefs,2030,optionZ,158.92458690572784,29.302595417819628,Ovingdean,Published first preferences,Option Z (in force from 2026)
now,2.7,0,W_prefs,2035,optionZ,142.45993081761813,29.014509266637898,Ovingdean,Published first preferences,Option Z (in force from 2026)
now,2.7,0,W_att8,2026,optionZ,178.13850864367532,29.157959003446432,Ovingdean,Attainment 8,Option Z (in force from 2026)
now,2.7,0,W_att8,2030,optionZ,128.31256071161155,28.028023601501687,Ovingdean,Attainment 8,Option Z (in force from 2026)
now,2.7,0,W_att8,2035,optionZ,115.44604898694658,27.78753008192752,Ovingdean,Attainment 8,Option Z (in force from 2026)
now,2.7,0.8,W_equal,2026,optionZ,323.6367256063414,31.120441753914406,Ovingdean,All schools equal,Option Z (in force from 2026)
now,2.7,0.8,W_equal,2030,optionZ,252.26787311038055,29.847023419029153,Ovingdean,All schools equal,Option Z (in force from 2026)
now,2.7,0.8,W_equal,2035,optionZ,223.0224039058023,29.422673891718937,Ovingdean,All schools equal,Option Z (in force from 2026)
now,2.7,0.8,W_pan,2026,optionZ,320.19204117617124,31.088475651195594,Ovingdean,Proportional to PAN,Option Z (in force from 2026)
now,2.7,0.8,W_pan,2030,optionZ,250.11701463934193,29.7651816471053,Ovingdean,Proportional to PAN,Option Z (in force from 2026)
now,2.7,0.8,W_pan,2035,optionZ,226.20394225084073,29.468767306717076,Ovingdean,Proportional to PAN,Option Z (in force from 2026)
now,2.7,0.8,W_prefs,2026,optionZ,233.75636879174425,28.143141600041595,Ovingdean,Published first preferences,Option Z (in force from 2026)
now,2.7,0.8,W_prefs,2030,optionZ,183.94543003480564,27.24644706978885,Ovingdean,Published first preferences,Option Z (in force from 2026)
now,2.7,0.8,W_prefs,2035,optionZ,166.0970360666805,27.003795210982794,Ovingdean,Published first preferences,Option Z (in force from 2026)
now,2.7,0.8,W_att8,2026,optionZ,216.3476847522425,27.521633444731783,Ovingdean,Attainment 8,Option Z (in force from 2026)
now,2.7,0.8,W_att8,2030,optionZ,154.88918344109348,26.134271404178516,Ovingdean,Attainment 8,Option Z (in force from 2026)
now,2.7,0.8,W_att8,2035,optionZ,140.44172981981626,25.950749135410597,Ovingdean,Attainment 8,Option Z (in force from 2026)
now,2.7,1.6,W_equal,2026,optionZ,334.2506367595954,30.008969329962998,Ovingdean,All schools equal,Option Z (in force from 2026)
now,2.7,1.6,W_equal,2030,optionZ,260.45138257745236,28.38089471995049,Ovingdean,All schools equal,Option Z (in force from 2026)
now,2.7,1.6,W_equal,2035,optionZ,230.3681410034406,27.85697722100636,Ovingdean,All schools equal,Option Z (in force from 2026)
now,2.7,1.6,W_pan,2026,optionZ,333.021456465371,30.015521993412243,Ovingdean,Proportional to PAN,Option Z (in force from 2026)
now,2.7,1.6,W_pan,2030,optionZ,261.1284467201472,28.468920151860555,Ovingdean,Proportional to PAN,Option Z (in force from 2026)
now,2.7,1.6,W_pan,2035,optionZ,231.85222550285766,27.873178536943563,Ovingdean,Proportional to PAN,Option Z (in force from 2026)
now,2.7,1.6,W_prefs,2026,optionZ,268.6486961570297,27.495912797672066,Ovingdean,Published first preferences,Option Z (in force from 2026)
now,2.7,1.6,W_prefs,2030,optionZ,211.02399565608349,26.390148892083143,Ovingdean,Published first preferences,Option Z (in force from 2026)
now,2.7,1.6,W_prefs,2035,optionZ,188.4391674459523,26.03010812043235,Ovingdean,Published first preferences,Option Z (in force from 2026)
now,2.7,1.6,W_att8,2026,optionZ,254.16601249025655,26.948191146087495,Ovingdean,Attainment 8,Option Z (in force from 2026)
now,2.7,1.6,W_att8,2030,optionZ,187.5723206567608,25.555215003038494,Ovingdean,Attainment 8,Option Z (in force from 2026)
now,2.7,1.6,W_att8,2035,optionZ,167.15152831607546,25.23063718726391,Ovingdean,Attainment 8,Option Z (in force from 2026)
now,2.7,2.4,W_equal,2026,optionZ,341.8128600358576,29.581723454646575,Ovingdean,All schools equal,Option Z (in force from 2026)
now,2.7,2.4,W_equal,2030,optionZ,265.7496214073623,27.679164371016192,Ovingdean,All schools equal,Option Z (in force from 2026)
now,2.7,2.4,W_equal,2035,optionZ,233.63538346318046,26.937742827577157,Ovingdean,All schools equal,Option Z (in force from 2026)
now,2.7,2.4,W_pan,2026,optionZ,338.9726981664023,29.515192370110842,Ovingdean,Proportional to PAN,Option Z (in force from 2026)
now,2.7,2.4,W_pan,2030,optionZ,265.11839879840824,27.704668285003088,Ovingdean,Proportional to PAN,Option Z (in force from 2026)
now,2.7,2.4,W_pan,2035,optionZ,235.4044931195033,27.027154153975008,Ovingdean,Proportional to PAN,Option Z (in force from 2026)
now,2.7,2.4,W_prefs,2026,optionZ,292.77714119519834,27.352301087310423,Ovingdean,Published first preferences,Option Z (in force from 2026)
now,2.7,2.4,W_prefs,2030,optionZ,232.75585874375645,26.197007880981477,Ovingdean,Published first preferences,Option Z (in force from 2026)
now,2.7,2.4,W_prefs,2035,optionZ,207.0681885914549,25.750302393748218,Ovingdean,Published first preferences,Option Z (in force from 2026)
now,2.7,2.4,W_att8,2026,optionZ,281.61837833440177,26.86678923422786,Ovingdean,Attainment 8,Option Z (in force from 2026)
now,2.7,2.4,W_att8,2030,optionZ,215.46302781756586,25.583136206054846,Ovingdean,Attainment 8,Option Z (in force from 2026)
now,2.7,2.4,W_att8,2035,optionZ,192.12136886918248,25.228325732703716,Ovingdean,Attainment 8,Option Z (in force from 2026)
now,2.8,0,W_equal,2026,optionZ,307.2804190712652,32.60064421380573,Ovingdean,All schools equal,Option Z (in force from 2026)
now,2.8,0,W_equal,2030,optionZ,242.224087509199,31.771359044188486,Ovingdean,All schools equal,Option Z (in force from 2026)
now,2.8,0,W_equal,2035,optionZ,212.4027887203353,31.347143828468514,Ovingdean,All schools equal,Option Z (in force from 2026)
now,2.8,0,W_pan,2026,optionZ,300.1731646977781,32.495018691183716,Ovingdean,Proportional to PAN,Option Z (in force from 2026)
now,2.8,0,W_pan,2030,optionZ,239.6813641574407,31.661227619819744,Ovingdean,Proportional to PAN,Option Z (in force from 2026)
now,2.8,0,W_pan,2035,optionZ,217.96733356252403,31.424937351642388,Ovingdean,Proportional to PAN,Option Z (in force from 2026)
now,2.8,0,W_prefs,2026,optionZ,202.72998687300145,29.488679599310814,Ovingdean,Published first preferences,Option Z (in force from 2026)
now,2.8,0,W_prefs,2030,optionZ,162.97120317589747,28.925412041051562,Ovingdean,Published first preferences,Option Z (in force from 2026)
now,2.8,0,W_prefs,2035,optionZ,146.214564226409,28.645336122430436,Ovingdean,Published first preferences,Option Z (in force from 2026)
now,2.8,0,W_att8,2026,optionZ,181.61418755341825,28.749316080724903,Ovingdean,Attainment 8,Option Z (in force from 2026)
now,2.8,0,W_att8,2030,optionZ,132.38199898326505,27.681279355015107,Ovingdean,Attainment 8,Option Z (in force from 2026)
now,2.8,0,W_att8,2035,optionZ,119.24220291175993,27.4479089309072,Ovingdean,Attainment 8,Option Z (in force from 2026)
now,2.8,0.8,W_equal,2026,optionZ,325.77023284055974,30.841169734788142,Ovingdean,All schools equal,Option Z (in force from 2026)
now,2.8,0.8,W_equal,2030,optionZ,254.87656304794928,29.595978123359156,Ovingdean,All schools equal,Option Z (in force from 2026)
now,2.8,0.8,W_equal,2035,optionZ,225.3755303468141,29.174167947597674,Ovingdean,All schools equal,Option Z (in force from 2026)
now,2.8,0.8,W_pan,2026,optionZ,321.89073982902386,30.79870574309165,Ovingdean,Proportional to PAN,Option Z (in force from 2026)
now,2.8,0.8,W_pan,2030,optionZ,252.55616484748725,29.50884564282689,Ovingdean,Proportional to PAN,Option Z (in force from 2026)
now,2.8,0.8,W_pan,2035,optionZ,228.4067608814554,29.21542398038642,Ovingdean,Proportional to PAN,Option Z (in force from 2026)
now,2.8,0.8,W_prefs,2026,optionZ,237.14905718053785,27.92049032910153,Ovingdean,Published first preferences,Option Z (in force from 2026)
now,2.8,0.8,W_prefs,2030,optionZ,188.0352516134032,27.07095319244194,Ovingdean,Published first preferences,Option Z (in force from 2026)
now,2.8,0.8,W_prefs,2035,optionZ,169.5736682630086,26.821557421332585,Ovingdean,Published first preferences,Option Z (in force from 2026)
now,2.8,0.8,W_att8,2026,optionZ,220.2853418999902,27.321920562304943,Ovingdean,Attainment 8,Option Z (in force from 2026)
now,2.8,0.8,W_att8,2030,optionZ,159.02577011581715,25.97549173610187,Ovingdean,Attainment 8,Option Z (in force from 2026)
now,2.8,0.8,W_att8,2035,optionZ,144.23986640355741,25.794315017466126,Ovingdean,Attainment 8,Option Z (in force from 2026)
now,2.8,1.6,W_equal,2026,optionZ,333.7214774580962,29.773032192809453,Ovingdean,All schools equal,Option Z (in force from 2026)
now,2.8,1.6,W_equal,2030,optionZ,262.0594833438433,28.23566461699071,Ovingdean,All schools equal,Option Z (in force from 2026)
now,2.8,1.6,W_equal,2035,optionZ,231.98860342062636,27.729412552056104,Ovingdean,All schools equal,Option Z (in force from 2026)
now,2.8,1.6,W_pan,2026,optionZ,333.60019147849493,29.815437887835298,Ovingdean,Proportional to PAN,Option Z (in force from 2026)
now,2.8,1.6,W_pan,2030,optionZ,262.6073883653179,28.31648870775221,Ovingdean,Proportional to PAN,Option Z (in force from 2026)
now,2.8,1.6,W_pan,2035,optionZ,233.3497585461848,27.740203266716264,Ovingdean,Proportional to PAN,Option Z (in force from 2026)
now,2.8,1.6,W_prefs,2026,optionZ,270.36872107586345,27.356918949122356,Ovingdean,Published first preferences,Option Z (in force from 2026)
now,2.8,1.6,W_prefs,2030,optionZ,213.94757599843496,26.311332533784405,Ovingdean,Published first preferences,Option Z (in force from 2026)
now,2.8,1.6,W_prefs,2035,optionZ,191.09007734560444,25.95762553047099,Ovingdean,Published first preferences,Option Z (in force from 2026)
now,2.8,1.6,W_att8,2026,optionZ,256.7187236348811,26.839617972798887,Ovingdean,Attainment 8,Option Z (in force from 2026)
now,2.8,1.6,W_att8,2030,optionZ,190.73433793673186,25.487768734804998,Ovingdean,Attainment 8,Option Z (in force from 2026)
now,2.8,1.6,W_att8,2035,optionZ,170.25779627820324,25.176289155746762,Ovingdean,Attainment 8,Option Z (in force from 2026)
now,2.8,2.4,W_equal,2026,optionZ,340.6450244384871,29.382012584400115,Ovingdean,All schools equal,Option Z (in force from 2026)
now,2.8,2.4,W_equal,2030,optionZ,266.5496394576681,27.583312960376766,Ovingdean,All schools equal,Option Z (in force from 2026)
now,2.8,2.4,W_equal,2035,optionZ,234.4641811770409,26.866156546947906,Ovingdean,All schools equal,Option Z (in force from 2026)
now,2.8,2.4,W_pan,2026,optionZ,338.28911700706396,29.333335885469776,Ovingdean,Proportional to PAN,Option Z (in force from 2026)
now,2.8,2.4,W_pan,2030,optionZ,265.8272102430783,27.60371195217226,Ovingdean,Proportional to PAN,Option Z (in force from 2026)
now,2.8,2.4,W_pan,2035,optionZ,236.10407427741308,26.947194710689416,Ovingdean,Proportional to PAN,Option Z (in force from 2026)
now,2.8,2.4,W_prefs,2026,optionZ,293.3596772884707,27.251968727135303,Ovingdean,Published first preferences,Option Z (in force from 2026)
now,2.8,2.4,W_prefs,2030,optionZ,234.5122687339521,26.157557965767346,Ovingdean,Published first preferences,Option Z (in force from 2026)
now,2.8,2.4,W_prefs,2035,optionZ,208.6417855501864,25.718700591648187,Ovingdean,Published first preferences,Option Z (in force from 2026)
now,2.8,2.4,W_att8,2026,optionZ,282.9276948775705,26.797302309789234,Ovingdean,Attainment 8,Option Z (in force from 2026)
now,2.8,2.4,W_att8,2030,optionZ,217.69228663396552,25.560368731379427,Ovingdean,Attainment 8,Option Z (in force from 2026)
now,2.8,2.4,W_att8,2035,optionZ,194.10747594122088,25.208641858463995,Ovingdean,Attainment 8,Option Z (in force from 2026)
now,2.9000000000000004,0,W_equal,2026,optionZ,310.29835986574216,32.204863777969436,Ovingdean,All schools equal,Option Z (in force from 2026)
now,2.9000000000000004,0,W_equal,2030,optionZ,245.44030810854377,31.38425145638791,Ovingdean,All schools equal,Option Z (in force from 2026)
now,2.9000000000000004,0,W_equal,2035,optionZ,215.23831002522004,30.956815635604865,Ovingdean,All schools equal,Option Z (in force from 2026)
now,2.9000000000000004,0,W_pan,2026,optionZ,303.74006569958254,32.11124658765266,Ovingdean,Proportional to PAN,Option Z (in force from 2026)
now,2.9000000000000004,0,W_pan,2030,optionZ,243.0182873999741,31.28182799196609,Ovingdean,Proportional to PAN,Option Z (in force from 2026)
now,2.9000000000000004,0,W_pan,2035,optionZ,220.79342923099938,31.041898968885306,Ovingdean,Proportional to PAN,Option Z (in force from 2026)
now,2.9000000000000004,0,W_prefs,2026,optionZ,207.66908637010877,29.158242555581506,Ovingdean,Published first preferences,Option Z (in force from 2026)
now,2.9000000000000004,0,W_prefs,2030,optionZ,167.04513278452586,28.59026702556377,Ovingdean,Published first preferences,Option Z (in force from 2026)
now,2.9000000000000004,0,W_prefs,2035,optionZ,149.99652658531892,28.318191533606473,Ovingdean,Published first preferences,Option Z (in force from 2026)
now,2.9000000000000004,0,W_att8,2026,optionZ,185.1209891237441,28.384165369735374,Ovingdean,Attainment 8,Option Z (in force from 2026)
now,2.9000000000000004,0,W_att8,2030,optionZ,136.65091081911962,27.381209703512038,Ovingdean,Attainment 8,Option Z (in force from 2026)
now,2.9000000000000004,0,W_att8,2035,optionZ,123.0997501600588,27.150324403497816,Ovingdean,Attainment 8,Option Z (in force from 2026)
now,2.9000000000000004,0.8,W_equal,2026,optionZ,327.88950077657387,30.588480968682806,Ovingdean,All schools equal,Option Z (in force from 2026)
now,2.9000000000000004,0.8,W_equal,2030,optionZ,257.4424815661276,29.37126074229444,Ovingdean,All schools equal,Option Z (in force from 2026)
now,2.9000000000000004,0.8,W_equal,2035,optionZ,227.70161592431913,28.952654454904213,Ovingdean,All schools equal,Option Z (in force from 2026)
now,2.9000000000000004,0.8,W_pan,2026,optionZ,323.5699649654449,30.53541784810139,Ovingdean,Proportional to PAN,Option Z (in force from 2026)
now,2.9000000000000004,0.8,W_pan,2030,optionZ,254.9585748393812,29.279047558922855,Ovingdean,Proportional to PAN,Option Z (in force from 2026)
now,2.9000000000000004,0.8,W_pan,2035,optionZ,230.58950950546725,28.989298911201246,Ovingdean,Proportional to PAN,Option Z (in force from 2026)
now,2.9000000000000004,0.8,W_prefs,2026,optionZ,241.044745033649,27.740242960451116,Ovingdean,Published first preferences,Option Z (in force from 2026)
now,2.9000000000000004,0.8,W_prefs,2030,optionZ,192.0461792211689,26.919585570042663,Ovingdean,Published first preferences,Option Z (in force from 2026)
now,2.9000000000000004,0.8,W_prefs,2035,optionZ,172.987952363267,26.663918492436217,Ovingdean,Published first preferences,Option Z (in force from 2026)
now,2.9000000000000004,0.8,W_att8,2026,optionZ,224.12087149354352,27.146703328195468,Ovingdean,Attainment 8,Option Z (in force from 2026)
now,2.9000000000000004,0.8,W_att8,2030,optionZ,163.4865609089316,25.854693713314077,Ovingdean,Attainment 8,Option Z (in force from 2026)
now,2.9000000000000004,0.8,W_att8,2035,optionZ,147.99076875920323,25.661493143840136,Ovingdean,Attainment 8,Option Z (in force from 2026)
now,2.9000000000000004,1.6,W_equal,2026,optionZ,333.4559516657976,29.56251011463601,Ovingdean,All schools equal,Option Z (in force from 2026)
now,2.9000000000000004,1.6,W_equal,2030,optionZ,263.63559716680624,28.105605773499942,Ovingdean,All schools equal,Option Z (in force from 2026)
now,2.9000000000000004,1.6,W_equal,2035,optionZ,233.5791181271062,27.61683963357485,Ovingdean,All schools equal,Option Z (in force from 2026)
now,2.9000000000000004,1.6,W_pan,2026,optionZ,334.1895234454054,29.632518332634735,Ovingdean,Proportional to PAN,Option Z (in force from 2026)
now,2.9000000000000004,1.6,W_pan,2030,optionZ,264.0635493071822,28.17974839226625,Ovingdean,Proportional to PAN,Option Z (in force from 2026)
now,2.9000000000000004,1.6,W_pan,2035,optionZ,234.82468990849458,27.622692016820782,Ovingdean,Proportional to PAN,Option Z (in force from 2026)
now,2.9000000000000004,1.6,W_prefs,2026,optionZ,272.2081866344142,27.238482112314017,Ovingdean,Published first preferences,Option Z (in force from 2026)
now,2.9000000000000004,1.6,W_prefs,2030,optionZ,216.77219117886196,26.244596398170525,Ovingdean,Published first preferences,Option Z (in force from 2026)
now,2.9000000000000004,1.6,W_prefs,2035,optionZ,193.65072069846866,25.89699221148077,Ovingdean,Published first preferences,Option Z (in force from 2026)
now,2.9000000000000004,1.6,W_att8,2026,optionZ,259.1664464507652,26.74427984285499,Ovingdean,Attainment 8,Option Z (in force from 2026)
now,2.9000000000000004,1.6,W_att8,2030,optionZ,194.07356147366735,25.441337676320405,Ovingdean,Attainment 8,Option Z (in force from 2026)
now,2.9000000000000004,1.6,W_att8,2035,optionZ,173.2608615161707,25.13281533077228,Ovingdean,Attainment 8,Option Z (in force from 2026)
now,2.9000000000000004,2.4,W_equal,2026,optionZ,339.5550643383114,29.19716977167,Ovingdean,All schools equal,Option Z (in force from 2026)
now,2.9000000000000004,2.4,W_equal,2030,optionZ,267.3472312648523,27.49655202548795,Ovingdean,All schools equal,Option Z (in force from 2026)
now,2.9000000000000004,2.4,W_equal,2035,optionZ,235.27952289948345,26.802850530827236,Ovingdean,All schools equal,Option Z (in force from 2026)
now,2.9000000000000004,2.4,W_pan,2026,optionZ,337.6674016711479,29.165289203818098,Ovingdean,Proportional to PAN,Option Z (in force from 2026)
now,2.9000000000000004,2.4,W_pan,2030,optionZ,266.53904266366766,27.512263321581607,Ovingdean,Proportional to PAN,Option Z (in force from 2026)
now,2.9000000000000004,2.4,W_pan,2035,optionZ,236.8014348518496,26.87637986900409,Ovingdean,Proportional to PAN,Option Z (in force from 2026)
now,2.9000000000000004,2.4,W_prefs,2026,optionZ,294.1270580471939,27.167609759449117,Ovingdean,Published first preferences,Option Z (in force from 2026)
now,2.9000000000000004,2.4,W_prefs,2030,optionZ,236.2030338630442,26.124070793579087,Ovingdean,Published first preferences,Option Z (in force from 2026)
now,2.9000000000000004,2.4,W_prefs,2035,optionZ,210.15139469991877,25.692890714963685,Ovingdean,Published first preferences,Option Z (in force from 2026)
now,2.9000000000000004,2.4,W_att8,2026,optionZ,284.1813143806019,26.735374615154303,Ovingdean,Attainment 8,Option Z (in force from 2026)
now,2.9000000000000004,2.4,W_att8,2030,optionZ,219.8261376151413,25.54266147962955,Ovingdean,Attainment 8,Option Z (in force from 2026)
now,2.9000000000000004,2.4,W_att8,2035,optionZ,196.00571377269358,25.19404780357247,Ovingdean,Attainment 8,Option Z (in force from 2026)
now,3,0,W_equal,2026,optionZ,313.31749331986936,31.845320857922264,Ovingdean,All schools equal,Option Z (in force from 2026)
now,3,0,W_equal,2030,optionZ,248.65164248294488,31.03442585668995,Ovingdean,All schools equal,Option Z (in force from 2026)
now,3,0,W_equal,2035,optionZ,218.07977888650007,30.604694770402084,Ovingdean,All schools equal,Option Z (in force from 2026)
now,3,0,W_pan,2026,optionZ,307.28396298566156,31.763181501427667,Ovingdean,Proportional to PAN,Option Z (in force from 2026)
now,3,0,W_pan,2030,optionZ,246.34066605982747,30.939219023582236,Ovingdean,Proportional to PAN,Option Z (in force from 2026)
now,3,0,W_pan,2035,optionZ,223.6189975886676,30.696001591856934,Ovingdean,Proportional to PAN,Option Z (in force from 2026)
now,3,0,W_prefs,2026,optionZ,212.5998583844286,28.86554966087046,Ovingdean,Published first preferences,Option Z (in force from 2026)
now,3,0,W_prefs,2030,optionZ,171.12932328950467,28.293110473344274,Ovingdean,Published first preferences,Option Z (in force from 2026)
now,3,0,W_prefs,2035,optionZ,153.79003551436733,28.02892970255687,Ovingdean,Published first preferences,Option Z (in force from 2026)
now,3,0,W_att8,2026,optionZ,189.11039248849073,28.075085081295562,Ovingdean,Attainment 8,Option Z (in force from 2026)
now,3,0,W_att8,2030,optionZ,140.964196733308,27.118388369163693,Ovingdean,Attainment 8,Option Z (in force from 2026)
now,3,0,W_att8,2035,optionZ,127.00290178602006,26.890267801326083,Ovingdean,Attainment 8,Option Z (in force from 2026)
now,3,0.8,W_equal,2026,optionZ,329.9905898759289,30.35997691004331,Ovingdean,All schools equal,Option Z (in force from 2026)
now,3,0.8,W_equal,2030,optionZ,259.9618259908726,29.170249222090632,Ovingdean,All schools equal,Option Z (in force from 2026)
now,3,0.8,W_equal,2035,optionZ,229.99679575940192,28.75543379654212,Ovingdean,All schools equal,Option Z (in force from 2026)
now,3,0.8,W_pan,2026,optionZ,325.2268530525357,30.29626390696683,Ovingdean,Proportional to PAN,Option Z (in force from 2026)
now,3,0.8,W_pan,2030,optionZ,257.3212707909451,29.07322090952084,Ovingdean,Proportional to PAN,Option Z (in force from 2026)
now,3,0.8,W_pan,2035,optionZ,232.77526207483888,28.789600785595876,Ovingdean,Proportional to PAN,Option Z (in force from 2026)
now,3,0.8,W_prefs,2026,optionZ,245.13170093379836,27.59060152015376,Ovingdean,Published first preferences,Option Z (in force from 2026)
now,3,0.8,W_prefs,2030,optionZ,195.97079178672232,26.789515763060322,Ovingdean,Published first preferences,Option Z (in force from 2026)
now,3,0.8,W_prefs,2035,optionZ,176.3335928571199,26.528057560795165,Ovingdean,Published first preferences,Option Z (in force from 2026)
now,3,0.8,W_att8,2026,optionZ,227.85006571431353,26.99322337069668,Ovingdean,Attainment 8,Option Z (in force from 2026)
now,3,0.8,W_att8,2030,optionZ,167.87403989442146,25.753731769503194,Ovingdean,Attainment 8,Option Z (in force from 2026)
now,3,0.8,W_att8,2035,optionZ,151.68468890717912,25.549401666014838,Ovingdean,Attainment 8,Option Z (in force from 2026)
now,3,1.6,W_equal,2026,optionZ,334.58921808982603,29.408631881497953,Ovingdean,All schools equal,Option Z (in force from 2026)
now,3,1.6,W_equal,2030,optionZ,265.20317185740197,27.989947341236352,Ovingdean,All schools equal,Option Z (in force from 2026)
now,3,1.6,W_equal,2035,optionZ,235.14043929865008,27.517683292948657,Ovingdean,All schools equal,Option Z (in force from 2026)
now,3,1.6,W_pan,2026,optionZ,334.7882853962772,29.465310704161734,Ovingdean,Proportional to PAN,Option Z (in force from 2026)
now,3,1.6,W_pan,2030,optionZ,265.497965910439,28.05720543087012,Ovingdean,Proportional to PAN,Option Z (in force from 2026)
now,3,1.6,W_pan,2035,optionZ,236.27716428137745,27.51903736796176,Ovingdean,Proportional to PAN,Option Z (in force from 2026)
now,3,1.6,W_prefs,2026,optionZ,274.0941725864869,27.13659610146318,Ovingdean,Published first preferences,Option Z (in force from 2026)
now,3,1.6,W_prefs,2030,optionZ,219.5011841193288,26.18852043636609,Ovingdean,Published first preferences,Option Z (in force from 2026)
now,3,1.6,W_prefs,2035,optionZ,196.1232701549736,25.84677628635107,Ovingdean,Published first preferences,Option Z (in force from 2026)
now,3,1.6,W_att8,2026,optionZ,261.5133003242829,26.660675629469726,Ovingdean,Attainment 8,Option Z (in force from 2026)
now,3,1.6,W_att8,2030,optionZ,197.2976403098658,25.404479950843534,Ovingdean,Attainment 8,Option Z (in force from 2026)
now,3,1.6,W_att8,2035,optionZ,176.1611384483927,25.098824895489532,Ovingdean,Attainment 8,Option Z (in force from 2026)
now,3,2.4,W_equal,2026,optionZ,338.5383657837421,29.026102407191622,Ovingdean,All schools equal,Option Z (in force from 2026)
now,3,2.4,W_equal,2030,optionZ,268.14368605032865,27.418142363579403,Ovingdean,All schools equal,Option Z (in force from 2026)
now,3,2.4,W_equal,2035,optionZ,236.083658289999,26.747070202415713,Ovingdean,All schools equal,Option Z (in force from 2026)
now,3,2.4,W_pan,2026,optionZ,337.1030416255447,29.010006996252198,Ovingdean,Proportional to PAN,Option Z (in force from 2026)
now,3,2.4,W_pan,2030,optionZ,267.25465920566717,27.42954167999402,Ovingdean,Proportional to PAN,Option Z (in force from 2026)
now,3,2.4,W_pan,2035,optionZ,237.49725712851577,26.813822237465192,Ovingdean,Proportional to PAN,Option Z (in force from 2026)
now,3,2.4,W_prefs,2026,optionZ,294.98764285361136,27.09516064886101,Ovingdean,Published first preferences,Option Z (in force from 2026)
now,3,2.4,W_prefs,2030,optionZ,237.83324561973365,26.09589140737381,Ovingdean,Published first preferences,Option Z (in force from 2026)
now,3,2.4,W_prefs,2035,optionZ,211.60120099131842,25.67219483307749,Ovingdean,Published first preferences,Option Z (in force from 2026)
now,3,2.4,W_att8,2026,optionZ,285.3824249607202,26.680202125070878,Ovingdean,Attainment 8,Option Z (in force from 2026)
now,3,2.4,W_att8,2030,optionZ,221.87088070381557,25.529388953004055,Ovingdean,Attainment 8,Option Z (in force from 2026)
now,3,2.4,W_att8,2035,optionZ,197.82083925906323,25.183904942638765,Ovingdean,Attainment 8,Option Z (in force from 2026)
now,3.1,0,W_equal,2026,optionZ,316.3254953226518,31.519041402843957,Ovingdean,All schools equal,Option Z (in force from 2026)
now,3.1,0,W_equal,2030,optionZ,251.84413321841916,30.718615496577495,Ovingdean,All schools equal,Option Z (in force from 2026)
now,3.1,0,W_equal,2035,optionZ,220.9155944780172,30.28745892010542,Ovingdean,All schools equal,Option Z (in force from 2026)
now,3.1,0,W_pan,2026,optionZ,310.792479580259,31.447799276604933,Ovingdean,Proportional to PAN,Option Z (in force from 2026)
now,3.1,0,W_pan,2030,optionZ,249.63533274556303,30.6301301652206,Ovingdean,Proportional to PAN,Option Z (in force from 2026)
now,3.1,0,W_pan,2035,optionZ,226.43297976528302,30.38402602194984,Ovingdean,Proportional to PAN,Option Z (in force from 2026)
now,3.1,0,W_prefs,2026,optionZ,217.50388139326412,28.60684952053088,Ovingdean,Published first preferences,Option Z (in force from 2026)
now,3.1,0,W_prefs,2030,optionZ,175.2078319240517,28.030210442566375,Ovingdean,Published first preferences,Option Z (in force from 2026)
now,3.1,0,W_prefs,2035,optionZ,157.58020446266156,27.773745377499953,Ovingdean,Published first preferences,Option Z (in force from 2026)
now,3.1,0,W_att8,2026,optionZ,193.68614101474833,27.821615648705254,Ovingdean,Attainment 8,Option Z (in force from 2026)
now,3.1,0,W_att8,2030,optionZ,145.30470393062274,26.888877605723643,Ovingdean,Attainment 8,Option Z (in force from 2026)
now,3.1,0,W_att8,2035,optionZ,130.93616709798138,26.66370001419009,Ovingdean,Attainment 8,Option Z (in force from 2026)
now,3.1,0.8,W_equal,2026,optionZ,332.0700249025481,30.153449056886554,Ovingdean,All schools equal,Option Z (in force from 2026)
now,3.1,0.8,W_equal,2030,optionZ,262.43188512669286,28.990573408071945,Ovingdean,All schools equal,Option Z (in force from 2026)
now,3.1,0.8,W_equal,2035,optionZ,232.2581695278068,28.580064089160064,Ovingdean,All schools equal,Option Z (in force from 2026)
now,3.1,0.8,W_pan,2026,optionZ,326.85885113837224,30.07907658856934,Ovingdean,Proportional to PAN,Option Z (in force from 2026)
now,3.1,0.8,W_pan,2030,optionZ,259.6587687048614,28.889517785285335,Ovingdean,Proportional to PAN,Option Z (in force from 2026)
now,3.1,0.8,W_pan,2035,optionZ,234.97503015088014,28.614838699914376,Ovingdean,Proportional to PAN,Option Z (in force from 2026)
now,3.1,0.8,W_prefs,2026,optionZ,249.1194978391823,27.460871948720563,Ovingdean,Published first preferences,Option Z (in force from 2026)
now,3.1,0.8,W_prefs,2030,optionZ,199.80342185962044,26.678252331988965,Ovingdean,Published first preferences,Option Z (in force from 2026)
now,3.1,0.8,W_prefs,2035,optionZ,179.60580163657738,26.411484148915548,Ovingdean,Published first preferences,Option Z (in force from 2026)
now,3.1,0.8,W_att8,2026,optionZ,231.47004549898455,26.859037471001074,Ovingdean,Attainment 8,Option Z (in force from 2026)
now,3.1,0.8,W_att8,2030,optionZ,172.1781840158634,25.670132608575795,Ovingdean,Attainment 8,Option Z (in force from 2026)
now,3.1,0.8,W_att8,2035,optionZ,155.3134819818905,25.45552830808306,Ovingdean,Attainment 8,Option Z (in force from 2026)
now,3.1,1.6,W_equal,2026,optionZ,335.7332261840251,29.26906135590509,Ovingdean,All schools equal,Option Z (in force from 2026)
now,3.1,1.6,W_equal,2030,optionZ,266.75899922262647,27.88720114642728,Ovingdean,All schools equal,Option Z (in force from 2026)
now,3.1,1.6,W_equal,2035,optionZ,236.67351586783178,27.430539378267543,Ovingdean,All schools equal,Option Z (in force from 2026)
now,3.1,1.6,W_pan,2026,optionZ,335.3953873974195,29.312486838900835,Ovingdean,Proportional to PAN,Option Z (in force from 2026)
now,3.1,1.6,W_pan,2030,optionZ,266.91164012945046,27.94751218941781,Ovingdean,Proportional to PAN,Option Z (in force from 2026)
now,3.1,1.6,W_pan,2035,optionZ,237.70754076193086,27.427801927719308,Ovingdean,Proportional to PAN,Option Z (in force from 2026)
now,3.1,1.6,W_prefs,2026,optionZ,275.90695485387,27.046054560984388,Ovingdean,Published first preferences,Option Z (in force from 2026)
now,3.1,1.6,W_prefs,2030,optionZ,222.13819698427622,26.14186136446369,Ovingdean,Published first preferences,Option Z (in force from 2026)
now,3.1,1.6,W_prefs,2035,optionZ,198.51053112062058,25.805734629247787,Ovingdean,Published first preferences,Option Z (in force from 2026)
now,3.1,1.6,W_att8,2026,optionZ,263.7636931346444,26.58749436588762,Ovingdean,Attainment 8,Option Z (in force from 2026)
now,3.1,1.6,W_att8,2030,optionZ,200.4092366356542,25.376005124321754,Ovingdean,Attainment 8,Option Z (in force from 2026)
now,3.1,1.6,W_att8,2035,optionZ,178.96002999718954,25.0731194385003,Ovingdean,Attainment 8,Option Z (in force from 2026)
now,3.1,2.4,W_equal,2026,optionZ,337.5904010990398,28.867781626046447,Ovingdean,All schools equal,Option Z (in force from 2026)
now,3.1,2.4,W_equal,2030,optionZ,268.93998530336074,27.347405563663315,Ovingdean,All schools equal,Option Z (in force from 2026)
now,3.1,2.4,W_equal,2035,optionZ,236.8785282269912,26.698124991670973,Ovingdean,All schools equal,Option Z (in force from 2026)
now,3.1,2.4,W_pan,2026,optionZ,336.8677191902236,28.8778495917725,Ovingdean,Proportional to PAN,Option Z (in force from 2026)
now,3.1,2.4,W_pan,2030,optionZ,267.9745889146988,27.354832013132093,Ovingdean,Proportional to PAN,Option Z (in force from 2026)
now,3.1,2.4,W_pan,2035,optionZ,238.1922492177999,26.758728499572097,Ovingdean,Proportional to PAN,Option Z (in force from 2026)
now,3.1,2.4,W_prefs,2026,optionZ,295.8188913780941,27.02978146807058,Ovingdean,Published first preferences,Option Z (in force from 2026)
now,3.1,2.4,W_prefs,2030,optionZ,239.40743152547563,26.072437934295095,Ovingdean,Published first preferences,Option Z (in force from 2026)
now,3.1,2.4,W_prefs,2035,optionZ,212.99524972303956,25.65601956623956,Ovingdean,Published first preferences,Option Z (in force from 2026)
now,3.1,2.4,W_att8,2026,optionZ,286.5341649795343,26.63108619511056,Ovingdean,Attainment 8,Option Z (in force from 2026)
now,3.1,2.4,W_att8,2030,optionZ,223.83256885733516,25.52000866882913,Ovingdean,Attainment 8,Option Z (in force from 2026)
now,3.1,2.4,W_att8,2035,optionZ,199.5574639468165,25.177653366547773,Ovingdean,Attainment 8,Option Z (in force from 2026)
now,3.2,0,W_equal,2026,optionZ,319.3112370212382,31.22320451522612,Ovingdean,All schools equal,Option Z (in force from 2026)
now,3.2,0,W_equal,2030,optionZ,255.00599759330058,30.433768501659575,Ovingdean,All schools equal,Option Z (in force from 2026)
now,3.2,0,W_equal,2035,optionZ,223.73600182205874,30.00201243723334,Ovingdean,All schools equal,Option Z (in force from 2026)
now,3.2,0,W_pan,2026,optionZ,314.2553888814857,31.16227159799721,Ovingdean,Proportional to PAN,Option Z (in force from 2026)
now,3.2,0,W_pan,2030,optionZ,252.89117599289597,30.351515994428585,Ovingdean,Proportional to PAN,Option Z (in force from 2026)
now,3.2,0,W_pan,2035,optionZ,229.22600068558714,30.10296608168403,Ovingdean,Proportional to PAN,Option Z (in force from 2026)
now,3.2,0,W_prefs,2026,optionZ,222.3651530246488,28.378730457966977,Ovingdean,Published first preferences,Option Z (in force from 2026)
now,3.2,0,W_prefs,2030,optionZ,179.26623710646044,27.79815456576605,Ovingdean,Published first preferences,Option Z (in force from 2026)
now,3.2,0,W_prefs,2035,optionZ,161.35349084182786,27.54917300706004,Ovingdean,Published first preferences,Option Z (in force from 2026)
now,3.2,0,W_att8,2026,optionZ,198.2168383112594,27.59775431952808,Ovingdean,Attainment 8,Option Z (in force from 2026)
now,3.2,0,W_att8,2030,optionZ,149.65613618867192,26.689144679421744,Ovingdean,Attainment 8,Option Z (in force from 2026)
now,3.2,0,W_att8,2035,optionZ,134.8842849059519,26.46698773440204,Ovingdean,Attainment 8,Option Z (in force from 2026)
now,3.2,0.8,W_equal,2026,optionZ,334.1255464414417,29.966899631157663,Ovingdean,All schools equal,Option Z (in force from 2026)
now,3.2,0.8,W_equal,2030,optionZ,264.8508681369961,28.83009555698037,Ovingdean,All schools equal,Option Z (in force from 2026)
now,3.2,0.8,W_equal,2035,optionZ,234.48365559349017,28.4243415990349,Ovingdean,All schools equal,Option Z (in force from 2026)
now,3.2,0.8,W_pan,2026,optionZ,328.825604536684,29.89079023445116,Ovingdean,Proportional to PAN,Option Z (in force from 2026)
now,3.2,0.8,W_pan,2030,optionZ,262.02615968578283,28.727454634480075,Ovingdean,Proportional to PAN,Option Z (in force from 2026)
now,3.2,0.8,W_pan,2035,optionZ,237.13931439329903,28.459534654836038,Ovingdean,Proportional to PAN,Option Z (in force from 2026)
now,3.2,0.8,W_prefs,2026,optionZ,253.00586702543717,27.348875991334012,Ovingdean,Published first preferences,Option Z (in force from 2026)
now,3.2,0.8,W_prefs,2030,optionZ,203.54005365136445,26.58360390432702,Ovingdean,Published first preferences,Option Z (in force from 2026)
now,3.2,0.8,W_prefs,2035,optionZ,182.80112523776123,26.311998479252487,Ovingdean,Published first preferences,Option Z (in force from 2026)
now,3.2,0.8,W_att8,2026,optionZ,234.97912137996346,26.741983799093244,Ovingdean,Attainment 8,Option Z (in force from 2026)
now,3.2,0.8,W_att8,2030,optionZ,176.39095509278954,25.601750403002544,Ovingdean,Attainment 8,Option Z (in force from 2026)
now,3.2,0.8,W_att8,2035,optionZ,158.8702166377693,25.377667699985334,Ovingdean,Attainment 8,Option Z (in force from 2026)
now,3.2,1.6,W_equal,2026,optionZ,336.8868911609196,29.142580213051243,Ovingdean,All schools equal,Option Z (in force from 2026)
now,3.2,1.6,W_equal,2030,optionZ,268.2857764636334,27.795579900704965,Ovingdean,All schools equal,Option Z (in force from 2026)
now,3.2,1.6,W_equal,2035,optionZ,238.1794744709306,27.35415927695582,Ovingdean,All schools equal,Option Z (in force from 2026)
now,3.2,1.6,W_pan,2026,optionZ,336.00956117230066,29.172822138766264,Ovingdean,Proportional to PAN,Option Z (in force from 2026)
now,3.2,1.6,W_pan,2030,optionZ,268.30558424674035,27.84945537055181,Ovingdean,Proportional to PAN,Option Z (in force from 2026)
now,3.2,1.6,W_pan,2035,optionZ,239.11643103009976,27.347706783637115,Ovingdean,Proportional to PAN,Option Z (in force from 2026)
now,3.2,1.6,W_prefs,2026,optionZ,277.649820685429,26.965661020880475,Ovingdean,Published first preferences,Option Z (in force from 2026)
now,3.2,1.6,W_prefs,2030,optionZ,224.68711028664208,26.103531519097608,Ovingdean,Published first preferences,Option Z (in force from 2026)
now,3.2,1.6,W_prefs,2035,optionZ,200.81559439213834,25.77277626386857,Ovingdean,Published first preferences,Option Z (in force from 2026)
now,3.2,1.6,W_att8,2026,optionZ,265.92181858277456,26.52357515249825,Ovingdean,Attainment 8,Option Z (in force from 2026)
now,3.2,1.6,W_att8,2030,optionZ,203.41158973043264,25.354879010528844,Ovingdean,Attainment 8,Option Z (in force from 2026)
now,3.2,1.6,W_att8,2035,optionZ,181.65943950639632,25.05465230686281,Ovingdean,Attainment 8,Option Z (in force from 2026)
now,3.2,2.4,W_equal,2026,optionZ,336.70681604124417,28.721244552892784,Ovingdean,All schools equal,Option Z (in force from 2026)
now,3.2,2.4,W_equal,2030,optionZ,269.7368340187297,27.283718148802624,Ovingdean,All schools equal,Option Z (in force from 2026)
now,3.2,2.4,W_equal,2035,optionZ,237.66589369718787,26.655390271965096,Ovingdean,All schools equal,Option Z (in force from 2026)
now,3.2,2.4,W_pan,2026,optionZ,336.88262739682096,28.764490228630418,Ovingdean,Proportional to PAN,Option Z (in force from 2026)
now,3.2,2.4,W_pan,2030,optionZ,268.69914461781457,27.287478329928565,Ovingdean,Proportional to PAN,Option Z (in force from 2026)
now,3.2,2.4,W_pan,2035,optionZ,238.88697150036177,26.710376289012103,Ovingdean,Proportional to PAN,Option Z (in force from 2026)
now,3.2,2.4,W_prefs,2026,optionZ,296.62209401223345,26.97079434992125,Ovingdean,Published first preferences,Option Z (in force from 2026)
now,3.2,2.4,W_prefs,2030,optionZ,240.92979601975466,26.053201707874344,Ovingdean,Published first preferences,Option Z (in force from 2026)
now,3.2,2.4,W_prefs,2035,optionZ,214.33739283960995,25.643843109595633,Ovingdean,Published first preferences,Option Z (in force from 2026)
now,3.2,2.4,W_att8,2026,optionZ,287.63915021982245,26.587400320483283,Ovingdean,Attainment 8,Option Z (in force from 2026)
now,3.2,2.4,W_att8,2030,optionZ,225.71678838660597,25.514043336646253,Ovingdean,Attainment 8,Option Z (in force from 2026)
now,3.2,2.4,W_att8,2035,optionZ,201.22018276861144,25.174808313251024,Ovingdean,Attainment 8,Option Z (in force from 2026)
elm,1.5,0,W_equal,2026,optionZ,364.1164270854264,32.69733360669233,Elm Grove,All schools equal,Option Z (in force from 2026)
elm,1.5,0,W_equal,2030,optionZ,289.63615774538465,32.295907357931426,Elm Grove,All schools equal,Option Z (in force from 2026)
elm,1.5,0,W_equal,2035,optionZ,259.6352301261677,31.860852224289268,Elm Grove,All schools equal,Option Z (in force from 2026)
elm,1.5,0,W_pan,2026,optionZ,353.6925399331236,32.59522143590007,Elm Grove,Proportional to PAN,Option Z (in force from 2026)
elm,1.5,0,W_pan,2030,optionZ,293.0492459199557,32.35595545834398,Elm Grove,Proportional to PAN,Option Z (in force from 2026)
elm,1.5,0,W_pan,2035,optionZ,270.4102730255819,32.15795370556541,Elm Grove,Proportional to PAN,Option Z (in force from 2026)
elm,1.5,0,W_prefs,2026,optionZ,210.31369877912962,30.80258797307153,Elm Grove,Published first preferences,Option Z (in force from 2026)
elm,1.5,0,W_prefs,2030,optionZ,165.71579799796532,30.54781335721349,Elm Grove,Published first preferences,Option Z (in force from 2026)
elm,1.5,0,W_prefs,2035,optionZ,148.84667907782884,30.290807027625444,Elm Grove,Published first preferences,Option Z (in force from 2026)
elm,1.5,0,W_att8,2026,optionZ,192.3668008180681,30.335346560569334,Elm Grove,Attainment 8,Option Z (in force from 2026)
elm,1.5,0,W_att8,2030,optionZ,126.22228040195331,29.749249726608944,Elm Grove,Attainment 8,Option Z (in force from 2026)
elm,1.5,0,W_att8,2035,optionZ,111.12663186537299,29.550485025898084,Elm Grove,Attainment 8,Option Z (in force from 2026)
elm,1.5,0.8,W_equal,2026,optionZ,367.93919681012324,32.060791346558396,Elm Grove,All schools equal,Option Z (in force from 2026)
elm,1.5,0.8,W_equal,2030,optionZ,284.17612647689117,31.32146839904008,Elm Grove,All schools equal,Option Z (in force from 2026)
elm,1.5,0.8,W_equal,2035,optionZ,253.19386556172466,30.802519704510683,Elm Grove,All schools equal,Option Z (in force from 2026)
elm,1.5,0.8,W_pan,2026,optionZ,369.7852996099849,32.12104189852797,Elm Grove,Proportional to PAN,Option Z (in force from 2026)
elm,1.5,0.8,W_pan,2030,optionZ,282.9341766300654,31.345394976923163,Elm Grove,Proportional to PAN,Option Z (in force from 2026)
elm,1.5,0.8,W_pan,2035,optionZ,259.2675060469491,31.12409284825264,Elm Grove,Proportional to PAN,Option Z (in force from 2026)
elm,1.5,0.8,W_prefs,2026,optionZ,226.47941555434963,30.41920001675443,Elm Grove,Published first preferences,Option Z (in force from 2026)
elm,1.5,0.8,W_prefs,2030,optionZ,167.39580094198016,29.939715273290123,Elm Grove,Published first preferences,Option Z (in force from 2026)
elm,1.5,0.8,W_prefs,2035,optionZ,150.40919611644844,29.75961010884998,Elm Grove,Published first preferences,Option Z (in force from 2026)
elm,1.5,0.8,W_att8,2026,optionZ,211.23764659086333,30.067465989963868,Elm Grove,Attainment 8,Option Z (in force from 2026)
elm,1.5,0.8,W_att8,2030,optionZ,131.76482385407064,29.460361245300053,Elm Grove,Attainment 8,Option Z (in force from 2026)
elm,1.5,0.8,W_att8,2035,optionZ,112.40564178204319,29.388898495224737,Elm Grove,Attainment 8,Option Z (in force from 2026)
elm,1.5,1.6,W_equal,2026,optionZ,381.74975679956003,32.44799145805681,Elm Grove,All schools equal,Option Z (in force from 2026)
elm,1.5,1.6,W_equal,2030,optionZ,281.96116574714466,31.311870041115576,Elm Grove,All schools equal,Option Z (in force from 2026)
elm,1.5,1.6,W_equal,2035,optionZ,248.5372762190921,30.645915232459668,Elm Grove,All schools equal,Option Z (in force from 2026)
elm,1.5,1.6,W_pan,2026,optionZ,389.11108519024714,32.50764544449655,Elm Grove,Proportional to PAN,Option Z (in force from 2026)
elm,1.5,1.6,W_pan,2030,optionZ,283.8724429652606,31.512673325152388,Elm Grove,Proportional to PAN,Option Z (in force from 2026)
elm,1.5,1.6,W_pan,2035,optionZ,254.11529429435697,31.061198042193176,Elm Grove,Proportional to PAN,Option Z (in force from 2026)
elm,1.5,1.6,W_prefs,2026,optionZ,263.5856491061606,31.113477397956974,Elm Grove,Published first preferences,Option Z (in force from 2026)
elm,1.5,1.6,W_prefs,2030,optionZ,184.23444092119408,30.421995813353437,Elm Grove,Published first preferences,Option Z (in force from 2026)
elm,1.5,1.6,W_prefs,2035,optionZ,161.702518621594,30.147184016155155,Elm Grove,Published first preferences,Option Z (in force from 2026)
elm,1.5,1.6,W_att8,2026,optionZ,241.12940890957051,30.673217115027946,Elm Grove,Attainment 8,Option Z (in force from 2026)
elm,1.5,1.6,W_att8,2030,optionZ,153.67882820220365,30.127772836115028,Elm Grove,Attainment 8,Option Z (in force from 2026)
elm,1.5,1.6,W_att8,2035,optionZ,127.23955939294773,30.066420379436966,Elm Grove,Attainment 8,Option Z (in force from 2026)
elm,1.5,2.4,W_equal,2026,optionZ,398.4176313310871,33.414206075739735,Elm Grove,All schools equal,Option Z (in force from 2026)
elm,1.5,2.4,W_equal,2030,optionZ,284.4235126484055,32.30956424058504,Elm Grove,All schools equal,Option Z (in force from 2026)
elm,1.5,2.4,W_equal,2035,optionZ,246.339291197719,31.40078679703163,Elm Grove,All schools equal,Option Z (in force from 2026)
elm,1.5,2.4,W_pan,2026,optionZ,398.1528342773955,33.44836708228769,Elm Grove,Proportional to PAN,Option Z (in force from 2026)
elm,1.5,2.4,W_pan,2030,optionZ,285.8521668286471,32.50008227110296,Elm Grove,Proportional to PAN,Option Z (in force from 2026)
elm,1.5,2.4,W_pan,2035,optionZ,252.07321732164206,31.848136605474018,Elm Grove,Proportional to PAN,Option Z (in force from 2026)
elm,1.5,2.4,W_prefs,2026,optionZ,301.91601342491805,32.30626050008405,Elm Grove,Published first preferences,Option Z (in force from 2026)
elm,1.5,2.4,W_prefs,2030,optionZ,210.5861520602878,31.686559670923796,Elm Grove,Published first preferences,Option Z (in force from 2026)
elm,1.5,2.4,W_prefs,2035,optionZ,184.39143321881386,31.320888767154937,Elm Grove,Published first preferences,Option Z (in force from 2026)
elm,1.5,2.4,W_att8,2026,optionZ,275.595230657703,31.863408379779944,Elm Grove,Attainment 8,Option Z (in force from 2026)
elm,1.5,2.4,W_att8,2030,optionZ,185.99818682267406,31.451482651572675,Elm Grove,Attainment 8,Option Z (in force from 2026)
elm,1.5,2.4,W_att8,2035,optionZ,155.28581611484722,31.24724699921152,Elm Grove,Attainment 8,Option Z (in force from 2026)
elm,1.6,0,W_equal,2026,optionZ,369.07005834170826,31.962162754133846,Elm Grove,All schools equal,Option Z (in force from 2026)
elm,1.6,0,W_equal,2030,optionZ,295.62306762226956,31.533784507126526,Elm Grove,All schools equal,Option Z (in force from 2026)
elm,1.6,0,W_equal,2035,optionZ,264.8648373766837,31.07956365135382,Elm Grove,All schools equal,Option Z (in force from 2026)
elm,1.6,0,W_pan,2026,optionZ,360.4339976479518,31.859567861305344,Elm Grove,Proportional to PAN,Option Z (in force from 2026)
elm,1.6,0,W_pan,2030,optionZ,298.1399912808995,31.567117102992878,Elm Grove,Proportional to PAN,Option Z (in force from 2026)
elm,1.6,0,W_pan,2035,optionZ,275.21881972102545,31.376933349486787,Elm Grove,Proportional to PAN,Option Z (in force from 2026)
elm,1.6,0,W_prefs,2026,optionZ,215.14713077773948,29.88120993431507,Elm Grove,Published first preferences,Option Z (in force from 2026)
elm,1.6,0,W_prefs,2030,optionZ,171.2555073853582,29.6307517811662,Elm Grove,Published first preferences,Option Z (in force from 2026)
elm,1.6,0,W_prefs,2035,optionZ,154.0155869483479,29.371489254868475,Elm Grove,Published first preferences,Option Z (in force from 2026)
elm,1.6,0,W_att8,2026,optionZ,196.56166291215757,29.383531038824177,Elm Grove,Attainment 8,Option Z (in force from 2026)
elm,1.6,0,W_att8,2030,optionZ,131.18795268093604,28.76681891827199,Elm Grove,Attainment 8,Option Z (in force from 2026)
elm,1.6,0,W_att8,2035,optionZ,115.91440886793067,28.562336153877332,Elm Grove,Attainment 8,Option Z (in force from 2026)
elm,1.6,0.8,W_equal,2026,optionZ,373.60240962353294,31.429375481272334,Elm Grove,All schools equal,Option Z (in force from 2026)
elm,1.6,0.8,W_equal,2030,optionZ,290.88093449203,30.664387248665513,Elm Grove,All schools equal,Option Z (in force from 2026)
elm,1.6,0.8,W_equal,2035,optionZ,259.1159558440577,30.128347404408487,Elm Grove,All schools equal,Option Z (in force from 2026)
elm,1.6,0.8,W_pan,2026,optionZ,375.3302221760025,31.494103307703504,Elm Grove,Proportional to PAN,Option Z (in force from 2026)
elm,1.6,0.8,W_pan,2030,optionZ,288.7029895817644,30.64259842461584,Elm Grove,Proportional to PAN,Option Z (in force from 2026)
elm,1.6,0.8,W_pan,2035,optionZ,264.91278432108,30.435809148476842,Elm Grove,Proportional to PAN,Option Z (in force from 2026)
elm,1.6,0.8,W_prefs,2026,optionZ,233.16796191222585,29.69830062257912,Elm Grove,Published first preferences,Option Z (in force from 2026)
elm,1.6,0.8,W_prefs,2030,optionZ,173.69586194912773,29.168325113507265,Elm Grove,Published first preferences,Option Z (in force from 2026)
elm,1.6,0.8,W_prefs,2035,optionZ,156.06281514147912,28.988008182423307,Elm Grove,Published first preferences,Option Z (in force from 2026)
elm,1.6,0.8,W_att8,2026,optionZ,216.27724687584373,29.303854543704233,Elm Grove,Attainment 8,Option Z (in force from 2026)
elm,1.6,0.8,W_att8,2030,optionZ,136.76393434540762,28.654364446609502,Elm Grove,Attainment 8,Option Z (in force from 2026)
elm,1.6,0.8,W_att8,2035,optionZ,117.6046369042121,28.569826226635,Elm Grove,Attainment 8,Option Z (in force from 2026)
elm,1.6,1.6,W_equal,2026,optionZ,383.193706842888,31.943450861824044,Elm Grove,All schools equal,Option Z (in force from 2026)
elm,1.6,1.6,W_equal,2030,optionZ,288.43945792980077,30.80036481170847,Elm Grove,All schools equal,Option Z (in force from 2026)
elm,1.6,1.6,W_equal,2035,optionZ,254.2032519465152,30.11546017251471,Elm Grove,All schools equal,Option Z (in force from 2026)
elm,1.6,1.6,W_pan,2026,optionZ,392.0860363586229,32.00682585792583,Elm Grove,Proportional to PAN,Option Z (in force from 2026)
elm,1.6,1.6,W_pan,2030,optionZ,289.73592956607104,30.99683267880738,Elm Grove,Proportional to PAN,Option Z (in force from 2026)
elm,1.6,1.6,W_pan,2035,optionZ,259.2877374975583,30.507668801817406,Elm Grove,Proportional to PAN,Option Z (in force from 2026)
elm,1.6,1.6,W_prefs,2026,optionZ,268.40458460302773,30.5959348885444,Elm Grove,Published first preferences,Option Z (in force from 2026)
elm,1.6,1.6,W_prefs,2030,optionZ,190.22980474886327,29.867244539200655,Elm Grove,Published first preferences,Option Z (in force from 2026)
elm,1.6,1.6,W_prefs,2035,optionZ,167.22536077771727,29.6026088735761,Elm Grove,Published first preferences,Option Z (in force from 2026)
elm,1.6,1.6,W_att8,2026,optionZ,245.53132220763868,30.125059509453735,Elm Grove,Attainment 8,Option Z (in force from 2026)
elm,1.6,1.6,W_att8,2030,optionZ,158.42493605211607,29.58946327894999,Elm Grove,Attainment 8,Option Z (in force from 2026)
elm,1.6,1.6,W_att8,2035,optionZ,132.2484589596647,29.511174828800584,Elm Grove,Attainment 8,Option Z (in force from 2026)
elm,1.6,2.4,W_equal,2026,optionZ,398.4011497973695,33.023955641323354,Elm Grove,All schools equal,Option Z (in force from 2026)
elm,1.6,2.4,W_equal,2030,optionZ,288.9447390769601,31.935479584220996,Elm Grove,All schools equal,Option Z (in force from 2026)
elm,1.6,2.4,W_equal,2035,optionZ,250.76210192073776,31.01355993009256,Elm Grove,All schools equal,Option Z (in force from 2026)
elm,1.6,2.4,W_pan,2026,optionZ,399.51804833307426,33.05726422686945,Elm Grove,Proportional to PAN,Option Z (in force from 2026)
elm,1.6,2.4,W_pan,2030,optionZ,290.07566332719676,32.12439222695844,Elm Grove,Proportional to PAN,Option Z (in force from 2026)
elm,1.6,2.4,W_pan,2035,optionZ,255.9730342884479,31.44687033321705,Elm Grove,Proportional to PAN,Option Z (in force from 2026)
elm,1.6,2.4,W_prefs,2026,optionZ,304.83672564104353,31.951473983557978,Elm Grove,Published first preferences,Option Z (in force from 2026)
elm,1.6,2.4,W_prefs,2030,optionZ,215.69483152889552,31.363989934114212,Elm Grove,Published first preferences,Option Z (in force from 2026)
elm,1.6,2.4,W_prefs,2035,optionZ,188.64329051086986,30.986143329308575,Elm Grove,Published first preferences,Option Z (in force from 2026)
elm,1.6,2.4,W_att8,2026,optionZ,280.17834507895196,31.520183214440642,Elm Grove,Attainment 8,Option Z (in force from 2026)
elm,1.6,2.4,W_att8,2030,optionZ,189.97026522131637,31.162481142051718,Elm Grove,Attainment 8,Option Z (in force from 2026)
elm,1.6,2.4,W_att8,2035,optionZ,159.4952252599764,30.941875387688263,Elm Grove,Attainment 8,Option Z (in force from 2026)
elm,1.7,0,W_equal,2026,optionZ,374.0915189518811,31.27669022226215,Elm Grove,All schools equal,Option Z (in force from 2026)
elm,1.7,0,W_equal,2030,optionZ,301.7284175307642,30.826820280053223,Elm Grove,All schools equal,Option Z (in force from 2026)
elm,1.7,0,W_equal,2035,optionZ,270.26117023310997,30.35587015564226,Elm Grove,All schools equal,Option Z (in force from 2026)
elm,1.7,0,W_pan,2026,optionZ,367.2679227923206,31.17684284607335,Elm Grove,Proportional to PAN,Option Z (in force from 2026)
elm,1.7,0,W_pan,2030,optionZ,303.38206872913463,30.830925112572064,Elm Grove,Proportional to PAN,Option Z (in force from 2026)
elm,1.7,0,W_pan,2035,optionZ,280.1349861608557,30.64812758371102,Elm Grove,Proportional to PAN,Option Z (in force from 2026)
elm,1.7,0,W_prefs,2026,optionZ,221.60634506587175,29.044660094344184,Elm Grove,Published first preferences,Option Z (in force from 2026)
elm,1.7,0,W_prefs,2030,optionZ,177.28743152131761,28.781426684776285,Elm Grove,Published first preferences,Option Z (in force from 2026)
elm,1.7,0,W_prefs,2035,optionZ,159.428934538798,28.518635776505768,Elm Grove,Published first preferences,Option Z (in force from 2026)
elm,1.7,0,W_att8,2026,optionZ,200.90517907583546,28.49269616131721,Elm Grove,Attainment 8,Option Z (in force from 2026)
elm,1.7,0,W_att8,2030,optionZ,136.42766790578463,27.85411891419491,Elm Grove,Attainment 8,Option Z (in force from 2026)
elm,1.7,0,W_att8,2035,optionZ,121.02104400766726,27.645916132066088,Elm Grove,Attainment 8,Option Z (in force from 2026)
elm,1.7,0.8,W_equal,2026,optionZ,379.24176297223454,30.845297984528813,Elm Grove,All schools equal,Option Z (in force from 2026)
elm,1.7,0.8,W_equal,2030,optionZ,297.6949135466438,30.061292196098805,Elm Grove,All schools equal,Option Z (in force from 2026)
elm,1.7,0.8,W_equal,2035,optionZ,265.1423040587063,29.50833343980428,Elm Grove,All schools equal,Option Z (in force from 2026)
elm,1.7,0.8,W_pan,2026,optionZ,380.81263195357565,30.913724705048136,Elm Grove,Proportional to PAN,Option Z (in force from 2026)
elm,1.7,0.8,W_pan,2030,optionZ,294.5969987753867,29.992592597651115,Elm Grove,Proportional to PAN,Option Z (in force from 2026)
elm,1.7,0.8,W_pan,2035,optionZ,270.68879913229154,29.801283176037778,Elm Grove,Proportional to PAN,Option Z (in force from 2026)
elm,1.7,0.8,W_prefs,2026,optionZ,239.92439796753672,29.033305586200374,Elm Grove,Published first preferences,Option Z (in force from 2026)
elm,1.7,0.8,W_prefs,2030,optionZ,180.2730535269306,28.456835157147435,Elm Grove,Published first preferences,Option Z (in force from 2026)
elm,1.7,0.8,W_prefs,2035,optionZ,161.9822014901985,28.276203706716366,Elm Grove,Published first preferences,Option Z (in force from 2026)
elm,1.7,0.8,W_att8,2026,optionZ,221.42248766842624,28.59548789252966,Elm Grove,Attainment 8,Option Z (in force from 2026)
elm,1.7,0.8,W_att8,2030,optionZ,141.980473291309,27.90639615542148,Elm Grove,Attainment 8,Option Z (in force from 2026)
elm,1.7,0.8,W_att8,2035,optionZ,123.1415444477466,27.81070108728126,Elm Grove,Attainment 8,Option Z (in force from 2026)
elm,1.7,1.6,W_equal,2026,optionZ,386.4090832567091,31.470217461199315,Elm Grove,All schools equal,Option Z (in force from 2026)
elm,1.7,1.6,W_equal,2030,optionZ,294.9822130263912,30.323118556585683,Elm Grove,All schools equal,Option Z (in force from 2026)
elm,1.7,1.6,W_equal,2035,optionZ,259.98370681454077,29.6213747831605,Elm Grove,All schools equal,Option Z (in force from 2026)
elm,1.7,1.6,W_pan,2026,optionZ,394.9301954339824,31.536567050967975,Elm Grove,Proportional to PAN,Option Z (in force from 2026)
elm,1.7,1.6,W_pan,2030,optionZ,296.14338627212237,30.511626006582514,Elm Grove,Proportional to PAN,Option Z (in force from 2026)
elm,1.7,1.6,W_pan,2035,optionZ,264.59606267394554,29.989699042410884,Elm Grove,Proportional to PAN,Option Z (in force from 2026)
elm,1.7,1.6,W_prefs,2026,optionZ,274.09485967970056,30.112638839940672,Elm Grove,Published first preferences,Option Z (in force from 2026)
elm,1.7,1.6,W_prefs,2030,optionZ,196.41484053158922,29.344958873584325,Elm Grove,Published first preferences,Option Z (in force from 2026)
elm,1.7,1.6,W_prefs,2035,optionZ,172.95689532635205,29.090799385172076,Elm Grove,Published first preferences,Option Z (in force from 2026)
elm,1.7,1.6,W_att8,2026,optionZ,249.95124705228136,29.61018755608055,Elm Grove,Attainment 8,Option Z (in force from 2026)
elm,1.7,1.6,W_att8,2030,optionZ,163.27461930247597,29.082328890118305,Elm Grove,Attainment 8,Option Z (in force from 2026)
elm,1.7,1.6,W_att8,2035,optionZ,137.4949238215624,28.985215799655528,Elm Grove,Attainment 8,Option Z (in force from 2026)
elm,1.7,2.4,W_equal,2026,optionZ,398.2950359502613,32.65086682127889,Elm Grove,All schools equal,Option Z (in force from 2026)
elm,1.7,2.4,W_equal,2030,optionZ,293.7160340018782,31.56890826161356,Elm Grove,All schools equal,Option Z (in force from 2026)
elm,1.7,2.4,W_equal,2035,optionZ,255.31054835619628,30.636712786518626,Elm Grove,All schools equal,Option Z (in force from 2026)
elm,1.7,2.4,W_pan,2026,optionZ,400.8135345937397,32.68268122623066,Elm Grove,Proportional to PAN,Option Z (in force from 2026)
elm,1.7,2.4,W_pan,2030,optionZ,294.39663024828735,31.757904678627675,Elm Grove,Proportional to PAN,Option Z (in force from 2026)
elm,1.7,2.4,W_pan,2035,optionZ,260.04879878402164,31.05642174704705,Elm Grove,Proportional to PAN,Option Z (in force from 2026)
elm,1.7,2.4,W_prefs,2026,optionZ,307.6433514796365,31.611430289627297,Elm Grove,Published first preferences,Option Z (in force from 2026)
elm,1.7,2.4,W_prefs,2030,optionZ,220.88772258975453,31.04694501984911,Elm Grove,Published first preferences,Option Z (in force from 2026)
elm,1.7,2.4,W_prefs,2035,optionZ,193.00420630169523,30.658280240828375,Elm Grove,Published first preferences,Option Z (in force from 2026)
elm,1.7,2.4,W_att8,2026,optionZ,284.69082127412526,31.190469410681946,Elm Grove,Attainment 8,Option Z (in force from 2026)
elm,1.7,2.4,W_att8,2030,optionZ,193.90140661246915,30.88253097957474,Elm Grove,Attainment 8,Option Z (in force from 2026)
elm,1.7,2.4,W_att8,2035,optionZ,163.79892635468408,30.643307540932316,Elm Grove,Attainment 8,Option Z (in force from 2026)
elm,1.8,0,W_equal,2026,optionZ,379.14484511986774,30.641036738341537,Elm Grove,All schools equal,Option Z (in force from 2026)
elm,1.8,0,W_equal,2030,optionZ,307.91185636373825,30.17519262548396,Elm Grove,All schools equal,Option Z (in force from 2026)
elm,1.8,0,W_equal,2035,optionZ,275.7153282536538,29.687253610618278,Elm Grove,All schools equal,Option Z (in force from 2026)
elm,1.8,0,W_pan,2026,optionZ,374.15149502928335,30.54707890421147,Elm Grove,Proportional to PAN,Option Z (in force from 2026)
elm,1.8,0,W_pan,2030,optionZ,308.79060585746896,30.149688953516492,Elm Grove,Proportional to PAN,Option Z (in force from 2026)
elm,1.8,0,W_pan,2035,optionZ,285.1285396270804,29.9722894922489,Elm Grove,Proportional to PAN,Option Z (in force from 2026)
elm,1.8,0,W_prefs,2026,optionZ,228.41046050549883,28.2771255629533,Elm Grove,Published first preferences,Option Z (in force from 2026)
elm,1.8,0,W_prefs,2030,optionZ,183.5330969894191,28.000436548140005,Elm Grove,Published first preferences,Option Z (in force from 2026)
elm,1.8,0,W_prefs,2035,optionZ,165.04782861746537,27.73473020376396,Elm Grove,Published first preferences,Option Z (in force from 2026)
elm,1.8,0,W_att8,2026,optionZ,205.70638126115452,27.675955152880356,Elm Grove,Attainment 8,Option Z (in force from 2026)
elm,1.8,0,W_att8,2030,optionZ,141.90385490174316,27.014614169933015,Elm Grove,Attainment 8,Option Z (in force from 2026)
elm,1.8,0,W_att8,2035,optionZ,126.45116077650658,26.806555129309594,Elm Grove,Attainment 8,Option Z (in force from 2026)
elm,1.8,0.8,W_equal,2026,optionZ,384.8208823762617,30.30747800987779,Elm Grove,All schools equal,Option Z (in force from 2026)
elm,1.8,0.8,W_equal,2030,optionZ,304.56370129235177,29.510949280462924,Elm Grove,All schools equal,Option Z (in force from 2026)
elm,1.8,0.8,W_equal,2035,optionZ,271.2240226450096,28.94125386635299,Elm Grove,All schools equal,Option Z (in force from 2026)
elm,1.8,0.8,W_pan,2026,optionZ,386.20229422734343,30.378718209553984,Elm Grove,Proportional to PAN,Option Z (in force from 2026)
elm,1.8,0.8,W_pan,2030,optionZ,300.6255674727565,29.39713464304901,Elm Grove,Proportional to PAN,Option Z (in force from 2026)
elm,1.8,0.8,W_pan,2035,optionZ,276.54561026131216,29.219648833735413,Elm Grove,Proportional to PAN,Option Z (in force from 2026)
elm,1.8,0.8,W_prefs,2026,optionZ,246.70147078405012,28.423612103485176,Elm Grove,Published first preferences,Option Z (in force from 2026)
elm,1.8,0.8,W_prefs,2030,optionZ,187.07720248477258,27.805771226566844,Elm Grove,Published first preferences,Option Z (in force from 2026)
elm,1.8,0.8,W_prefs,2035,optionZ,168.12210558302283,27.624695688375233,Elm Grove,Published first preferences,Option Z (in force from 2026)
elm,1.8,0.8,W_att8,2026,optionZ,226.63642451661107,27.942257520032793,Elm Grove,Attainment 8,Option Z (in force from 2026)
elm,1.8,0.8,W_att8,2030,optionZ,147.3780477595606,27.217165987732468,Elm Grove,Attainment 8,Option Z (in force from 2026)
elm,1.8,0.8,W_att8,2035,optionZ,128.98349967793956,27.113038224672135,Elm Grove,Attainment 8,Option Z (in force from 2026)
elm,1.8,1.6,W_equal,2026,optionZ,391.62947452496144,31.029323994820007,Elm Grove,All schools equal,Option Z (in force from 2026)
elm,1.8,1.6,W_equal,2030,optionZ,301.5439698449739,29.8799988440152,Elm Grove,All schools equal,Option Z (in force from 2026)
elm,1.8,1.6,W_equal,2035,optionZ,265.8322762067797,29.1633265783363,Elm Grove,All schools equal,Option Z (in force from 2026)
elm,1.8,1.6,W_pan,2026,optionZ,397.6429891783625,31.096206406586607,Elm Grove,Proportional to PAN,Option Z (in force from 2026)
elm,1.8,1.6,W_pan,2030,optionZ,302.59077373970916,30.05956226854999,Elm Grove,Proportional to PAN,Option Z (in force from 2026)
elm,1.8,1.6,W_pan,2035,optionZ,269.99603858768114,29.507298006265675,Elm Grove,Proportional to PAN,Option Z (in force from 2026)
elm,1.8,1.6,W_prefs,2026,optionZ,279.8501173652076,29.662287273443813,Elm Grove,Published first preferences,Option Z (in force from 2026)
elm,1.8,1.6,W_prefs,2030,optionZ,202.8412181396436,28.85992108759198,Elm Grove,Published first preferences,Option Z (in force from 2026)
elm,1.8,1.6,W_prefs,2035,optionZ,178.86487229002742,28.611632745441074,Elm Grove,Published first preferences,Option Z (in force from 2026)
elm,1.8,1.6,W_att8,2026,optionZ,254.97796630598486,29.137971841153792,Elm Grove,Attainment 8,Option Z (in force from 2026)
elm,1.8,1.6,W_att8,2030,optionZ,168.21430465465178,28.605948332184376,Elm Grove,Attainment 8,Option Z (in force from 2026)
elm,1.8,1.6,W_att8,2035,optionZ,142.961790128614,28.488115526558015,Elm Grove,Attainment 8,Option Z (in force from 2026)
elm,1.8,2.4,W_equal,2026,optionZ,398.1158366995723,32.294856928741225,Elm Grove,All schools equal,Option Z (in force from 2026)
elm,1.8,2.4,W_equal,2030,optionZ,298.779051074639,31.209691878911315,Elm Grove,All schools equal,Option Z (in force from 2026)
elm,1.8,2.4,W_equal,2035,optionZ,259.9609062647988,30.271318955021684,Elm Grove,All schools equal,Option Z (in force from 2026)
elm,1.8,2.4,W_pan,2026,optionZ,402.04500647351836,32.32479673791811,Elm Grove,Proportional to PAN,Option Z (in force from 2026)
elm,1.8,2.4,W_pan,2030,optionZ,298.79623987237176,31.40165926118468,Elm Grove,Proportional to PAN,Option Z (in force from 2026)
elm,1.8,2.4,W_pan,2035,optionZ,264.27804333325537,30.677674004215124,Elm Grove,Proportional to PAN,Option Z (in force from 2026)
elm,1.8,2.4,W_prefs,2026,optionZ,310.33740614542785,31.285967512712094,Elm Grove,Published first preferences,Option Z (in force from 2026)
elm,1.8,2.4,W_prefs,2030,optionZ,226.16273430576695,30.735268693191802,Elm Grove,Published first preferences,Option Z (in force from 2026)
elm,1.8,2.4,W_prefs,2035,optionZ,197.4698447806887,30.33672567849352,Elm Grove,Published first preferences,Option Z (in force from 2026)
elm,1.8,2.4,W_att8,2026,optionZ,289.1240242357949,30.874162615836124,Elm Grove,Attainment 8,Option Z (in force from 2026)
elm,1.8,2.4,W_att8,2030,optionZ,197.7908096495828,30.610549361135284,Elm Grove,Attainment 8,Option Z (in force from 2026)
elm,1.8,2.4,W_att8,2035,optionZ,168.19873986866554,30.34986133700897,Elm Grove,Attainment 8,Option Z (in force from 2026)
elm,1.9,0,W_equal,2026,optionZ,384.19908624660695,30.054271155366045,Elm Grove,All schools equal,Option Z (in force from 2026)
elm,1.9,0,W_equal,2030,optionZ,314.1364124685681,29.577784751346535,Elm Grove,All schools equal,Option Z (in force from 2026)
elm,1.9,0,W_equal,2035,optionZ,281.1971659283818,29.072686761198234,Elm Grove,All schools equal,Option Z (in force from 2026)
elm,1.9,0,W_pan,2026,optionZ,381.04721245140246,29.969157560303366,Elm Grove,Proportional to PAN,Option Z (in force from 2026)
elm,1.9,0,W_pan,2030,optionZ,314.24949890014034,29.520815716954697,Elm Grove,Proportional to PAN,Option Z (in force from 2026)
elm,1.9,0,W_pan,2035,optionZ,290.17072635897836,29.348846024797577,Elm Grove,Proportional to PAN,Option Z (in force from 2026)
elm,1.9,0,W_prefs,2026,optionZ,235.35060223802634,27.574594042798108,Elm Grove,Published first preferences,Option Z (in force from 2026)
elm,1.9,0,W_prefs,2030,optionZ,189.9489482808069,27.288095098081453,Elm Grove,Published first preferences,Option Z (in force from 2026)
elm,1.9,0,W_prefs,2035,optionZ,170.8325511790982,27.02008647059348,Elm Grove,Published first preferences,Option Z (in force from 2026)
elm,1.9,0,W_att8,2026,optionZ,210.89238830815015,26.933960892873042,Elm Grove,Attainment 8,Option Z (in force from 2026)
elm,1.9,0,W_att8,2030,optionZ,147.5751792092677,26.24933057039307,Elm Grove,Attainment 8,Option Z (in force from 2026)
elm,1.9,0,W_att8,2035,optionZ,132.1221372209265,26.044018528871334,Elm Grove,Attainment 8,Option Z (in force from 2026)
elm,1.9,0.8,W_equal,2026,optionZ,390.31003983046895,29.81414138249071,Elm Grove,All schools equal,Option Z (in force from 2026)
elm,1.9,0.8,W_equal,2030,optionZ,311.4381263355248,29.011198233537836,Elm Grove,All schools equal,Option Z (in force from 2026)
elm,1.9,0.8,W_equal,2035,optionZ,277.31692484646055,28.424962752073174,Elm Grove,All schools equal,Option Z (in force from 2026)
elm,1.9,0.8,W_pan,2026,optionZ,391.47501668652677,29.88723498575339,Elm Grove,Proportional to PAN,Option Z (in force from 2026)
elm,1.9,0.8,W_pan,2030,optionZ,307.0449889795364,28.86756222769554,Elm Grove,Proportional to PAN,Option Z (in force from 2026)
elm,1.9,0.8,W_pan,2035,optionZ,282.4376727582871,28.689049146722198,Elm Grove,Proportional to PAN,Option Z (in force from 2026)
elm,1.9,0.8,W_prefs,2026,optionZ,253.45579949880118,27.867559612554572,Elm Grove,Published first preferences,Option Z (in force from 2026)
elm,1.9,0.8,W_prefs,2030,optionZ,194.0565154259797,27.21430204191496,Elm Grove,Published first preferences,Option Z (in force from 2026)
elm,1.9,0.8,W_prefs,2035,optionZ,174.43532078564257,27.03266283396676,Elm Grove,Published first preferences,Option Z (in force from 2026)
elm,1.9,0.8,W_att8,2026,optionZ,231.88356960428248,27.34297411706242,Elm Grove,Attainment 8,Option Z (in force from 2026)
elm,1.9,0.8,W_att8,2030,optionZ,152.91860746617047,26.586173918162576,Elm Grove,Attainment 8,Option Z (in force from 2026)
elm,1.9,0.8,W_att8,2035,optionZ,135.09237664679725,26.477021810725088,Elm Grove,Attainment 8,Option Z (in force from 2026)
elm,1.9,1.6,W_equal,2026,optionZ,396.741923208361,30.619100289435075,Elm Grove,All schools equal,Option Z (in force from 2026)
elm,1.9,1.6,W_equal,2030,optionZ,308.08240807486715,29.470432058672717,Elm Grove,All schools equal,Option Z (in force from 2026)
elm,1.9,1.6,W_equal,2035,optionZ,271.7048276112936,28.74052928869768,Elm Grove,All schools equal,Option Z (in force from 2026)
elm,1.9,1.6,W_pan,2026,optionZ,400.6027421457321,30.68927876647996,Elm Grove,Proportional to PAN,Option Z (in force from 2026)
elm,1.9,1.6,W_pan,2030,optionZ,309.0351958434917,29.640323442331653,Elm Grove,Proportional to PAN,Option Z (in force from 2026)
elm,1.9,1.6,W_pan,2035,optionZ,275.44561434476674,29.06004674976563,Elm Grove,Proportional to PAN,Option Z (in force from 2026)
elm,1.9,1.6,W_prefs,2026,optionZ,285.49862934394037,29.243765938222026,Elm Grove,Published first preferences,Option Z (in force from 2026)
elm,1.9,1.6,W_prefs,2030,optionZ,209.822886321632,28.431131902728335,Elm Grove,Published first preferences,Option Z (in force from 2026)
elm,1.9,1.6,W_prefs,2035,optionZ,184.91321641831917,28.16490449964021,Elm Grove,Published first preferences,Option Z (in force from 2026)
elm,1.9,1.6,W_att8,2026,optionZ,261.3284929462344,28.720643201224128,Elm Grove,Attainment 8,Option Z (in force from 2026)
elm,1.9,1.6,W_att8,2030,optionZ,173.71850821006367,28.179242228571887,Elm Grove,Attainment 8,Option Z (in force from 2026)
elm,1.9,1.6,W_att8,2035,optionZ,148.62789560728413,28.019605794125784,Elm Grove,Attainment 8,Option Z (in force from 2026)
elm,1.9,2.4,W_equal,2026,optionZ,397.8799306973848,31.955651182801244,Elm Grove,All schools equal,Option Z (in force from 2026)
elm,1.9,2.4,W_equal,2030,optionZ,303.9066117960882,30.86238948721628,Elm Grove,All schools equal,Option Z (in force from 2026)
elm,1.9,2.4,W_equal,2035,optionZ,264.6870745059424,29.918645345914268,Elm Grove,All schools equal,Option Z (in force from 2026)
elm,1.9,2.4,W_pan,2026,optionZ,403.21882711771735,31.98357851526486,Elm Grove,Proportional to PAN,Option Z (in force from 2026)
elm,1.9,2.4,W_pan,2030,optionZ,303.45948499221026,31.05380860889984,Elm Grove,Proportional to PAN,Option Z (in force from 2026)
elm,1.9,2.4,W_pan,2035,optionZ,268.6346432578978,30.311748171819776,Elm Grove,Proportional to PAN,Option Z (in force from 2026)
elm,1.9,2.4,W_prefs,2026,optionZ,313.19903592766155,30.974473900171013,Elm Grove,Published first preferences,Option Z (in force from 2026)
elm,1.9,2.4,W_prefs,2030,optionZ,231.5140155960676,30.429270429677725,Elm Grove,Published first preferences,Option Z (in force from 2026)
elm,1.9,2.4,W_prefs,2035,optionZ,202.0331629991522,30.02139473664664,Elm Grove,Published first preferences,Option Z (in force from 2026)
elm,1.9,2.4,W_att8,2026,optionZ,293.46905675677857,30.571167507453666,Elm Grove,Attainment 8,Option Z (in force from 2026)
elm,1.9,2.4,W_att8,2030,optionZ,201.63763679383078,30.345707057611477,Elm Grove,Attainment 8,Option Z (in force from 2026)
elm,1.9,2.4,W_att8,2035,optionZ,172.6959695818794,30.060313217447728,Elm Grove,Attainment 8,Option Z (in force from 2026)
elm,2,0,W_equal,2026,optionZ,389.22558301013146,29.51464199440329,Elm Grove,All schools equal,Option Z (in force from 2026)
elm,2,0,W_equal,2030,optionZ,320.3690799942361,29.032523051878204,Elm Grove,All schools equal,Option Z (in force from 2026)
elm,2,0,W_equal,2035,optionZ,286.67910107747446,28.510155569739492,Elm Grove,All schools equal,Option Z (in force from 2026)
elm,2,0,W_pan,2026,optionZ,387.92031469126937,29.44104801711091,Elm Grove,Proportional to PAN,Option Z (in force from 2026)
elm,2,0,W_pan,2030,optionZ,319.7308151711272,28.94281218666092,Elm Grove,Proportional to PAN,Option Z (in force from 2026)
elm,2,0,W_pan,2035,optionZ,295.2350132441257,28.776207728935375,Elm Grove,Proportional to PAN,Option Z (in force from 2026)
elm,2,0,W_prefs,2026,optionZ,242.38372054905435,26.935602535894628,Elm Grove,Published first preferences,Option Z (in force from 2026)
elm,2,0,W_prefs,2030,optionZ,196.49227585207097,26.64292773703839,Elm Grove,Published first preferences,Option Z (in force from 2026)
elm,2,0,W_prefs,2035,optionZ,176.74369166660182,26.3732241133393,Elm Grove,Published first preferences,Option Z (in force from 2026)
elm,2,0,W_att8,2026,optionZ,216.14981786499578,26.257249227842614,Elm Grove,Attainment 8,Option Z (in force from 2026)
elm,2,0,W_att8,2030,optionZ,153.3992561296418,25.55722163355298,Elm Grove,Attainment 8,Option Z (in force from 2026)
elm,2,0,W_att8,2035,optionZ,137.9943920767123,25.357411493418763,Elm Grove,Attainment 8,Option Z (in force from 2026)
elm,2,0.8,W_equal,2026,optionZ,395.68369310313085,29.36298143996147,Elm Grove,All schools equal,Option Z (in force from 2026)
elm,2,0.8,W_equal,2030,optionZ,318.2758778700345,28.559258152516268,Elm Grove,All schools equal,Option Z (in force from 2026)
elm,2,0.8,W_equal,2035,optionZ,283.38222177996465,27.956652552432942,Elm Grove,All schools equal,Option Z (in force from 2026)
elm,2,0.8,W_pan,2026,optionZ,397.3688123269799,29.4416331365806,Elm Grove,Proportional to PAN,Option Z (in force from 2026)
elm,2,0.8,W_pan,2030,optionZ,313.91953316496733,28.40801129056339,Elm Grove,Proportional to PAN,Option Z (in force from 2026)
elm,2,0.8,W_pan,2035,optionZ,288.32452086922154,28.2068974944424,Elm Grove,Proportional to PAN,Option Z (in force from 2026)
elm,2,0.8,W_prefs,2026,optionZ,260.15023148315237,27.362700951207202,Elm Grove,Published first preferences,Option Z (in force from 2026)
elm,2,0.8,W_prefs,2030,optionZ,201.1601382289827,26.68047812965484,Elm Grove,Published first preferences,Option Z (in force from 2026)
elm,2,0.8,W_prefs,2035,optionZ,180.87513253151096,26.49818504962781,Elm Grove,Published first preferences,Option Z (in force from 2026)
elm,2,0.8,W_att8,2026,optionZ,237.1327807748421,26.795630293421635,Elm Grove,Attainment 8,Option Z (in force from 2026)
elm,2,0.8,W_att8,2030,optionZ,158.5633414616872,26.011899075305223,Elm Grove,Attainment 8,Option Z (in force from 2026)
elm,2,0.8,W_att8,2035,optionZ,141.42575030755265,25.901657332319644,Elm Grove,Attainment 8,Option Z (in force from 2026)
elm,2,1.6,W_equal,2026,optionZ,401.72618462297766,30.23861060814841,Elm Grove,All schools equal,Option Z (in force from 2026)
elm,2,1.6,W_equal,2030,optionZ,314.5607375292846,29.093481873258664,Elm Grove,All schools equal,Option Z (in force from 2026)
elm,2,1.6,W_equal,2035,optionZ,277.56135228383755,28.35179824900681,Elm Grove,All schools equal,Option Z (in force from 2026)
elm,2,1.6,W_pan,2026,optionZ,404.45519265484035,30.322611448007034,Elm Grove,Proportional to PAN,Option Z (in force from 2026)
elm,2,1.6,W_pan,2030,optionZ,315.43859358927585,29.253231065415715,Elm Grove,Proportional to PAN,Option Z (in force from 2026)
elm,2,1.6,W_pan,2035,optionZ,280.90553349156636,28.647084320260294,Elm Grove,Proportional to PAN,Option Z (in force from 2026)
elm,2,1.6,W_prefs,2026,optionZ,291.0196329678842,28.85584458779487,Elm Grove,Published first preferences,Option Z (in force from 2026)
elm,2,1.6,W_prefs,2030,optionZ,216.87015636171128,28.03393137034834,Elm Grove,Published first preferences,Option Z (in force from 2026)
elm,2,1.6,W_prefs,2035,optionZ,191.06452201335077,27.750252196553582,Elm Grove,Published first preferences,Option Z (in force from 2026)
elm,2,1.6,W_att8,2026,optionZ,267.56741654281205,28.334688072327864,Elm Grove,Attainment 8,Option Z (in force from 2026)
elm,2,1.6,W_att8,2030,optionZ,179.23493140607724,27.780567949607445,Elm Grove,Attainment 8,Option Z (in force from 2026)
elm,2,1.6,W_att8,2035,optionZ,154.46785715431974,27.57953452247072,Elm Grove,Attainment 8,Option Z (in force from 2026)
elm,2,2.4,W_equal,2026,optionZ,397.6020130828298,31.63280668681829,Elm Grove,All schools equal,Option Z (in force from 2026)
elm,2,2.4,W_equal,2030,optionZ,309.0717521376692,30.52844964386559,Elm Grove,All schools equal,Option Z (in force from 2026)
elm,2,2.4,W_equal,2035,optionZ,269.46136297887597,29.579985283647556,Elm Grove,All schools equal,Option Z (in force from 2026)
elm,2,2.4,W_pan,2026,optionZ,404.3413256276982,31.658800975385265,Elm Grove,Proportional to PAN,Option Z (in force from 2026)
elm,2,2.4,W_pan,2030,optionZ,308.45162273180887,30.714134845657,Elm Grove,Proportional to PAN,Option Z (in force from 2026)
elm,2,2.4,W_pan,2035,optionZ,273.09019728595985,29.95987917684259,Elm Grove,Proportional to PAN,Option Z (in force from 2026)
elm,2,2.4,W_prefs,2026,optionZ,316.7961524635467,30.675908449677067,Elm Grove,Published first preferences,Option Z (in force from 2026)
elm,2,2.4,W_prefs,2030,optionZ,236.93164848741998,30.12965650289607,Elm Grove,Published first preferences,Option Z (in force from 2026)
elm,2,2.4,W_prefs,2035,optionZ,206.68400083333466,29.712642097404498,Elm Grove,Published first preferences,Option Z (in force from 2026)
elm,2,2.4,W_att8,2026,optionZ,297.71728076766266,30.281362089175627,Elm Grove,Attainment 8,Option Z (in force from 2026)
elm,2,2.4,W_att8,2030,optionZ,205.4408236535985,30.087405686238103,Elm Grove,Attainment 8,Option Z (in force from 2026)
elm,2,2.4,W_att8,2035,optionZ,177.2901943028828,29.77391562825969,Elm Grove,Attainment 8,Option Z (in force from 2026)
elm,2.1,0,W_equal,2026,optionZ,394.20013473468094,29.019854352741987,Elm Grove,All schools equal,Option Z (in force from 2026)
elm,2.1,0,W_equal,2030,optionZ,326.5809365304656,28.536682416663677,Elm Grove,All schools equal,Option Z (in force from 2026)
elm,2.1,0,W_equal,2035,optionZ,292.1368683818619,27.99698132424987,Elm Grove,All schools equal,Option Z (in force from 2026)
elm,2.1,0,W_pan,2026,optionZ,394.74135417825545,28.960148315680744,Elm Grove,Proportional to PAN,Option Z (in force from 2026)
elm,2.1,0,W_pan,2030,optionZ,325.27412111381943,28.415989555769656,Elm Grove,Proportional to PAN,Option Z (in force from 2026)
elm,2.1,0,W_pan,2035,optionZ,300.29745074552386,28.252061362654075,Elm Grove,Proportional to PAN,Option Z (in force from 2026)
elm,2.1,0,W_prefs,2026,optionZ,249.47208246739027,26.357529047786787,Elm Grove,Published first preferences,Option Z (in force from 2026)
elm,2.1,0,W_prefs,2030,optionZ,203.12400827507804,26.062134536611588,Elm Grove,Published first preferences,Option Z (in force from 2026)
elm,2.1,0,W_prefs,2035,optionZ,182.74497636552934,25.79131150629571,Elm Grove,Published first preferences,Option Z (in force from 2026)
elm,2.1,0,W_att8,2026,optionZ,221.4465703787033,25.643286064855893,Elm Grove,Attainment 8,Option Z (in force from 2026)
elm,2.1,0,W_att8,2030,optionZ,159.33487306625062,24.935608499891497,Elm Grove,Attainment 8,Option Z (in force from 2026)
elm,2.1,0,W_att8,2035,optionZ,144.0282558269974,24.74406803235207,Elm Grove,Attainment 8,Option Z (in force from 2026)
elm,2.1,0.8,W_equal,2026,optionZ,400.9232118812485,28.951402130795454,Elm Grove,All schools equal,Option Z (in force from 2026)
elm,2.1,0.8,W_equal,2030,optionZ,325.0408202092904,28.15192914527709,Elm Grove,All schools equal,Option Z (in force from 2026)
elm,2.1,0.8,W_equal,2035,optionZ,289.3867709312893,27.53309433617742,Elm Grove,All schools equal,Option Z (in force from 2026)
elm,2.1,0.8,W_pan,2026,optionZ,404.4334416776406,29.044270401692792,Elm Grove,Proportional to PAN,Option Z (in force from 2026)
elm,2.1,0.8,W_pan,2030,optionZ,320.7168059930695,27.993228546245767,Elm Grove,Proportional to PAN,Option Z (in force from 2026)
elm,2.1,0.8,W_pan,2035,optionZ,294.1713725241435,27.770132881449467,Elm Grove,Proportional to PAN,Option Z (in force from 2026)
elm,2.1,0.8,W_prefs,2026,optionZ,267.6585634732599,26.91214699741831,Elm Grove,Published first preferences,Option Z (in force from 2026)
elm,2.1,0.8,W_prefs,2030,optionZ,208.33951063471838,26.201465145100606,Elm Grove,Published first preferences,Option Z (in force from 2026)
elm,2.1,0.8,W_prefs,2035,optionZ,187.39605756207033,26.018481374114877,Elm Grove,Published first preferences,Option Z (in force from 2026)
elm,2.1,0.8,W_att8,2026,optionZ,242.35682574602527,26.29760640314015,Elm Grove,Attainment 8,Option Z (in force from 2026)
elm,2.1,0.8,W_att8,2030,optionZ,164.2746254131006,25.492012723024533,Elm Grove,Attainment 8,Option Z (in force from 2026)
elm,2.1,0.8,W_att8,2035,optionZ,147.9390866916312,25.384944605462447,Elm Grove,Attainment 8,Option Z (in force from 2026)
elm,2.1,1.6,W_equal,2026,optionZ,406.56590315286115,29.886597944825134,Elm Grove,All schools equal,Option Z (in force from 2026)
elm,2.1,1.6,W_equal,2030,optionZ,320.94709721657995,28.747837466138638,Elm Grove,All schools equal,Option Z (in force from 2026)
elm,2.1,1.6,W_equal,2035,optionZ,283.366703598736,27.995597821123894,Elm Grove,All schools equal,Option Z (in force from 2026)
elm,2.1,1.6,W_pan,2026,optionZ,408.16336852219194,29.982450269277,Elm Grove,Proportional to PAN,Option Z (in force from 2026)
elm,2.1,1.6,W_pan,2030,optionZ,321.7672999391628,28.897213199542467,Elm Grove,Proportional to PAN,Option Z (in force from 2026)
elm,2.1,1.6,W_pan,2035,optionZ,286.3412747983675,28.267186274268514,Elm Grove,Proportional to PAN,Option Z (in force from 2026)
elm,2.1,1.6,W_prefs,2026,optionZ,296.3972401077383,28.497069274802683,Elm Grove,Published first preferences,Option Z (in force from 2026)
elm,2.1,1.6,W_prefs,2030,optionZ,223.94442453010495,27.667842103742608,Elm Grove,Published first preferences,Option Z (in force from 2026)
elm,2.1,1.6,W_prefs,2035,optionZ,197.28050409309498,27.36711654278932,Elm Grove,Published first preferences,Option Z (in force from 2026)
elm,2.1,1.6,W_att8,2026,optionZ,273.67096010077466,27.978639962968064,Elm Grove,Attainment 8,Option Z (in force from 2026)
elm,2.1,1.6,W_att8,2030,optionZ,184.7398275708813,27.40901383234392,Elm Grove,Attainment 8,Option Z (in force from 2026)
elm,2.1,1.6,W_att8,2035,optionZ,160.45299037873403,27.16781352967568,Elm Grove,Attainment 8,Option Z (in force from 2026)
elm,2.1,2.4,W_equal,2026,optionZ,398.04311158015446,31.321342442455816,Elm Grove,All schools equal,Option Z (in force from 2026)
elm,2.1,2.4,W_equal,2030,optionZ,314.24708231666926,30.20918230753132,Elm Grove,All schools equal,Option Z (in force from 2026)
elm,2.1,2.4,W_equal,2035,optionZ,274.2555726804694,29.256510360125503,Elm Grove,All schools equal,Option Z (in force from 2026)
elm,2.1,2.4,W_pan,2026,optionZ,405.4185912761869,31.350075748237305,Elm Grove,Proportional to PAN,Option Z (in force from 2026)
elm,2.1,2.4,W_pan,2030,optionZ,313.48334153585904,30.387875783053843,Elm Grove,Proportional to PAN,Option Z (in force from 2026)
elm,2.1,2.4,W_pan,2035,optionZ,277.6149433745594,29.623259818245824,Elm Grove,Proportional to PAN,Option Z (in force from 2026)
elm,2.1,2.4,W_prefs,2026,optionZ,320.2953122287919,30.391087334755902,Elm Grove,Published first preferences,Option Z (in force from 2026)
elm,2.1,2.4,W_prefs,2030,optionZ,242.40204344373328,29.837448741892263,Elm Grove,Published first preferences,Option Z (in force from 2026)
elm,2.1,2.4,W_prefs,2035,optionZ,211.4089025657126,29.411181033583542,Elm Grove,Published first preferences,Option Z (in force from 2026)
elm,2.1,2.4,W_att8,2026,optionZ,301.8607914411709,30.004573365178004,Elm Grove,Attainment 8,Option Z (in force from 2026)
elm,2.1,2.4,W_att8,2030,optionZ,209.1989438459697,29.835249745526298,Elm Grove,Attainment 8,Option Z (in force from 2026)
elm,2.1,2.4,W_att8,2035,optionZ,181.97877590838448,29.490412850523377,Elm Grove,Attainment 8,Option Z (in force from 2026)
elm,2.2,0,W_equal,2026,optionZ,399.10191820046094,28.56726185989859,Elm Grove,All schools equal,Option Z (in force from 2026)
elm,2.2,0,W_equal,2030,optionZ,332.74710571585257,28.087148363190437,Elm Grove,All schools equal,Option Z (in force from 2026)
elm,2.2,0,W_equal,2035,optionZ,297.54980256514403,27.53009171892903,Elm Grove,All schools equal,Option Z (in force from 2026)
elm,2.2,0,W_pan,2026,optionZ,401.4837584404094,28.52346033211967,Elm Grove,Proportional to PAN,Option Z (in force from 2026)
elm,2.2,0,W_pan,2030,optionZ,330.9740184853855,27.942398897920285,Elm Grove,Proportional to PAN,Option Z (in force from 2026)
elm,2.2,0,W_pan,2035,optionZ,305.3367645498192,27.773624573470848,Elm Grove,Proportional to PAN,Option Z (in force from 2026)
elm,2.2,0,W_prefs,2026,optionZ,257.2194656400513,25.86487671046232,Elm Grove,Published first preferences,Option Z (in force from 2026)
elm,2.2,0,W_prefs,2030,optionZ,209.8084836677663,25.541967148815825,Elm Grove,Published first preferences,Option Z (in force from 2026)
elm,2.2,0,W_prefs,2035,optionZ,188.80338123101382,25.270569834527915,Elm Grove,Published first preferences,Option Z (in force from 2026)
elm,2.2,0,W_att8,2026,optionZ,226.75473040215275,25.088691855860247,Elm Grove,Attainment 8,Option Z (in force from 2026)
elm,2.2,0,W_att8,2030,optionZ,165.65724486450847,24.383533726363037,Elm Grove,Attainment 8,Option Z (in force from 2026)
elm,2.2,0,W_att8,2035,optionZ,150.18611526607702,24.20002678867738,Elm Grove,Attainment 8,Option Z (in force from 2026)
elm,2.2,0.8,W_equal,2026,optionZ,406.0140565188558,28.57662422119341,Elm Grove,All schools equal,Option Z (in force from 2026)
elm,2.2,0.8,W_equal,2030,optionZ,331.703150561674,27.785811955445467,Elm Grove,All schools equal,Option Z (in force from 2026)
elm,2.2,0.8,W_equal,2035,optionZ,295.30289687190384,27.15084062254282,Elm Grove,All schools equal,Option Z (in force from 2026)
elm,2.2,0.8,W_pan,2026,optionZ,411.33281862259184,28.684727742209464,Elm Grove,Proportional to PAN,Option Z (in force from 2026)
elm,2.2,0.8,W_pan,2030,optionZ,327.52677970365465,27.624287203439458,Elm Grove,Proportional to PAN,Option Z (in force from 2026)
elm,2.2,0.8,W_pan,2035,optionZ,299.9486679898999,27.375417371105986,Elm Grove,Proportional to PAN,Option Z (in force from 2026)
elm,2.2,0.8,W_prefs,2026,optionZ,276.0817892916313,26.515312109611425,Elm Grove,Published first preferences,Option Z (in force from 2026)
elm,2.2,0.8,W_prefs,2030,optionZ,215.55021427804368,25.773807156686487,Elm Grove,Published first preferences,Option Z (in force from 2026)
elm,2.2,0.8,W_prefs,2035,optionZ,193.95683043132507,25.590151898234083,Elm Grove,Published first preferences,Option Z (in force from 2026)
elm,2.2,0.8,W_att8,2026,optionZ,247.69803200284005,25.84944645249279,Elm Grove,Attainment 8,Option Z (in force from 2026)
elm,2.2,0.8,W_att8,2030,optionZ,170.6037730396629,25.02485593687895,Elm Grove,Attainment 8,Option Z (in force from 2026)
elm,2.2,0.8,W_att8,2035,optionZ,154.58772020218385,24.924071004121394,Elm Grove,Attainment 8,Option Z (in force from 2026)
elm,2.2,1.6,W_equal,2026,optionZ,411.2495294302639,29.561587863158042,Elm Grove,All schools equal,Option Z (in force from 2026)
elm,2.2,1.6,W_equal,2030,optionZ,327.2159334368525,28.431936090751137,Elm Grove,All schools equal,Option Z (in force from 2026)
elm,2.2,1.6,W_equal,2035,optionZ,289.0909180828029,27.670108997143522,Elm Grove,All schools equal,Option Z (in force from 2026)
elm,2.2,1.6,W_pan,2026,optionZ,411.7259444411362,29.66716105416611,Elm Grove,Proportional to PAN,Option Z (in force from 2026)
elm,2.2,1.6,W_pan,2030,optionZ,327.9936961638016,28.570916650458443,Elm Grove,Proportional to PAN,Option Z (in force from 2026)
elm,2.2,1.6,W_pan,2035,optionZ,291.7230235733486,27.91880412934558,Elm Grove,Proportional to PAN,Option Z (in force from 2026)
elm,2.2,1.6,W_prefs,2026,optionZ,301.61807895013953,28.16578994675821,Elm Grove,Published first preferences,Option Z (in force from 2026)
elm,2.2,1.6,W_prefs,2030,optionZ,231.00862570218675,27.33211361372536,Elm Grove,Published first preferences,Option Z (in force from 2026)
elm,2.2,1.6,W_prefs,2035,optionZ,203.52358686296543,27.01469953694153,Elm Grove,Published first preferences,Option Z (in force from 2026)
elm,2.2,1.6,W_att8,2026,optionZ,279.6187755425003,27.650842034804967,Elm Grove,Attainment 8,Option Z (in force from 2026)
elm,2.2,1.6,W_att8,2030,optionZ,190.2095482726851,27.063587405927358,Elm Grove,Attainment 8,Option Z (in force from 2026)
elm,2.2,1.6,W_att8,2035,optionZ,166.5521199221179,26.784336643238927,Elm Grove,Attainment 8,Option Z (in force from 2026)
elm,2.2,2.4,W_equal,2026,optionZ,401.98376824578827,31.005114921461292,Elm Grove,All schools equal,Option Z (in force from 2026)
elm,2.2,2.4,W_equal,2030,optionZ,319.40614204116264,29.905651990298054,Elm Grove,All schools equal,Option Z (in force from 2026)
elm,2.2,2.4,W_equal,2035,optionZ,279.04280450748536,28.949184425086564,Elm Grove,All schools equal,Option Z (in force from 2026)
elm,2.2,2.4,W_pan,2026,optionZ,406.45635198401584,31.056885741517714,Elm Grove,Proportional to PAN,Option Z (in force from 2026)
elm,2.2,2.4,W_pan,2030,optionZ,318.5272767667653,30.076305259399923,Elm Grove,Proportional to PAN,Option Z (in force from 2026)
elm,2.2,2.4,W_pan,2035,optionZ,282.17918644168344,29.30292126546058,Elm Grove,Proportional to PAN,Option Z (in force from 2026)
elm,2.2,2.4,W_prefs,2026,optionZ,323.69319857637527,30.119718898437014,Elm Grove,Published first preferences,Option Z (in force from 2026)
elm,2.2,2.4,W_prefs,2030,optionZ,247.90787497073742,29.553843126755662,Elm Grove,Published first preferences,Option Z (in force from 2026)
elm,2.2,2.4,W_prefs,2035,optionZ,216.19159696406638,29.117988574954264,Elm Grove,Published first preferences,Option Z (in force from 2026)
elm,2.2,2.4,W_att8,2026,optionZ,305.8927829916095,29.74056419551905,Elm Grove,Attainment 8,Option Z (in force from 2026)
elm,2.2,2.4,W_att8,2030,optionZ,213.3961290790047,29.58319380862476,Elm Grove,Attainment 8,Option Z (in force from 2026)
elm,2.2,2.4,W_att8,2035,optionZ,186.75616862191941,29.21001908351284,Elm Grove,Attainment 8,Option Z (in force from 2026)
elm,2.3,0,W_equal,2026,optionZ,404.0043286030717,28.154873355224012,Elm Grove,All schools equal,Option Z (in force from 2026)
elm,2.3,0,W_equal,2030,optionZ,338.84583221456995,27.680594727053975,Elm Grove,All schools equal,Option Z (in force from 2026)
elm,2.3,0,W_equal,2035,optionZ,302.8997026010638,27.106187692598294,Elm Grove,All schools equal,Option Z (in force from 2026)
elm,2.3,0,W_pan,2026,optionZ,408.12594460972207,28.127841105598897,Elm Grove,Proportional to PAN,Option Z (in force from 2026)
elm,2.3,0,W_pan,2030,optionZ,336.61458434611285,27.511402143208727,Elm Grove,Proportional to PAN,Option Z (in force from 2026)
elm,2.3,0,W_pan,2035,optionZ,310.3342745566608,27.337853427696015,Elm Grove,Proportional to PAN,Option Z (in force from 2026)
elm,2.3,0,W_prefs,2026,optionZ,265.11125443409594,25.433186656271065,Elm Grove,Published first preferences,Option Z (in force from 2026)
elm,2.3,0,W_prefs,2030,optionZ,216.51488259269675,25.0781263792428,Elm Grove,Published first preferences,Option Z (in force from 2026)
elm,2.3,0,W_prefs,2035,optionZ,194.889763269947,24.80664184884063,Elm Grove,Published first preferences,Option Z (in force from 2026)
elm,2.3,0,W_att8,2026,optionZ,232.0504861196003,24.58955198812316,Elm Grove,Attainment 8,Option Z (in force from 2026)
elm,2.3,0,W_att8,2030,optionZ,172.44372399197832,23.898863657135596,Elm Grove,Attainment 8,Option Z (in force from 2026)
elm,2.3,0,W_att8,2035,optionZ,156.43281685842945,23.720460595911142,Elm Grove,Attainment 8,Option Z (in force from 2026)
elm,2.3,0.8,W_equal,2026,optionZ,410.9454944495418,28.23580953680658,Elm Grove,All schools equal,Option Z (in force from 2026)
elm,2.3,0.8,W_equal,2030,optionZ,338.23871039252174,27.45745906139392,Elm Grove,All schools equal,Option Z (in force from 2026)
elm,2.3,0.8,W_equal,2035,optionZ,301.10794325868613,26.80638638852255,Elm Grove,All schools equal,Option Z (in force from 2026)
elm,2.3,0.8,W_pan,2026,optionZ,418.04822486093855,28.359924923199852,Elm Grove,Proportional to PAN,Option Z (in force from 2026)
elm,2.3,0.8,W_pan,2030,optionZ,334.2722225489747,27.29585761626056,Elm Grove,Proportional to PAN,Option Z (in force from 2026)
elm,2.3,0.8,W_pan,2035,optionZ,305.632264244909,27.01932576806347,Elm Grove,Proportional to PAN,Option Z (in force from 2026)
elm,2.3,0.8,W_prefs,2026,optionZ,284.42583359278177,26.162619045603346,Elm Grove,Published first preferences,Option Z (in force from 2026)
elm,2.3,0.8,W_prefs,2030,optionZ,222.75265376893918,25.39365287831575,Elm Grove,Published first preferences,Option Z (in force from 2026)
elm,2.3,0.8,W_prefs,2035,optionZ,200.52029961414493,25.209400674299875,Elm Grove,Published first preferences,Option Z (in force from 2026)
elm,2.3,0.8,W_att8,2026,optionZ,254.70810851460908,25.482779949831215,Elm Grove,Attainment 8,Option Z (in force from 2026)
elm,2.3,0.8,W_att8,2030,optionZ,178.04600604975474,24.618704301974773,Elm Grove,Attainment 8,Option Z (in force from 2026)
elm,2.3,0.8,W_att8,2035,optionZ,161.32883378909344,24.515613480989416,Elm Grove,Attainment 8,Option Z (in force from 2026)
elm,2.3,1.6,W_equal,2026,optionZ,415.76943524357984,29.261952894340915,Elm Grove,All schools equal,Option Z (in force from 2026)
elm,2.3,1.6,W_equal,2030,optionZ,333.346874378994,28.143994731633303,Elm Grove,All schools equal,Option Z (in force from 2026)
elm,2.3,1.6,W_equal,2035,optionZ,294.7096566509769,27.373331115487904,Elm Grove,All schools equal,Option Z (in force from 2026)
elm,2.3,1.6,W_pan,2026,optionZ,416.92278700674075,29.375294319692877,Elm Grove,Proportional to PAN,Option Z (in force from 2026)
elm,2.3,1.6,W_pan,2030,optionZ,334.09527033914304,28.27273014729447,Elm Grove,Proportional to PAN,Option Z (in force from 2026)
elm,2.3,1.6,W_pan,2035,optionZ,297.0536162461342,27.601230628865487,Elm Grove,Proportional to PAN,Option Z (in force from 2026)
elm,2.3,1.6,W_prefs,2026,optionZ,306.67343893192765,27.860255676062064,Elm Grove,Published first preferences,Option Z (in force from 2026)
elm,2.3,1.6,W_prefs,2030,optionZ,238.0281019820129,27.025698263315633,Elm Grove,Published first preferences,Option Z (in force from 2026)
elm,2.3,1.6,W_prefs,2035,optionZ,209.7581931635989,26.691948567872217,Elm Grove,Published first preferences,Option Z (in force from 2026)
elm,2.3,1.6,W_att8,2026,optionZ,285.39491973722255,27.34951152751307,Elm Grove,Attainment 8,Option Z (in force from 2026)
elm,2.3,1.6,W_att8,2030,optionZ,196.92486822333743,26.737016393963636,Elm Grove,Attainment 8,Option Z (in force from 2026)
elm,2.3,1.6,W_att8,2035,optionZ,172.9018386113661,26.434877268976408,Elm Grove,Attainment 8,Option Z (in force from 2026)
elm,2.3,2.4,W_equal,2026,optionZ,405.8607982212384,30.705716327497864,Elm Grove,All schools equal,Option Z (in force from 2026)
elm,2.3,2.4,W_equal,2030,optionZ,324.5246313968781,29.6186125963432,Elm Grove,All schools equal,Option Z (in force from 2026)
elm,2.3,2.4,W_equal,2035,optionZ,283.7982869221965,28.658676468647094,Elm Grove,All schools equal,Option Z (in force from 2026)
elm,2.3,2.4,W_pan,2026,optionZ,407.4595322899238,30.778613161093126,Elm Grove,Proportional to PAN,Option Z (in force from 2026)
elm,2.3,2.4,W_pan,2030,optionZ,323.5572526727476,29.780420829954902,Elm Grove,Proportional to PAN,Option Z (in force from 2026)
elm,2.3,2.4,W_pan,2035,optionZ,286.75459356805544,28.999641426155332,Elm Grove,Proportional to PAN,Option Z (in force from 2026)
elm,2.3,2.4,W_prefs,2026,optionZ,326.987505886466,29.861423560542452,Elm Grove,Published first preferences,Option Z (in force from 2026)
elm,2.3,2.4,W_prefs,2030,optionZ,253.4293362701383,29.280108329167295,Elm Grove,Published first preferences,Option Z (in force from 2026)
elm,2.3,2.4,W_prefs,2035,optionZ,221.0131123067334,28.83417799063404,Elm Grove,Published first preferences,Option Z (in force from 2026)
elm,2.3,2.4,W_att8,2026,optionZ,309.8079346314054,29.489031097869805,Elm Grove,Attainment 8,Option Z (in force from 2026)
elm,2.3,2.4,W_att8,2030,optionZ,219.02437959855197,29.318970250205087,Elm Grove,Attainment 8,Option Z (in force from 2026)
elm,2.3,2.4,W_att8,2035,optionZ,191.61345923119106,28.933367410401623,Elm Grove,Attainment 8,Option Z (in force from 2026)
elm,2.4,0,W_equal,2026,optionZ,410.0080884264109,27.79255758902351,Elm Grove,All schools equal,Option Z (in force from 2026)
elm,2.4,0,W_equal,2030,optionZ,344.8589273068379,27.313669181823126,Elm Grove,All schools equal,Option Z (in force from 2026)
elm,2.4,0,W_equal,2035,optionZ,308.1710281332634,26.721916221403085,Elm Grove,All schools equal,Option Z (in force from 2026)
elm,2.4,0,W_pan,2026,optionZ,414.64927135367117,27.770096150700528,Elm Grove,Proportional to PAN,Option Z (in force from 2026)
elm,2.4,0,W_pan,2030,optionZ,342.1783632638698,27.11982293924812,Elm Grove,Proportional to PAN,Option Z (in force from 2026)
elm,2.4,0,W_pan,2035,optionZ,315.2737190686636,26.941602063040744,Elm Grove,Proportional to PAN,Option Z (in force from 2026)
elm,2.4,0,W_prefs,2026,optionZ,272.96489007009484,25.051151386998313,Elm Grove,Published first preferences,Option Z (in force from 2026)
elm,2.4,0,W_prefs,2030,optionZ,223.21613519557275,24.666024915514488,Elm Grove,Published first preferences,Option Z (in force from 2026)
elm,2.4,0,W_prefs,2035,optionZ,200.97888259532994,24.394892367326694,Elm Grove,Published first preferences,Option Z (in force from 2026)
elm,2.4,0,W_att8,2026,optionZ,237.31525041115424,24.14170617500812,Elm Grove,Attainment 8,Option Z (in force from 2026)
elm,2.4,0,W_att8,2030,optionZ,179.31969575815117,23.47481119336462,Elm Grove,Attainment 8,Option Z (in force from 2026)
elm,2.4,0,W_att8,2035,optionZ,162.73753608452975,23.30008000497288,Elm Grove,Attainment 8,Option Z (in force from 2026)
elm,2.4,0.8,W_equal,2026,optionZ,416.6857234540442,27.941081807863494,Elm Grove,All schools equal,Option Z (in force from 2026)
elm,2.4,0.8,W_equal,2030,optionZ,344.6283080389557,27.163490612869087,Elm Grove,All schools equal,Option Z (in force from 2026)
elm,2.4,0.8,W_equal,2035,optionZ,306.78369351588503,26.49628932735365,Elm Grove,All schools equal,Option Z (in force from 2026)
elm,2.4,0.8,W_pan,2026,optionZ,424.56639127375684,28.066858056903925,Elm Grove,Proportional to PAN,Option Z (in force from 2026)
elm,2.4,0.8,W_pan,2030,optionZ,340.8746395788714,27.002366187071374,Elm Grove,Proportional to PAN,Option Z (in force from 2026)
elm,2.4,0.8,W_pan,2035,optionZ,311.20262674376045,26.698464365259998,Elm Grove,Proportional to PAN,Option Z (in force from 2026)
elm,2.4,0.8,W_prefs,2026,optionZ,292.65831757972705,25.85015246841783,Elm Grove,Published first preferences,Option Z (in force from 2026)
elm,2.4,0.8,W_prefs,2030,optionZ,229.95421097704784,25.059359697978223,Elm Grove,Published first preferences,Option Z (in force from 2026)
elm,2.4,0.8,W_prefs,2035,optionZ,207.0540947860535,24.87223230922871,Elm Grove,Published first preferences,Option Z (in force from 2026)
elm,2.4,0.8,W_att8,2026,optionZ,261.56649820884337,25.155718409787415,Elm Grove,Attainment 8,Option Z (in force from 2026)
elm,2.4,0.8,W_att8,2030,optionZ,185.53685633114617,24.261212270590452,Elm Grove,Attainment 8,Option Z (in force from 2026)
elm,2.4,0.8,W_att8,2035,optionZ,168.12201424624624,24.15573060043483,Elm Grove,Attainment 8,Option Z (in force from 2026)
elm,2.4,1.6,W_equal,2026,optionZ,420.1213208768219,28.985979612374997,Elm Grove,All schools equal,Option Z (in force from 2026)
elm,2.4,1.6,W_equal,2030,optionZ,339.3247869827008,27.882113176010954,Elm Grove,All schools equal,Option Z (in force from 2026)
elm,2.4,1.6,W_equal,2035,optionZ,300.2037267449367,27.103155574491655,Elm Grove,All schools equal,Option Z (in force from 2026)
elm,2.4,1.6,W_pan,2026,optionZ,422.74931924893,29.10710100802556,Elm Grove,Proportional to PAN,Option Z (in force from 2026)
elm,2.4,1.6,W_pan,2030,optionZ,340.05485532656905,28.00088650566779,Elm Grove,Proportional to PAN,Option Z (in force from 2026)
elm,2.4,1.6,W_pan,2035,optionZ,302.50750921956813,27.320142711130572,Elm Grove,Proportional to PAN,Option Z (in force from 2026)
elm,2.4,1.6,W_prefs,2026,optionZ,312.20216487316185,27.578381183502163,Elm Grove,Published first preferences,Option Z (in force from 2026)
elm,2.4,1.6,W_prefs,2030,optionZ,244.9722797842133,26.74730207312611,Elm Grove,Published first preferences,Option Z (in force from 2026)
elm,2.4,1.6,W_prefs,2035,optionZ,215.95207735473497,26.39756308534387,Elm Grove,Published first preferences,Option Z (in force from 2026)
elm,2.4,1.6,W_att8,2026,optionZ,290.98823126377255,27.07280193675543,Elm Grove,Attainment 8,Option Z (in force from 2026)
elm,2.4,1.6,W_att8,2030,optionZ,204.2176810982747,26.43446667797836,Elm Grove,Attainment 8,Option Z (in force from 2026)
elm,2.4,1.6,W_att8,2035,optionZ,179.3765495882844,26.11570185688834,Elm Grove,Attainment 8,Option Z (in force from 2026)
elm,2.4,2.4,W_equal,2026,optionZ,409.66035588379265,30.423182224018813,Elm Grove,All schools equal,Option Z (in force from 2026)
elm,2.4,2.4,W_equal,2030,optionZ,329.5811041251776,29.34846743174335,Elm Grove,All schools equal,Option Z (in force from 2026)
elm,2.4,2.4,W_equal,2035,optionZ,288.50031518709903,28.385331490883562,Elm Grove,All schools equal,Option Z (in force from 2026)
elm,2.4,2.4,W_pan,2026,optionZ,409.44296398764135,30.52577738594093,Elm Grove,Proportional to PAN,Option Z (in force from 2026)
elm,2.4,2.4,W_pan,2030,optionZ,328.54923855086395,29.500879639130957,Elm Grove,Proportional to PAN,Option Z (in force from 2026)
elm,2.4,2.4,W_pan,2035,optionZ,291.3152379297102,28.713889091197274,Elm Grove,Proportional to PAN,Option Z (in force from 2026)
elm,2.4,2.4,W_prefs,2026,optionZ,330.1769971628789,29.615749469053338,Elm Grove,Published first preferences,Option Z (in force from 2026)
elm,2.4,2.4,W_prefs,2030,optionZ,258.9448311497293,29.017450665622512,Elm Grove,Published first preferences,Option Z (in force from 2026)
elm,2.4,2.4,W_prefs,2035,optionZ,225.8528075459458,28.560888982482485,Elm Grove,Published first preferences,Option Z (in force from 2026)
elm,2.4,2.4,W_att8,2026,optionZ,313.60199046213285,29.249603476054023,Elm Grove,Attainment 8,Option Z (in force from 2026)
elm,2.4,2.4,W_att8,2030,optionZ,224.70539023138357,29.059717138736676,Elm Grove,Attainment 8,Option Z (in force from 2026)
elm,2.4,2.4,W_att8,2035,optionZ,196.53847441553324,28.661438559071023,Elm Grove,Attainment 8,Option Z (in force from 2026)
elm,2.5,0,W_equal,2026,optionZ,416.04434862237815,27.466882394901393,Elm Grove,All schools equal,Option Z (in force from 2026)
elm,2.5,0,W_equal,2030,optionZ,350.7709470809031,26.983082633980167,Elm Grove,All schools equal,Option Z (in force from 2026)
elm,2.5,0,W_equal,2035,optionZ,313.3508779500842,26.373992207822013,Elm Grove,All schools equal,Option Z (in force from 2026)
elm,2.5,0,W_pan,2026,optionZ,421.0383594053083,27.447097586481,Elm Grove,Proportional to PAN,Option Z (in force from 2026)
elm,2.5,0,W_pan,2030,optionZ,348.04051882688555,26.78245754932257,Elm Grove,Proportional to PAN,Option Z (in force from 2026)
elm,2.5,0,W_pan,2035,optionZ,320.1410389207407,26.581738973447223,Elm Grove,Proportional to PAN,Option Z (in force from 2026)
elm,2.5,0,W_prefs,2026,optionZ,280.75598850079234,24.714138377088815,Elm Grove,Published first preferences,Option Z (in force from 2026)
elm,2.5,0,W_prefs,2030,optionZ,229.88957245964062,24.30104724089282,Elm Grove,Published first preferences,Option Z (in force from 2026)
elm,2.5,0,W_prefs,2035,optionZ,207.04937089236307,24.030642696572055,Elm Grove,Published first preferences,Option Z (in force from 2026)
elm,2.5,0,W_att8,2026,optionZ,242.53344533645208,23.740901360866147,Elm Grove,Attainment 8,Option Z (in force from 2026)
elm,2.5,0,W_att8,2030,optionZ,186.3162668294158,23.108716600118516,Elm Grove,Attainment 8,Option Z (in force from 2026)
elm,2.5,0,W_att8,2035,optionZ,169.07325187750052,22.933430225112296,Elm Grove,Attainment 8,Option Z (in force from 2026)
elm,2.5,0.8,W_equal,2026,optionZ,422.8400929759599,27.67990578073642,Elm Grove,All schools equal,Option Z (in force from 2026)
elm,2.5,0.8,W_equal,2030,optionZ,350.85702527752414,26.900674401978282,Elm Grove,All schools equal,Option Z (in force from 2026)
elm,2.5,0.8,W_equal,2035,optionZ,312.35718105589467,26.219004172800016,Elm Grove,All schools equal,Option Z (in force from 2026)
elm,2.5,0.8,W_pan,2026,optionZ,430.87742155747816,27.80262322283252,Elm Grove,Proportional to PAN,Option Z (in force from 2026)
elm,2.5,0.8,W_pan,2030,optionZ,347.3171260305821,26.740482326883168,Elm Grove,Proportional to PAN,Option Z (in force from 2026)
elm,2.5,0.8,W_pan,2035,optionZ,316.644019406467,26.40955401122808,Elm Grove,Proportional to PAN,Option Z (in force from 2026)
elm,2.5,0.8,W_prefs,2026,optionZ,300.75345874453143,25.574070407558814,Elm Grove,Published first preferences,Option Z (in force from 2026)
elm,2.5,0.8,W_prefs,2030,optionZ,237.53515108899512,24.79035850397486,Elm Grove,Published first preferences,Option Z (in force from 2026)
elm,2.5,0.8,W_prefs,2035,optionZ,213.53090356783258,24.574616361098187,Elm Grove,Published first preferences,Option Z (in force from 2026)
elm,2.5,0.8,W_att8,2026,optionZ,268.2560669150405,24.864444097740368,Elm Grove,Attainment 8,Option Z (in force from 2026)
elm,2.5,0.8,W_att8,2030,optionZ,193.03751878296706,23.948222433263656,Elm Grove,Attainment 8,Option Z (in force from 2026)
elm,2.5,0.8,W_att8,2035,optionZ,174.93138436065357,23.840350600292673,Elm Grove,Attainment 8,Option Z (in force from 2026)
elm,2.5,1.6,W_equal,2026,optionZ,424.6067065635748,28.733811031273174,Elm Grove,All schools equal,Option Z (in force from 2026)
elm,2.5,1.6,W_equal,2030,optionZ,345.1390620101626,27.644342134392556,Elm Grove,All schools equal,Option Z (in force from 2026)
elm,2.5,1.6,W_equal,2035,optionZ,305.5584179738026,26.85743343121456,Elm Grove,All schools equal,Option Z (in force from 2026)
elm,2.5,1.6,W_pan,2026,optionZ,428.38733888375936,28.861122486526085,Elm Grove,Proportional to PAN,Option Z (in force from 2026)
elm,2.5,1.6,W_pan,2030,optionZ,345.85993517697625,27.75352825854838,Elm Grove,Proportional to PAN,Option Z (in force from 2026)
elm,2.5,1.6,W_pan,2035,optionZ,307.8394183885272,27.06449110606172,Elm Grove,Proportional to PAN,Option Z (in force from 2026)
elm,2.5,1.6,W_prefs,2026,optionZ,319.54811881874474,27.319997163295742,Elm Grove,Published first preferences,Option Z (in force from 2026)
elm,2.5,1.6,W_prefs,2030,optionZ,251.8145062201732,26.495391800837872,Elm Grove,Published first preferences,Option Z (in force from 2026)
elm,2.5,1.6,W_prefs,2035,optionZ,222.07608018910375,26.13003370356281,Elm Grove,Published first preferences,Option Z (in force from 2026)
elm,2.5,1.6,W_att8,2026,optionZ,296.39080374230593,26.81883417562133,Elm Grove,Attainment 8,Option Z (in force from 2026)
elm,2.5,1.6,W_att8,2030,optionZ,211.4935292985698,26.15843763510649,Elm Grove,Attainment 8,Option Z (in force from 2026)
elm,2.5,1.6,W_att8,2035,optionZ,185.86326501878293,25.823402332052677,Elm Grove,Attainment 8,Option Z (in force from 2026)
elm,2.5,2.4,W_equal,2026,optionZ,413.37103041309865,30.157271283701917,Elm Grove,All schools equal,Option Z (in force from 2026)
elm,2.5,2.4,W_equal,2030,optionZ,334.55782102499126,29.09529633368849,Elm Grove,All schools equal,Option Z (in force from 2026)
elm,2.5,2.4,W_equal,2035,optionZ,293.1307597926051,28.129172889312766,Elm Grove,All schools equal,Option Z (in force from 2026)
elm,2.5,2.4,W_pan,2026,optionZ,411.51525428370957,30.2869077006217,Elm Grove,Proportional to PAN,Option Z (in force from 2026)
elm,2.5,2.4,W_pan,2030,optionZ,333.4825135193432,29.238005816985453,Elm Grove,Proportional to PAN,Option Z (in force from 2026)
elm,2.5,2.4,W_pan,2035,optionZ,295.8386067663992,28.445817650833852,Elm Grove,Proportional to PAN,Option Z (in force from 2026)
elm,2.5,2.4,W_prefs,2026,optionZ,333.26149122551334,29.382189811967773,Elm Grove,Published first preferences,Option Z (in force from 2026)
elm,2.5,2.4,W_prefs,2030,optionZ,264.4323608209452,28.766925882517366,Elm Grove,Published first preferences,Option Z (in force from 2026)
elm,2.5,2.4,W_prefs,2035,optionZ,230.6894101091041,28.299183975405366,Elm Grove,Published first preferences,Option Z (in force from 2026)
elm,2.5,2.4,W_att8,2026,optionZ,317.27261172010833,29.021859611232486,Elm Grove,Attainment 8,Option Z (in force from 2026)
elm,2.5,2.4,W_att8,2030,optionZ,230.42198149971532,28.806779175161886,Elm Grove,Attainment 8,Option Z (in force from 2026)
elm,2.5,2.4,W_att8,2035,optionZ,201.51565633451338,28.395450019798155,Elm Grove,Attainment 8,Option Z (in force from 2026)
elm,2.6,0,W_equal,2026,optionZ,422.2516109306683,27.17480519615047,Elm Grove,All schools equal,Option Z (in force from 2026)
elm,2.6,0,W_equal,2030,optionZ,356.56857545440255,26.68566765139834,Elm Grove,All schools equal,Option Z (in force from 2026)
elm,2.6,0,W_equal,2035,optionZ,318.4278960284577,26.0592373403145,Elm Grove,All schools equal,Option Z (in force from 2026)
elm,2.6,0,W_pan,2026,optionZ,427.27964625687065,27.155815800972203,Elm Grove,Proportional to PAN,Option Z (in force from 2026)
elm,2.6,0,W_pan,2030,optionZ,354.0161408711288,26.48889413795736,Elm Grove,Proportional to PAN,Option Z (in force from 2026)
elm,2.6,0,W_pan,2035,optionZ,324.92415600624514,26.255226964461425,Elm Grove,Proportional to PAN,Option Z (in force from 2026)
elm,2.6,0,W_prefs,2026,optionZ,288.46419712602074,24.417697838683118,Elm Grove,Published first preferences,Option Z (in force from 2026)
elm,2.6,0,W_prefs,2030,optionZ,236.5155640751117,23.978680661451186,Elm Grove,Published first preferences,Option Z (in force from 2026)
elm,2.6,0,W_prefs,2035,optionZ,213.08245909415976,23.709319145972003,Elm Grove,Published first preferences,Option Z (in force from 2026)
elm,2.6,0,W_att8,2026,optionZ,249.0638969275472,23.420352751148595,Elm Grove,Attainment 8,Option Z (in force from 2026)
elm,2.6,0,W_att8,2030,optionZ,193.31688825540374,22.79083705048137,Elm Grove,Attainment 8,Option Z (in force from 2026)
elm,2.6,0,W_att8,2035,optionZ,175.41677220269244,22.615125493929888,Elm Grove,Attainment 8,Option Z (in force from 2026)
elm,2.6,0.8,W_equal,2026,optionZ,429.1010498859776,27.44707460900213,Elm Grove,All schools equal,Option Z (in force from 2026)
elm,2.6,0.8,W_equal,2030,optionZ,356.9136469802066,26.66598027776586,Elm Grove,All schools equal,Option Z (in force from 2026)
elm,2.6,0.8,W_equal,2035,optionZ,317.7869959927944,25.970199331729585,Elm Grove,All schools equal,Option Z (in force from 2026)
elm,2.6,0.8,W_pan,2026,optionZ,436.9750068070247,27.5644905799893,Elm Grove,Proportional to PAN,Option Z (in force from 2026)
elm,2.6,0.8,W_pan,2030,optionZ,353.5869908409781,26.5070944366828,Elm Grove,Proportional to PAN,Option Z (in force from 2026)
elm,2.6,0.8,W_pan,2035,optionZ,321.94431575413927,26.14950418913124,Elm Grove,Proportional to PAN,Option Z (in force from 2026)
elm,2.6,0.8,W_prefs,2026,optionZ,308.6902168036849,25.330663483907788,Elm Grove,Published first preferences,Option Z (in force from 2026)
elm,2.6,0.8,W_prefs,2030,optionZ,245.0138619376056,24.55619211206635,Elm Grove,Published first preferences,Option Z (in force from 2026)
elm,2.6,0.8,W_prefs,2035,optionZ,219.95268522689062,24.313676120755826,Elm Grove,Published first preferences,Option Z (in force from 2026)
elm,2.6,0.8,W_att8,2026,optionZ,274.76369439204166,24.605291100292987,Elm Grove,Attainment 8,Option Z (in force from 2026)
elm,2.6,0.8,W_att8,2030,optionZ,200.85055192056086,23.69717015598652,Elm Grove,Attainment 8,Option Z (in force from 2026)
elm,2.6,0.8,W_att8,2035,optionZ,181.72531632088592,23.56532680401445,Elm Grove,Attainment 8,Option Z (in force from 2026)
elm,2.6,1.6,W_equal,2026,optionZ,430.12493328080376,28.516795325840857,Elm Grove,All schools equal,Option Z (in force from 2026)
elm,2.6,1.6,W_equal,2030,optionZ,350.78255448952916,27.42872553738466,Elm Grove,All schools equal,Option Z (in force from 2026)
elm,2.6,1.6,W_equal,2035,optionZ,310.76317681087943,26.63405235552619,Elm Grove,All schools equal,Option Z (in force from 2026)
elm,2.6,1.6,W_pan,2026,optionZ,433.8329418354895,28.635608082943087,Elm Grove,Proportional to PAN,Option Z (in force from 2026)
elm,2.6,1.6,W_pan,2030,optionZ,351.5019688409514,27.52877156589849,Elm Grove,Proportional to PAN,Option Z (in force from 2026)
elm,2.6,1.6,W_pan,2035,optionZ,313.0365919303543,26.832168846660146,Elm Grove,Proportional to PAN,Option Z (in force from 2026)
elm,2.6,1.6,W_prefs,2026,optionZ,326.7242777814125,27.085425278495897,Elm Grove,Published first preferences,Option Z (in force from 2026)
elm,2.6,1.6,W_prefs,2030,optionZ,258.53300715395034,26.268281527320767,Elm Grove,Published first preferences,Option Z (in force from 2026)
elm,2.6,1.6,W_prefs,2035,optionZ,228.10600895971018,25.887675960615283,Elm Grove,Published first preferences,Option Z (in force from 2026)
elm,2.6,1.6,W_att8,2026,optionZ,301.59842154115825,26.58575208176301,Elm Grove,Attainment 8,Option Z (in force from 2026)
elm,2.6,1.6,W_att8,2030,optionZ,218.71958726380703,25.907980950224495,Elm Grove,Attainment 8,Option Z (in force from 2026)
elm,2.6,1.6,W_att8,2035,optionZ,192.3288336557984,25.557042551683736,Elm Grove,Attainment 8,Option Z (in force from 2026)
elm,2.6,2.4,W_equal,2026,optionZ,417.6192544655163,29.910682683719884,Elm Grove,All schools equal,Option Z (in force from 2026)
elm,2.6,2.4,W_equal,2030,optionZ,339.44059801096125,28.858869198210733,Elm Grove,All schools equal,Option Z (in force from 2026)
elm,2.6,2.4,W_equal,2035,optionZ,297.6751813677918,27.889930084023735,Elm Grove,All schools equal,Option Z (in force from 2026)
elm,2.6,2.4,W_pan,2026,optionZ,416.24475421908994,30.039969116255897,Elm Grove,Proportional to PAN,Option Z (in force from 2026)
elm,2.6,2.4,W_pan,2030,optionZ,338.3397490334069,28.9917855982192,Elm Grove,Proportional to PAN,Option Z (in force from 2026)
elm,2.6,2.4,W_pan,2035,optionZ,300.30568252554593,28.195265149469137,Elm Grove,Proportional to PAN,Option Z (in force from 2026)
elm,2.6,2.4,W_prefs,2026,optionZ,336.2416950575191,29.160198667404494,Elm Grove,Published first preferences,Option Z (in force from 2026)
elm,2.6,2.4,W_prefs,2030,optionZ,269.8706507800426,28.529366031571982,Elm Grove,Published first preferences,Option Z (in force from 2026)
elm,2.6,2.4,W_prefs,2035,optionZ,235.50189699108844,28.049959299437585,Elm Grove,Published first preferences,Option Z (in force from 2026)
elm,2.6,2.4,W_att8,2026,optionZ,320.81875717507273,28.805333404783173,Elm Grove,Attainment 8,Option Z (in force from 2026)
elm,2.6,2.4,W_att8,2030,optionZ,236.15423822680407,28.561572372780706,Elm Grove,Attainment 8,Option Z (in force from 2026)
elm,2.6,2.4,W_att8,2035,optionZ,206.52678187421586,28.13674687355457,Elm Grove,Attainment 8,Option Z (in force from 2026)
elm,2.7,0,W_equal,2026,optionZ,428.68925049498506,26.91434977202957,Elm Grove,All schools equal,Option Z (in force from 2026)
elm,2.7,0,W_equal,2030,optionZ,362.24066606118953,26.41843651562668,Elm Grove,All schools equal,Option Z (in force from 2026)
elm,2.7,0,W_equal,2035,optionZ,323.5564344681019,25.7813653186422,Elm Grove,All schools equal,Option Z (in force from 2026)
elm,2.7,0,W_pan,2026,optionZ,433.3627376176713,26.893411215948618,Elm Grove,Proportional to PAN,Option Z (in force from 2026)
elm,2.7,0,W_pan,2030,optionZ,359.8672494614386,26.225805758127002,Elm Grove,Proportional to PAN,Option Z (in force from 2026)
elm,2.7,0,W_pan,2035,optionZ,329.6127652042156,25.959174440193237,Elm Grove,Proportional to PAN,Option Z (in force from 2026)
elm,2.7,0,W_prefs,2026,optionZ,296.07247654980324,24.157644265778348,Elm Grove,Published first preferences,Option Z (in force from 2026)
elm,2.7,0,W_prefs,2030,optionZ,243.07743690104024,23.69463672439494,Elm Grove,Published first preferences,Option Z (in force from 2026)
elm,2.7,0,W_prefs,2035,optionZ,219.08520844109816,23.42761577515699,Elm Grove,Published first preferences,Option Z (in force from 2026)
elm,2.7,0,W_att8,2026,optionZ,255.7777640385895,23.14579825469831,Elm Grove,Attainment 8,Option Z (in force from 2026)
elm,2.7,0,W_att8,2030,optionZ,200.30018081513856,22.516018461833426,Elm Grove,Attainment 8,Option Z (in force from 2026)
elm,2.7,0,W_att8,2035,optionZ,181.74835272469284,22.34000996956797,Elm Grove,Attainment 8,Option Z (in force from 2026)
elm,2.7,0.8,W_equal,2026,optionZ,435.5122621494905,27.24045613936406,Elm Grove,All schools equal,Option Z (in force from 2026)
elm,2.7,0.8,W_equal,2030,optionZ,362.78978507838724,26.456591852747326,Elm Grove,All schools equal,Option Z (in force from 2026)
elm,2.7,0.8,W_equal,2035,optionZ,323.05374628449175,25.746551979965872,Elm Grove,All schools equal,Option Z (in force from 2026)
elm,2.7,0.8,W_pan,2026,optionZ,442.8555946495292,27.3499211921696,Elm Grove,Proportional to PAN,Option Z (in force from 2026)
elm,2.7,0.8,W_pan,2030,optionZ,359.6745692911635,26.299309966177372,Elm Grove,Proportional to PAN,Option Z (in force from 2026)
elm,2.7,0.8,W_pan,2035,optionZ,327.09426723593117,25.915440651393006,Elm Grove,Proportional to PAN,Option Z (in force from 2026)
elm,2.7,0.8,W_prefs,2026,optionZ,316.45227714500066,25.116447670752546,Elm Grove,Published first preferences,Option Z (in force from 2026)
elm,2.7,0.8,W_prefs,2030,optionZ,252.36925896207427,24.35302567969227,Elm Grove,Published first preferences,Option Z (in force from 2026)
elm,2.7,0.8,W_prefs,2035,optionZ,226.31862959801862,24.086391147208904,Elm Grove,Published first preferences,Option Z (in force from 2026)
elm,2.7,0.8,W_att8,2026,optionZ,281.0811598906186,24.374836052335095,Elm Grove,Attainment 8,Option Z (in force from 2026)
elm,2.7,0.8,W_att8,2030,optionZ,208.70136578691614,23.487458005808424,Elm Grove,Attainment 8,Option Z (in force from 2026)
elm,2.7,0.8,W_att8,2035,optionZ,188.47669308635068,23.326569309629228,Elm Grove,Attainment 8,Option Z (in force from 2026)
elm,2.7,1.6,W_equal,2026,optionZ,435.4684626350577,28.318752458404457,Elm Grove,All schools equal,Option Z (in force from 2026)
elm,2.7,1.6,W_equal,2030,optionZ,356.25143443850567,27.233376879443167,Elm Grove,All schools equal,Option Z (in force from 2026)
elm,2.7,1.6,W_equal,2035,optionZ,315.81077533554947,26.43097693286116,Elm Grove,All schools equal,Option Z (in force from 2026)
elm,2.7,1.6,W_pan,2026,optionZ,439.0852694012296,28.428868118728428,Elm Grove,Proportional to PAN,Option Z (in force from 2026)
elm,2.7,1.6,W_pan,2030,optionZ,356.9757579752149,27.324762556701906,Elm Grove,Proportional to PAN,Option Z (in force from 2026)
elm,2.7,1.6,W_pan,2035,optionZ,318.08981011115844,26.621119838778167,Elm Grove,Proportional to PAN,Option Z (in force from 2026)
elm,2.7,1.6,W_prefs,2026,optionZ,333.7167603408934,26.872841900154494,Elm Grove,Published first preferences,Option Z (in force from 2026)
elm,2.7,1.6,W_prefs,2030,optionZ,265.1102534562582,26.0641669757875,Elm Grove,Published first preferences,Option Z (in force from 2026)
elm,2.7,1.6,W_prefs,2035,optionZ,234.02181250724502,25.66869373784199,Elm Grove,Published first preferences,Option Z (in force from 2026)
elm,2.7,1.6,W_att8,2026,optionZ,306.609863196446,26.37175405019339,Elm Grove,Attainment 8,Option Z (in force from 2026)
elm,2.7,1.6,W_att8,2030,optionZ,225.86653574307772,25.681894313371224,Elm Grove,Attainment 8,Option Z (in force from 2026)
elm,2.7,1.6,W_att8,2035,optionZ,198.7430185403953,25.315450214909518,Elm Grove,Attainment 8,Option Z (in force from 2026)
elm,2.7,2.4,W_equal,2026,optionZ,421.8410642603677,29.680047663463288,Elm Grove,All schools equal,Option Z (in force from 2026)
elm,2.7,2.4,W_equal,2030,optionZ,344.21885871281626,28.638707378981042,Elm Grove,All schools equal,Option Z (in force from 2026)
elm,2.7,2.4,W_equal,2035,optionZ,302.12283159934344,27.667092056301218,Elm Grove,All schools equal,Option Z (in force from 2026)
elm,2.7,2.4,W_pan,2026,optionZ,420.86568904574546,29.80842369859559,Elm Grove,Proportional to PAN,Option Z (in force from 2026)
elm,2.7,2.4,W_pan,2030,optionZ,343.10744914093027,28.761929642111117,Elm Grove,Proportional to PAN,Option Z (in force from 2026)
elm,2.7,2.4,W_pan,2035,optionZ,304.70126600793486,27.961802928985527,Elm Grove,Proportional to PAN,Option Z (in force from 2026)
elm,2.7,2.4,W_prefs,2026,optionZ,340.4138315875357,28.937283529854337,Elm Grove,Published first preferences,Option Z (in force from 2026)
elm,2.7,2.4,W_prefs,2030,optionZ,275.2399949616777,28.305329363676083,Elm Grove,Published first preferences,Option Z (in force from 2026)
elm,2.7,2.4,W_prefs,2035,optionZ,240.27024936823082,27.8138813249039,Elm Grove,Published first preferences,Option Z (in force from 2026)
elm,2.7,2.4,W_att8,2026,optionZ,324.24070292861404,28.599527789920774,Elm Grove,Attainment 8,Option Z (in force from 2026)
elm,2.7,2.4,W_att8,2030,optionZ,241.88052042920032,28.32546458278077,Elm Grove,Attainment 8,Option Z (in force from 2026)
elm,2.7,2.4,W_att8,2035,optionZ,211.55190225180147,27.886688977708516,Elm Grove,Attainment 8,Option Z (in force from 2026)
elm,2.8,0,W_equal,2026,optionZ,434.9632637460541,26.680485881753793,Elm Grove,All schools equal,Option Z (in force from 2026)
elm,2.8,0,W_equal,2030,optionZ,367.7781942745075,26.178614364785087,Elm Grove,All schools equal,Option Z (in force from 2026)
elm,2.8,0,W_equal,2035,optionZ,328.57999722107655,25.53162130229524,Elm Grove,All schools equal,Option Z (in force from 2026)
elm,2.8,0,W_pan,2026,optionZ,439.2793153608372,26.657231944189828,Elm Grove,Proportional to PAN,Option Z (in force from 2026)
elm,2.8,0,W_pan,2030,optionZ,365.5832174094357,25.990308715218987,Elm Grove,Proportional to PAN,Option Z (in force from 2026)
elm,2.8,0,W_pan,2035,optionZ,334.19814814390634,25.690865160579232,Elm Grove,Proportional to PAN,Option Z (in force from 2026)
elm,2.8,0,W_prefs,2026,optionZ,303.56652974222646,23.930102503953883,Elm Grove,Published first preferences,Option Z (in force from 2026)
elm,2.8,0,W_prefs,2030,optionZ,249.56115491641046,23.444920698247998,Elm Grove,Published first preferences,Option Z (in force from 2026)
elm,2.8,0,W_prefs,2035,optionZ,225.09895012373514,23.183970259863074,Elm Grove,Published first preferences,Option Z (in force from 2026)
elm,2.8,0,W_att8,2026,optionZ,262.7840965810595,22.912884129293975,Elm Grove,Attainment 8,Option Z (in force from 2026)
elm,2.8,0,W_att8,2030,optionZ,207.24818782080374,22.27945242924897,Elm Grove,Attainment 8,Option Z (in force from 2026)
elm,2.8,0,W_att8,2035,optionZ,188.0513829269258,22.103263158749023,Elm Grove,Attainment 8,Option Z (in force from 2026)
elm,2.8,0.8,W_equal,2026,optionZ,441.88461823052984,27.05663498812786,Elm Grove,All schools equal,Option Z (in force from 2026)
elm,2.8,0.8,W_equal,2030,optionZ,368.47991028624654,26.26994391889976,Elm Grove,All schools equal,Option Z (in force from 2026)
elm,2.8,0.8,W_equal,2035,optionZ,328.15233848363374,25.545486334939962,Elm Grove,All schools equal,Option Z (in force from 2026)
elm,2.8,0.8,W_pan,2026,optionZ,448.51801567970597,27.156582722200568,Elm Grove,Proportional to PAN,Option Z (in force from 2026)
elm,2.8,0.8,W_pan,2030,optionZ,365.57324408243653,26.11449498423037,Elm Grove,Proportional to PAN,Option Z (in force from 2026)
elm,2.8,0.8,W_pan,2035,optionZ,332.08688361999856,25.704715702869088,Elm Grove,Proportional to PAN,Option Z (in force from 2026)
elm,2.8,0.8,W_prefs,2026,optionZ,324.02716692636824,24.92819871600479,Elm Grove,Published first preferences,Option Z (in force from 2026)
elm,2.8,0.8,W_prefs,2030,optionZ,259.58439979447536,24.177313010009218,Elm Grove,Published first preferences,Option Z (in force from 2026)
elm,2.8,0.8,W_prefs,2035,optionZ,232.56708205443007,23.88727289487394,Elm Grove,Published first preferences,Option Z (in force from 2026)
elm,2.8,0.8,W_att8,2026,optionZ,287.2033976633605,24.169910487815986,Elm Grove,Attainment 8,Option Z (in force from 2026)
elm,2.8,0.8,W_att8,2030,optionZ,216.47132978939786,23.309022935954673,Elm Grove,Attainment 8,Option Z (in force from 2026)
elm,2.8,0.8,W_att8,2035,optionZ,195.16286384069193,23.120148006457192,Elm Grove,Attainment 8,Option Z (in force from 2026)
elm,2.8,1.6,W_equal,2026,optionZ,440.60925232138845,28.137452101204445,Elm Grove,All schools equal,Option Z (in force from 2026)
elm,2.8,1.6,W_equal,2030,optionZ,361.5439273059985,27.056481248550124,Elm Grove,All schools equal,Option Z (in force from 2026)
elm,2.8,1.6,W_equal,2035,optionZ,320.6965482061428,26.246276502388028,Elm Grove,All schools equal,Option Z (in force from 2026)
elm,2.8,1.6,W_pan,2026,optionZ,444.145296646159,28.23927717083138,Elm Grove,Proportional to PAN,Option Z (in force from 2026)
elm,2.8,1.6,W_pan,2030,optionZ,362.27848292352,27.13970135889649,Elm Grove,Proportional to PAN,Option Z (in force from 2026)
elm,2.8,1.6,W_pan,2035,optionZ,322.99294922143645,26.429386407431217,Elm Grove,Proportional to PAN,Option Z (in force from 2026)
elm,2.8,1.6,W_prefs,2026,optionZ,340.51598204714014,26.680414217065117,Elm Grove,Published first preferences,Option Z (in force from 2026)
elm,2.8,1.6,W_prefs,2030,optionZ,271.53299830383486,25.88120018084217,Elm Grove,Published first preferences,Option Z (in force from 2026)
elm,2.8,1.6,W_prefs,2035,optionZ,239.80764702773607,25.471233675390206,Elm Grove,Published first preferences,Option Z (in force from 2026)
elm,2.8,1.6,W_att8,2026,optionZ,311.426410863315,26.175119586355024,Elm Grove,Attainment 8,Option Z (in force from 2026)
elm,2.8,1.6,W_att8,2030,optionZ,232.90939175604396,25.47877623854404,Elm Grove,Attainment 8,Option Z (in force from 2026)
elm,2.8,1.6,W_att8,2035,optionZ,205.0795272194205,25.0972468789454,Elm Grove,Attainment 8,Option Z (in force from 2026)
elm,2.8,2.4,W_equal,2026,optionZ,425.9455342169634,29.46419349060978,Elm Grove,All schools equal,Option Z (in force from 2026)
elm,2.8,2.4,W_equal,2030,optionZ,348.88521155667723,28.434136261969428,Elm Grove,All schools equal,Option Z (in force from 2026)
elm,2.8,2.4,W_equal,2035,optionZ,306.46615591641734,27.459956265291225,Elm Grove,All schools equal,Option Z (in force from 2026)
elm,2.8,2.4,W_pan,2026,optionZ,425.370924132805,29.591657723256652,Elm Grove,Proportional to PAN,Option Z (in force from 2026)
elm,2.8,2.4,W_pan,2030,optionZ,347.77548543091257,28.5479087628291,Elm Grove,Proportional to PAN,Option Z (in force from 2026)
elm,2.8,2.4,W_pan,2035,optionZ,309.0136859251696,27.744782681184027,Elm Grove,Proportional to PAN,Option Z (in force from 2026)
elm,2.8,2.4,W_prefs,2026,optionZ,346.0332546811573,28.713499106324395,Elm Grove,Published first preferences,Option Z (in force from 2026)
elm,2.8,2.4,W_prefs,2030,optionZ,280.5232144841979,28.095098502023625,Elm Grove,Published first preferences,Option Z (in force from 2026)
elm,2.8,2.4,W_prefs,2035,optionZ,244.97647817107855,27.59136277571758,Elm Grove,Published first preferences,Option Z (in force from 2026)
elm,2.8,2.4,W_att8,2026,optionZ,327.53988776854527,28.403926494661253,Elm Grove,Attainment 8,Option Z (in force from 2026)
elm,2.8,2.4,W_att8,2030,optionZ,247.578647322927,28.09967394600659,Elm Grove,Attainment 8,Option Z (in force from 2026)
elm,2.8,2.4,W_att8,2035,optionZ,216.5699645023356,27.646533688952644,Elm Grove,Attainment 8,Option Z (in force from 2026)
elm,2.9000000000000004,0,W_equal,2026,optionZ,441.0657800706456,26.470716067394537,Elm Grove,All schools equal,Option Z (in force from 2026)
elm,2.9000000000000004,0,W_equal,2030,optionZ,373.17351980662187,25.963623204607096,Elm Grove,All schools equal,Option Z (in force from 2026)
elm,2.9000000000000004,0,W_equal,2035,optionZ,333.477138758955,25.306798223639127,Elm Grove,All schools equal,Option Z (in force from 2026)
elm,2.9000000000000004,0,W_pan,2026,optionZ,445.02245550207016,26.444806950562317,Elm Grove,Proportional to PAN,Option Z (in force from 2026)
elm,2.9000000000000004,0,W_pan,2030,optionZ,371.1551931679599,25.77974219025273,Elm Grove,Proportional to PAN,Option Z (in force from 2026)
elm,2.9000000000000004,0,W_pan,2035,optionZ,338.6730107138915,25.447772530614,Elm Grove,Proportional to PAN,Option Z (in force from 2026)
elm,2.9000000000000004,0,W_prefs,2026,optionZ,310.9343296523818,23.7315266803135,Elm Grove,Published first preferences,Option Z (in force from 2026)
elm,2.9000000000000004,0,W_prefs,2030,optionZ,255.9542823562744,23.22584055464845,Elm Grove,Published first preferences,Option Z (in force from 2026)
elm,2.9000000000000004,0,W_prefs,2035,optionZ,231.03156048792613,22.970911992949127,Elm Grove,Published first preferences,Option Z (in force from 2026)
elm,2.9000000000000004,0,W_att8,2026,optionZ,270.27643644109423,22.721761349978607,Elm Grove,Attainment 8,Option Z (in force from 2026)
elm,2.9000000000000004,0,W_att8,2030,optionZ,214.14526269839166,22.07670932865984,Elm Grove,Attainment 8,Option Z (in force from 2026)
elm,2.9000000000000004,0,W_att8,2035,optionZ,194.31117667469627,21.90044009923144,Elm Grove,Attainment 8,Option Z (in force from 2026)
elm,2.9000000000000004,0.8,W_equal,2026,optionZ,448.02107900129414,26.89205727881319,Elm Grove,All schools equal,Option Z (in force from 2026)
elm,2.9000000000000004,0.8,W_equal,2030,optionZ,373.9804369321449,26.10369478465522,Elm Grove,All schools equal,Option Z (in force from 2026)
elm,2.9000000000000004,0.8,W_equal,2035,optionZ,333.07922195574946,25.36465392381613,Elm Grove,All schools equal,Option Z (in force from 2026)
elm,2.9000000000000004,0.8,W_pan,2026,optionZ,453.9625904962422,26.982331555077337,Elm Grove,Proportional to PAN,Option Z (in force from 2026)
elm,2.9000000000000004,0.8,W_pan,2030,optionZ,371.27854110892156,25.950248975615636,Elm Grove,Proportional to PAN,Option Z (in force from 2026)
elm,2.9000000000000004,0.8,W_pan,2035,optionZ,336.91733926343585,25.51492194754169,Elm Grove,Proportional to PAN,Option Z (in force from 2026)
elm,2.9000000000000004,0.8,W_prefs,2026,optionZ,331.4056209145267,24.7629716176159,Elm Grove,Published first preferences,Option Z (in force from 2026)
elm,2.9000000000000004,0.8,W_prefs,2030,optionZ,266.6455273238626,24.0258042965885,Elm Grove,Published first preferences,Option Z (in force from 2026)
elm,2.9000000000000004,0.8,W_prefs,2035,optionZ,238.6858012268715,23.71308140076914,Elm Grove,Published first preferences,Option Z (in force from 2026)
elm,2.9000000000000004,0.8,W_att8,2026,optionZ,293.6512538525662,23.995855866268034,Elm Grove,Attainment 8,Option Z (in force from 2026)
elm,2.9000000000000004,0.8,W_att8,2030,optionZ,224.1389870307566,23.15813134459221,Elm Grove,Attainment 8,Option Z (in force from 2026)
elm,2.9000000000000004,0.8,W_att8,2035,optionZ,201.76454026675395,22.942356437693245,Elm Grove,Attainment 8,Option Z (in force from 2026)
elm,2.9000000000000004,1.6,W_equal,2026,optionZ,445.55083853658766,27.971355585093818,Elm Grove,All schools equal,Option Z (in force from 2026)
elm,2.9000000000000004,1.6,W_equal,2030,optionZ,366.6603050272855,26.896347285763245,Elm Grove,All schools equal,Option Z (in force from 2026)
elm,2.9000000000000004,1.6,W_equal,2035,optionZ,325.41808733892503,26.078158943032307,Elm Grove,All schools equal,Option Z (in force from 2026)
elm,2.9000000000000004,1.6,W_pan,2026,optionZ,449.01560248457184,28.06530680531021,Elm Grove,Proportional to PAN,Option Z (in force from 2026)
elm,2.9000000000000004,1.6,W_pan,2030,optionZ,367.4096107226469,26.97189704591751,Elm Grove,Proportional to PAN,Option Z (in force from 2026)
elm,2.9000000000000004,1.6,W_pan,2035,optionZ,327.74223982559784,26.255130059050195,Elm Grove,Proportional to PAN,Option Z (in force from 2026)
elm,2.9000000000000004,1.6,W_prefs,2026,optionZ,347.1158471061394,26.506339650824753,Elm Grove,Published first preferences,Option Z (in force from 2026)
elm,2.9000000000000004,1.6,W_prefs,2030,optionZ,277.79179778853614,25.717541589011173,Elm Grove,Published first preferences,Option Z (in force from 2026)
elm,2.9000000000000004,1.6,W_prefs,2035,optionZ,245.4772537887232,25.294414770925663,Elm Grove,Published first preferences,Option Z (in force from 2026)
elm,2.9000000000000004,1.6,W_att8,2026,optionZ,316.05138306957315,25.994228153027272,Elm Grove,Attainment 8,Option Z (in force from 2026)
elm,2.9000000000000004,1.6,W_att8,2030,optionZ,239.82763107705844,25.297076162939806,Elm Grove,Attainment 8,Option Z (in force from 2026)
elm,2.9000000000000004,1.6,W_att8,2035,optionZ,211.3157518399907,24.900895789355147,Elm Grove,Attainment 8,Option Z (in force from 2026)
elm,2.9000000000000004,2.4,W_equal,2026,optionZ,430.1273213851447,29.266800851845154,Elm Grove,All schools equal,Option Z (in force from 2026)
elm,2.9000000000000004,2.4,W_equal,2030,optionZ,353.43510773324647,28.244351295546135,Elm Grove,All schools equal,Option Z (in force from 2026)
elm,2.9000000000000004,2.4,W_equal,2035,optionZ,310.70026892344674,27.267682972428858,Elm Grove,All schools equal,Option Z (in force from 2026)
elm,2.9000000000000004,2.4,W_pan,2026,optionZ,429.7560744844261,29.388948962199336,Elm Grove,Proportional to PAN,Option Z (in force from 2026)
elm,2.9000000000000004,2.4,W_pan,2030,optionZ,352.33687917067454,28.349022354977766,Elm Grove,Proportional to PAN,Option Z (in force from 2026)
elm,2.9000000000000004,2.4,W_pan,2035,optionZ,313.23460069623764,27.543400625598274,Elm Grove,Proportional to PAN,Option Z (in force from 2026)
elm,2.9000000000000004,2.4,W_prefs,2026,optionZ,351.5386942101319,28.50398698632106,Elm Grove,Published first preferences,Option Z (in force from 2026)
elm,2.9000000000000004,2.4,W_prefs,2030,optionZ,285.70596860756996,27.898683946031284,Elm Grove,Published first preferences,Option Z (in force from 2026)
elm,2.9000000000000004,2.4,W_prefs,2035,optionZ,249.6051430328047,27.38255723627888,Elm Grove,Published first preferences,Option Z (in force from 2026)
elm,2.9000000000000004,2.4,W_att8,2026,optionZ,330.71873690907336,28.21800449005937,Elm Grove,Attainment 8,Option Z (in force from 2026)
elm,2.9000000000000004,2.4,W_att8,2030,optionZ,253.22709065005964,27.885193571568855,Elm Grove,Attainment 8,Option Z (in force from 2026)
elm,2.9000000000000004,2.4,W_att8,2035,optionZ,221.5601791047209,27.417358857674714,Elm Grove,Attainment 8,Option Z (in force from 2026)
elm,3,0,W_equal,2026,optionZ,446.990971084667,26.282754863033453,Elm Grove,All schools equal,Option Z (in force from 2026)
elm,3,0,W_equal,2030,optionZ,378.420615165491,25.771099664188146,Elm Grove,All schools equal,Option Z (in force from 2026)
elm,3,0,W_equal,2035,optionZ,338.2420000157344,25.104484442809625,Elm Grove,All schools equal,Option Z (in force from 2026)
elm,3,0,W_pan,2026,optionZ,450.58708103217856,26.253867041006302,Elm Grove,Proportional to PAN,Option Z (in force from 2026)
elm,3,0,W_pan,2030,optionZ,376.5760324469794,25.591671157452257,Elm Grove,Proportional to PAN,Option Z (in force from 2026)
elm,3,0,W_pan,2035,optionZ,343.0313426466769,25.227563245170256,Elm Grove,Proportional to PAN,Option Z (in force from 2026)
elm,3,0,W_prefs,2026,optionZ,318.1657515141067,23.5587008057375,Elm Grove,Published first preferences,Option Z (in force from 2026)
elm,3,0,W_prefs,2030,optionZ,262.43186270031083,23.044531025417832,Elm Grove,Published first preferences,Option Z (in force from 2026)
elm,3,0,W_prefs,2035,optionZ,236.8731237712764,22.785040018831605,Elm Grove,Published first preferences,Option Z (in force from 2026)
elm,3,0,W_att8,2026,optionZ,277.6326543498146,22.55727474507137,Elm Grove,Attainment 8,Option Z (in force from 2026)
elm,3,0,W_att8,2030,optionZ,220.97782756160146,21.90376787390904,Elm Grove,Attainment 8,Option Z (in force from 2026)
elm,3,0,W_att8,2035,optionZ,200.5154941132822,21.727513550810475,Elm Grove,Attainment 8,Option Z (in force from 2026)
elm,3,0.8,W_equal,2026,optionZ,453.9224298440553,26.74471982246058,Elm Grove,All schools equal,Option Z (in force from 2026)
elm,3,0.8,W_equal,2030,optionZ,379.28961895433724,25.955729359692054,Elm Grove,All schools equal,Option Z (in force from 2026)
elm,3,0.8,W_equal,2035,optionZ,337.8325216843355,25.201943419361687,Elm Grove,All schools equal,Option Z (in force from 2026)
elm,3,0.8,W_pan,2026,optionZ,459.1915299881817,26.82523593554814,Elm Grove,Proportional to PAN,Option Z (in force from 2026)
elm,3,0.8,W_pan,2030,optionZ,376.7879766635021,25.804406542013552,Elm Grove,Proportional to PAN,Option Z (in force from 2026)
elm,3,0.8,W_pan,2035,optionZ,341.58246516537156,25.34387916020467,Elm Grove,Proportional to PAN,Option Z (in force from 2026)
elm,3,0.8,W_prefs,2026,optionZ,338.5809645671285,24.618101494128382,Elm Grove,Published first preferences,Option Z (in force from 2026)
elm,3,0.8,W_prefs,2030,optionZ,273.54198978584543,23.89557792205131,Elm Grove,Published first preferences,Option Z (in force from 2026)
elm,3,0.8,W_prefs,2035,optionZ,244.66496378294087,23.560864999436504,Elm Grove,Published first preferences,Option Z (in force from 2026)
elm,3,0.8,W_att8,2026,optionZ,300.60030765819204,23.853192294604828,Elm Grove,Attainment 8,Option Z (in force from 2026)
elm,3,0.8,W_att8,2030,optionZ,231.68680040424712,23.031367689530494,Elm Grove,Attainment 8,Option Z (in force from 2026)
elm,3,0.8,W_att8,2035,optionZ,208.26627441027634,22.789768891991717,Elm Grove,Attainment 8,Option Z (in force from 2026)
elm,3,1.6,W_equal,2026,optionZ,450.29797787014303,27.819050634993207,Elm Grove,All schools equal,Option Z (in force from 2026)
elm,3,1.6,W_equal,2030,optionZ,371.60196984535577,26.751395255457755,Elm Grove,All schools equal,Option Z (in force from 2026)
elm,3,1.6,W_equal,2035,optionZ,329.9746272376396,25.9249751751993,Elm Grove,All schools equal,Option Z (in force from 2026)
elm,3,1.6,W_pan,2026,optionZ,453.7001047219219,27.905545214298034,Elm Grove,Proportional to PAN,Option Z (in force from 2026)
elm,3,1.6,W_pan,2030,optionZ,372.36990109636963,26.81975844598361,Elm Grove,Proportional to PAN,Option Z (in force from 2026)
elm,3,1.6,W_pan,2035,optionZ,332.33581256506085,26.096649314521137,Elm Grove,Proportional to PAN,Option Z (in force from 2026)
elm,3,1.6,W_prefs,2026,optionZ,353.51355185138056,26.34890204293835,Elm Grove,Published first preferences,Option Z (in force from 2026)
elm,3,1.6,W_prefs,2030,optionZ,283.88024950289616,25.571392359834256,Elm Grove,Published first preferences,Option Z (in force from 2026)
elm,3,1.6,W_prefs,2035,optionZ,251.00418820674327,25.135760273202234,Elm Grove,Published first preferences,Option Z (in force from 2026)
elm,3,1.6,W_att8,2026,optionZ,320.984813064404,25.834134548670416,Elm Grove,Attainment 8,Option Z (in force from 2026)
elm,3,1.6,W_att8,2030,optionZ,246.6050834569187,25.13515259694132,Elm Grove,Attainment 8,Option Z (in force from 2026)
elm,3,1.6,W_att8,2035,optionZ,217.4336845516058,24.724755324261782,Elm Grove,Attainment 8,Option Z (in force from 2026)
elm,3,2.4,W_equal,2026,optionZ,434.38650743719995,29.087025358732582,Elm Grove,All schools equal,Option Z (in force from 2026)
elm,3,2.4,W_equal,2030,optionZ,357.86612211647133,28.068457348811027,Elm Grove,All schools equal,Option Z (in force from 2026)
elm,3,2.4,W_equal,2035,optionZ,314.87921294963803,27.09179821196146,Elm Grove,All schools equal,Option Z (in force from 2026)
elm,3,2.4,W_pan,2026,optionZ,434.0188963490756,29.199502778627856,Elm Grove,Proportional to PAN,Option Z (in force from 2026)
elm,3,2.4,W_pan,2030,optionZ,356.7872442277362,28.164449690750043,Elm Grove,Proportional to PAN,Option Z (in force from 2026)
elm,3,2.4,W_pan,2035,optionZ,317.3581915302184,27.356738163204202,Elm Grove,Proportional to PAN,Option Z (in force from 2026)
elm,3,2.4,W_prefs,2026,optionZ,356.9196308665327,28.30835703372487,Elm Grove,Published first preferences,Option Z (in force from 2026)
elm,3,2.4,W_prefs,2030,optionZ,290.7770001955884,27.715857180361827,Elm Grove,Published first preferences,Option Z (in force from 2026)
elm,3,2.4,W_prefs,2035,optionZ,254.14332313640205,27.18736624156565,Elm Grove,Published first preferences,Option Z (in force from 2026)
elm,3,2.4,W_att8,2026,optionZ,333.78049203725993,28.041236907559146,Elm Grove,Attainment 8,Option Z (in force from 2026)
elm,3,2.4,W_att8,2030,optionZ,258.8058854275631,27.682738108502633,Elm Grove,Attainment 8,Option Z (in force from 2026)
elm,3,2.4,W_att8,2035,optionZ,226.50282488449622,27.199997752601586,Elm Grove,Attainment 8,Option Z (in force from 2026)
elm,3.1,0,W_equal,2026,optionZ,452.73443542657583,26.11450234209331,Elm Grove,All schools equal,Option Z (in force from 2026)
elm,3.1,0,W_equal,2030,optionZ,383.514835061679,25.598884038081408,Elm Grove,All schools equal,Option Z (in force from 2026)
elm,3.1,0,W_equal,2035,optionZ,342.8704202655586,24.922500856197612,Elm Grove,All schools equal,Option Z (in force from 2026)
elm,3.1,0,W_pan,2026,optionZ,455.97017165226316,26.082353608769814,Elm Grove,Proportional to PAN,Option Z (in force from 2026)
elm,3.1,0,W_pan,2030,optionZ,381.84022997200196,25.423882154355205,Elm Grove,Proportional to PAN,Option Z (in force from 2026)
elm,3.1,0,W_pan,2035,optionZ,347.29855787948134,25.029169486920317,Elm Grove,Proportional to PAN,Option Z (in force from 2026)
elm,3.1,0,W_prefs,2026,optionZ,325.6649589800857,23.417148088387723,Elm Grove,Published first preferences,Option Z (in force from 2026)
elm,3.1,0,W_prefs,2030,optionZ,269.1119917286111,22.904950823757513,Elm Grove,Published first preferences,Option Z (in force from 2026)
elm,3.1,0,W_prefs,2035,optionZ,242.61502097777077,22.623280758129976,Elm Grove,Published first preferences,Option Z (in force from 2026)
elm,3.1,0,W_att8,2026,optionZ,284.84377232423884,22.41620807687574,Elm Grove,Attainment 8,Option Z (in force from 2026)
elm,3.1,0,W_att8,2030,optionZ,227.8104813976098,21.761692258793136,Elm Grove,Attainment 8,Option Z (in force from 2026)
elm,3.1,0,W_att8,2035,optionZ,206.65349603293143,21.580857597779598,Elm Grove,Attainment 8,Option Z (in force from 2026)
elm,3.1,0.8,W_equal,2026,optionZ,459.5913183769902,26.612834373089523,Elm Grove,All schools equal,Option Z (in force from 2026)
elm,3.1,0.8,W_equal,2030,optionZ,384.40741931315966,25.82415401050966,Elm Grove,All schools equal,Option Z (in force from 2026)
elm,3.1,0.8,W_equal,2035,optionZ,342.4120189906064,25.05547705074136,Elm Grove,All schools equal,Option Z (in force from 2026)
elm,3.1,0.8,W_pan,2026,optionZ,464.20815761271984,26.68354689115865,Elm Grove,Proportional to PAN,Option Z (in force from 2026)
elm,3.1,0.8,W_pan,2030,optionZ,382.100909452686,25.675031889956383,Elm Grove,Proportional to PAN,Option Z (in force from 2026)
elm,3.1,0.8,W_pan,2035,optionZ,346.0805828458268,25.189625999812957,Elm Grove,Proportional to PAN,Option Z (in force from 2026)
elm,3.1,0.8,W_prefs,2026,optionZ,346.061717947399,24.500981953555105,Elm Grove,Published first preferences,Option Z (in force from 2026)
elm,3.1,0.8,W_prefs,2030,optionZ,280.26536984431914,23.784012103688138,Elm Grove,Published first preferences,Option Z (in force from 2026)
elm,3.1,0.8,W_prefs,2035,optionZ,250.49682204609542,23.427963702062023,Elm Grove,Published first preferences,Option Z (in force from 2026)
elm,3.1,0.8,W_att8,2026,optionZ,307.341017646724,23.728471066471677,Elm Grove,Attainment 8,Option Z (in force from 2026)
elm,3.1,0.8,W_att8,2030,optionZ,239.1002633794769,22.925633809424177,Elm Grove,Attainment 8,Option Z (in force from 2026)
elm,3.1,0.8,W_att8,2035,optionZ,214.65530189448788,22.65925740743774,Elm Grove,Attainment 8,Option Z (in force from 2026)
elm,3.1,1.6,W_equal,2026,optionZ,454.9342148255999,27.679327981879325,Elm Grove,All schools equal,Option Z (in force from 2026)
elm,3.1,1.6,W_equal,2030,optionZ,376.37135587465934,26.62017662587481,Elm Grove,All schools equal,Option Z (in force from 2026)
elm,3.1,1.6,W_equal,2035,optionZ,334.36655211083513,25.785217039869586,Elm Grove,All schools equal,Option Z (in force from 2026)
elm,3.1,1.6,W_pan,2026,optionZ,458.20333996446533,27.758684493587527,Elm Grove,Proportional to PAN,Option Z (in force from 2026)
elm,3.1,1.6,W_pan,2030,optionZ,377.16128164503226,26.681818298633477,Elm Grove,Proportional to PAN,Option Z (in force from 2026)
elm,3.1,1.6,W_pan,2035,optionZ,336.77313461131826,25.95238097424165,Elm Grove,Proportional to PAN,Option Z (in force from 2026)
elm,3.1,1.6,W_prefs,2026,optionZ,359.87310369696115,26.209837127116028,Elm Grove,Published first preferences,Option Z (in force from 2026)
elm,3.1,1.6,W_prefs,2030,optionZ,289.79478906095534,25.44104483690368,Elm Grove,Published first preferences,Option Z (in force from 2026)
elm,3.1,1.6,W_prefs,2035,optionZ,256.373094424396,24.993142818643424,Elm Grove,Published first preferences,Option Z (in force from 2026)
elm,3.1,1.6,W_att8,2026,optionZ,326.40176302500305,25.696361677129453,Elm Grove,Attainment 8,Option Z (in force from 2026)
elm,3.1,1.6,W_att8,2030,optionZ,253.22964598872375,24.991331315892904,Elm Grove,Attainment 8,Option Z (in force from 2026)
elm,3.1,1.6,W_att8,2035,optionZ,223.41914782480396,24.5671351395123,Elm Grove,Attainment 8,Option Z (in force from 2026)
elm,3.1,2.4,W_equal,2026,optionZ,438.51325911317616,28.919179946444395,Elm Grove,All schools equal,Option Z (in force from 2026)
elm,3.1,2.4,W_equal,2030,optionZ,362.1775783816515,27.905521896760582,Elm Grove,All schools equal,Option Z (in force from 2026)
elm,3.1,2.4,W_equal,2035,optionZ,319.08469890791133,26.934865750364928,Elm Grove,All schools equal,Option Z (in force from 2026)
elm,3.1,2.4,W_pan,2026,optionZ,438.1587028224629,29.02248193010616,Elm Grove,Proportional to PAN,Option Z (in force from 2026)
elm,3.1,2.4,W_pan,2030,optionZ,361.1243852380797,27.99330731166832,Elm Grove,Proportional to PAN,Option Z (in force from 2026)
elm,3.1,2.4,W_pan,2035,optionZ,321.3810058642192,27.183825873065526,Elm Grove,Proportional to PAN,Option Z (in force from 2026)
elm,3.1,2.4,W_prefs,2026,optionZ,362.168931079356,28.126056264121356,Elm Grove,Published first preferences,Option Z (in force from 2026)
elm,3.1,2.4,W_prefs,2030,optionZ,295.7279631404284,27.546185053903496,Elm Grove,Published first preferences,Option Z (in force from 2026)
elm,3.1,2.4,W_prefs,2035,optionZ,258.58100804761756,27.00547931813692,Elm Grove,Published first preferences,Option Z (in force from 2026)
elm,3.1,2.4,W_att8,2026,optionZ,336.72898181258716,27.8731053730748,Elm Grove,Attainment 8,Option Z (in force from 2026)
elm,3.1,2.4,W_att8,2030,optionZ,264.29757348095586,27.492735318437873,Elm Grove,Attainment 8,Option Z (in force from 2026)
elm,3.1,2.4,W_att8,2035,optionZ,231.37990582528414,26.995003002047536,Elm Grove,Attainment 8,Option Z (in force from 2026)
elm,3.2,0,W_equal,2026,optionZ,458.29336067736017,25.964049508792467,Elm Grove,All schools equal,Option Z (in force from 2026)
elm,3.2,0,W_equal,2030,optionZ,388.4528061891426,25.44501029025504,Elm Grove,All schools equal,Option Z (in force from 2026)
elm,3.2,0,W_equal,2035,optionZ,347.358856376195,24.7588486080636,Elm Grove,All schools equal,Option Z (in force from 2026)
elm,3.2,0,W_pan,2026,optionZ,461.1695925582784,25.928373671668403,Elm Grove,Proportional to PAN,Option Z (in force from 2026)
elm,3.2,0,W_pan,2030,optionZ,386.94349046718503,25.274356228934856,Elm Grove,Proportional to PAN,Option Z (in force from 2026)
elm,3.2,0,W_pan,2035,optionZ,351.49348386046654,24.85145222410916,Elm Grove,Proportional to PAN,Option Z (in force from 2026)
elm,3.2,0,W_prefs,2026,optionZ,333.2755364359191,23.301503292503796,Elm Grove,Published first preferences,Option Z (in force from 2026)
elm,3.2,0,W_prefs,2030,optionZ,275.66611605259715,22.786145241171067,Elm Grove,Published first preferences,Option Z (in force from 2026)
elm,3.2,0,W_prefs,2035,optionZ,248.24962417020456,22.482867304599303,Elm Grove,Published first preferences,Option Z (in force from 2026)
elm,3.2,0,W_att8,2026,optionZ,291.90244733918547,22.295702969560672,Elm Grove,Attainment 8,Option Z (in force from 2026)
elm,3.2,0,W_att8,2030,optionZ,234.91191596002557,21.663955791485325,Elm Grove,Attainment 8,Option Z (in force from 2026)
elm,3.2,0,W_att8,2035,optionZ,212.71557675392032,21.457233009101852,Elm Grove,Attainment 8,Option Z (in force from 2026)
elm,3.2,0.8,W_equal,2026,optionZ,465.0313728542886,26.49478346830233,Elm Grove,All schools equal,Option Z (in force from 2026)
elm,3.2,0.8,W_equal,2030,optionZ,389.33492311604454,25.707261336875185,Elm Grove,All schools equal,Option Z (in force from 2026)
elm,3.2,0.8,W_equal,2035,optionZ,346.81833309639035,24.923566188873306,Elm Grove,All schools equal,Option Z (in force from 2026)
elm,3.2,0.8,W_pan,2026,optionZ,469.01689228997066,26.555694693390464,Elm Grove,Proportional to PAN,Option Z (in force from 2026)
elm,3.2,0.8,W_pan,2030,optionZ,387.2179397835328,25.560383018186958,Elm Grove,Proportional to PAN,Option Z (in force from 2026)
elm,3.2,0.8,W_pan,2035,optionZ,350.41108705518496,25.050397300663032,Elm Grove,Proportional to PAN,Option Z (in force from 2026)
elm,3.2,0.8,W_prefs,2026,optionZ,353.4086454280519,24.40125451921507,Elm Grove,Published first preferences,Option Z (in force from 2026)
elm,3.2,0.8,W_prefs,2030,optionZ,286.8093426952416,23.68878190931031,Elm Grove,Published first preferences,Option Z (in force from 2026)
elm,3.2,0.8,W_prefs,2035,optionZ,256.1753641010873,23.31199978383792,Elm Grove,Published first preferences,Option Z (in force from 2026)
elm,3.2,0.8,W_att8,2026,optionZ,313.8718470541547,23.6194680787662,Elm Grove,Attainment 8,Option Z (in force from 2026)
elm,3.2,0.8,W_att8,2030,optionZ,246.36752382532654,22.8381579048251,Elm Grove,Attainment 8,Option Z (in force from 2026)
elm,3.2,0.8,W_att8,2035,optionZ,220.92133703822333,22.548002252234387,Elm Grove,Attainment 8,Option Z (in force from 2026)
elm,3.2,1.6,W_equal,2026,optionZ,459.9158174281048,27.55178577758575,Elm Grove,All schools equal,Option Z (in force from 2026)
elm,3.2,1.6,W_equal,2030,optionZ,380.9715853075723,26.501370076123443,Elm Grove,All schools equal,Option Z (in force from 2026)
elm,3.2,1.6,W_equal,2035,optionZ,338.5953106832703,25.65752500059264,Elm Grove,All schools equal,Option Z (in force from 2026)
elm,3.2,1.6,W_pan,2026,optionZ,462.53041848165833,27.623531006217856,Elm Grove,Proportional to PAN,Option Z (in force from 2026)
elm,3.2,1.6,W_pan,2030,optionZ,381.78646232218256,26.556731943011254,Elm Grove,Proportional to PAN,Option Z (in force from 2026)
elm,3.2,1.6,W_pan,2035,optionZ,341.0548515129912,25.82090724257286,Elm Grove,Proportional to PAN,Option Z (in force from 2026)
elm,3.2,1.6,W_prefs,2026,optionZ,366.3642718105378,26.091181031991685,Elm Grove,Published first preferences,Option Z (in force from 2026)
elm,3.2,1.6,W_prefs,2030,optionZ,295.53398384373924,25.324896624946284,Elm Grove,Published first preferences,Option Z (in force from 2026)
elm,3.2,1.6,W_prefs,2035,optionZ,261.5806590204366,24.86492204517978,Elm Grove,Published first preferences,Option Z (in force from 2026)
elm,3.2,1.6,W_att8,2026,optionZ,331.6174867578497,25.570681856428685,Elm Grove,Attainment 8,Option Z (in force from 2026)
elm,3.2,1.6,W_att8,2030,optionZ,259.692639294415,24.863945099539492,Elm Grove,Attainment 8,Option Z (in force from 2026)
elm,3.2,1.6,W_att8,2035,optionZ,229.26155483849493,24.426346122859883,Elm Grove,Attainment 8,Option Z (in force from 2026)
elm,3.2,2.4,W_equal,2026,optionZ,442.50972084903987,28.76241270889563,Elm Grove,All schools equal,Option Z (in force from 2026)
elm,3.2,2.4,W_equal,2030,optionZ,366.37005418802255,27.754608055806216,Elm Grove,All schools equal,Option Z (in force from 2026)
elm,3.2,2.4,W_equal,2035,optionZ,323.16846452073304,26.78949146404407,Elm Grove,All schools equal,Option Z (in force from 2026)
elm,3.2,2.4,W_pan,2026,optionZ,442.1762179002402,28.8570504076135,Elm Grove,Proportional to PAN,Option Z (in force from 2026)
elm,3.2,2.4,W_pan,2030,optionZ,365.347618087083,27.834677832000203,Elm Grove,Proportional to PAN,Option Z (in force from 2026)
elm,3.2,2.4,W_pan,2035,optionZ,325.3011021165684,27.023668287416832,Elm Grove,Proportional to PAN,Option Z (in force from 2026)
elm,3.2,2.4,W_prefs,2026,optionZ,367.28228888715034,27.95640870880083,Elm Grove,Published first preferences,Option Z (in force from 2026)
elm,3.2,2.4,W_prefs,2030,optionZ,300.5533592641706,27.389084980603982,Elm Grove,Published first preferences,Option Z (in force from 2026)
elm,3.2,2.4,W_prefs,2035,optionZ,263.0795022653508,26.842025509821774,Elm Grove,Published first preferences,Option Z (in force from 2026)
elm,3.2,2.4,W_att8,2026,optionZ,340.4406065958871,27.722370214204545,Elm Grove,Attainment 8,Option Z (in force from 2026)
elm,3.2,2.4,W_att8,2030,optionZ,269.6875833551367,27.31532802954618,Elm Grove,Attainment 8,Option Z (in force from 2026)
elm,3.2,2.4,W_att8,2035,optionZ,236.32633477876502,26.800462279608393,Elm Grove,Attainment 8,Option Z (in force from 2026)
