postcode,lsoa,easting,northing,children,hh_with_ch,hh_total,idaci_decile,idaci_score,catchment_2026
BN1 1AB,E01016952,530981,104247,0,0,241,5,0.134,VarndeanStringer
BN1 1AD,E01016952,530956,104106,1,1,191,5,0.134,VarndeanStringer
BN1 1AE,E01016952,530988,104072,0,1,241,5,0.134,VarndeanStringer
BN1 1AF,E01016952,530996,104202,1,1,241,5,0.134,VarndeanStringer
BN1 1AG,E01016952,530905,104241,1,1,241,5,0.134,VarndeanStringer
BN1 1AH,E01016952,530904,104221,0,0,61,5,0.134,VarndeanStringer
BN1 1AJ,E01016952,530931,104078,1,1,191,5,0.134,VarndeanStringer
BN1 1AL,E01016952,530901,104068,3,3,191,5,0.134,VarndeanStringer
BN1 1AN,E01016952,530863,104147,1,0,191,5,0.134,VarndeanStringer
BN1 1AP,E01016952,530852,104004,0,0,191,5,0.134,VarndeanStringer
BN1 1BG,E01016952,530959,104175,2,1,61,5,0.134,VarndeanStringer
BN1 1BP,E01016952,531235,104062,1,1,241,5,0.134,VarndeanStringer
BN1 1EA,E01016969,531146,104215,1,1,184,1,0.798,VarndeanStringer
BN1 1EB,E01016952,531102,104194,3,1,241,5,0.134,VarndeanStringer
BN1 1ED,E01016969,531159,104225,1,0,184,1,0.798,VarndeanStringer
BN1 1EF,E01016969,531266,104109,0,0,185,1,0.798,VarndeanStringer
BN1 1EG,E01016952,531241,104076,0,0,241,5,0.134,VarndeanStringer
BN1 1EH,E01016969,531282,104106,0,0,185,1,0.798,VarndeanStringer
BN1 1EJ,E01016941,531376,104097,1,0,183,1,0.345,Longhill
BN1 1EL,E01016941,531370,103984,3,2,234,1,0.345,Longhill
BN1 1EN,E01016941,531364,104038,0,0,234,1,0.345,Longhill
BN1 1EZ,E01016969,531103,104239,0,0,184,1,0.798,VarndeanStringer
BN1 1FT,E01016952,531230,104048,1,1,241,5,0.134,VarndeanStringer
BN1 1GE,E01016969,531183,104478,1,1,185,1,0.798,VarndeanStringer
BN1 1GS,E01016952,531101,104163,1,0,241,5,0.134,VarndeanStringer
BN1 1GX,E01016969,531209,104402,2,1,185,1,0.798,VarndeanStringer
BN1 1HA,E01016952,531019,104162,0,0,241,5,0.134,VarndeanStringer
BN1 1HB,E01016952,531056,104160,1,1,241,5,0.134,VarndeanStringer
BN1 1HD,E01016952,531084,104157,1,0,241,5,0.134,VarndeanStringer
BN1 1HE,E01016952,531024,104071,0,0,241,5,0.134,VarndeanStringer
BN1 1HF,E01016952,531050,104062,0,0,241,5,0.134,VarndeanStringer
BN1 1HG,E01016952,531133,104033,1,1,241,5,0.134,VarndeanStringer
BN1 1HH,E01016952,531128,104084,4,2,241,5,0.134,VarndeanStringer
BN1 1HJ,E01016952,531122,104109,1,1,241,5,0.134,VarndeanStringer
BN1 1HL,E01016952,531161,104086,2,1,241,5,0.134,VarndeanStringer
BN1 1HN,E01016952,531190,104049,0,0,241,5,0.134,VarndeanStringer
BN1 1HP,E01016952,531158,103954,1,1,241,5,0.134,VarndeanStringer
BN1 1HQ,E01016952,531178,103967,3,2,241,5,0.134,VarndeanStringer
BN1 1JG,E01016952,530923,104061,0,0,191,5,0.134,VarndeanStringer
BN1 1JS,E01016952,531115,103951,1,1,241,5,0.134,VarndeanStringer
BN1 1NA,E01016952,530884,103974,4,2,191,5,0.134,VarndeanStringer
BN1 1ND,E01016952,531014,104041,1,0,241,5,0.134,VarndeanStringer
BN1 1NE,E01016952,531143,103928,0,0,241,5,0.134,VarndeanStringer
BN1 1NF,E01016952,531195,103886,2,1,241,5,0.134,VarndeanStringer
BN1 1NH,E01016952,531245,103954,2,2,241,5,0.134,VarndeanStringer
BN1 1NJ,E01016952,531207,103941,1,0,241,5,0.134,VarndeanStringer
BN1 1NN,E01016952,531207,103953,0,0,241,5,0.134,VarndeanStringer
BN1 1RB,E01016969,531016,104429,0,0,184,1,0.798,VarndeanStringer
BN1 1RD,E01016969,531102,104327,1,0,184,1,0.798,VarndeanStringer
BN1 1RF,E01016969,531038,104423,0,0,184,1,0.798,VarndeanStringer
BN1 1RH,E01016952,530926,104272,1,0,241,5,0.134,VarndeanStringer
BN1 1RJ,E01016969,530929,104422,2,2,177,1,0.798,VarndeanStringer
BN1 1RL,E01016969,530940,104475,1,1,177,1,0.798,VarndeanStringer
BN1 1RN,E01016969,530987,104386,4,3,177,1,0.798,VarndeanStringer
BN1 1RQ,E01016969,530956,104356,2,1,177,1,0.798,VarndeanStringer
BN1 1RR,E01016952,530866,104294,0,0,241,5,0.134,VarndeanStringer
BN1 1RS,E01016969,530905,104392,5,4,177,1,0.798,VarndeanStringer
BN1 1RT,E01016969,531081,104349,0,0,184,1,0.798,VarndeanStringer
BN1 1TT,E01016969,531091,104536,1,1,184,1,0.798,VarndeanStringer
BN1 1TY,E01016969,531088,104441,0,0,184,1,0.798,VarndeanStringer
BN1 1TZ,E01016969,531053,104542,1,1,184,1,0.798,VarndeanStringer
BN1 1UA,E01033328,531334,104548,2,1,203,5,0.148,VarndeanStringer
BN1 1UB,E01016969,531308,104441,6,3,185,1,0.798,VarndeanStringer
BN1 1UD,E01016969,531218,104378,0,0,185,1,0.798,VarndeanStringer
BN1 1UF,E01016969,531134,104312,0,0,184,1,0.798,VarndeanStringer
BN1 1UG,E01016969,531169,104335,0,0,185,1,0.798,VarndeanStringer
BN1 1UJ,E01016969,531099,104421,0,0,184,1,0.798,VarndeanStringer
BN1 1UL,E01016969,531154,104447,2,1,185,1,0.798,VarndeanStringer
BN1 1UN,E01016969,531147,104470,2,2,185,1,0.798,VarndeanStringer
BN1 1UP,E01016969,531124,104478,1,1,185,1,0.798,VarndeanStringer
BN1 1UQ,E01016969,531115,104486,3,1,185,1,0.798,VarndeanStringer
BN1 1UR,E01016969,531102,104489,2,1,184,1,0.798,VarndeanStringer
BN1 1US,E01016969,531085,104402,0,0,184,1,0.798,VarndeanStringer
BN1 1UU,E01016969,531188,104517,7,4,185,1,0.798,VarndeanStringer
BN1 1UW,E01016969,531074,104407,1,0,184,1,0.798,VarndeanStringer
BN1 1WR,E01016969,531280,104511,1,1,185,1,0.798,VarndeanStringer
BN1 1XF,E01016969,531261,104510,3,2,185,1,0.798,VarndeanStringer
BN1 1YA,E01016969,531246,104523,4,3,185,1,0.798,VarndeanStringer
BN1 1YB,E01016969,531095,104553,3,1,149,1,0.798,VarndeanStringer
BN1 1YD,E01016969,531060,104582,4,3,149,1,0.798,VarndeanStringer
BN1 1YE,E01033328,531254,104546,1,1,203,5,0.148,VarndeanStringer
BN1 1YF,E01016969,531272,104484,5,2,185,1,0.798,VarndeanStringer
BN1 1YW,E01033328,531319,104541,0,0,203,5,0.148,VarndeanStringer
BN1 2AA,E01016953,530127,104440,3,2,154,5,0.127,HoveBlatchington
BN1 2AB,E01016850,530031,104488,2,1,139,7,0.076,HoveBlatchington
BN1 2AD,E01016953,530159,104470,4,2,154,5,0.127,HoveBlatchington
BN1 2AJ,E01016955,530382,104446,5,4,136,5,0.137,HoveBlatchington
BN1 2AU,E01016952,530451,104281,7,7,172,5,0.134,HoveBlatchington
BN1 2BN,E01016850,529948,104340,4,3,122,7,0.076,HoveBlatchington
BN1 2DA,E01016955,530377,104427,2,1,136,5,0.137,HoveBlatchington
BN1 2EB,E01016952,530583,104335,2,1,160,5,0.134,HoveBlatchington
BN1 2ED,E01016952,530583,104306,13,10,160,5,0.134,HoveBlatchington
BN1 2EE,E01016952,530531,104264,10,7,160,5,0.134,HoveBlatchington
BN1 2EF,E01016952,530520,104223,5,3,77,5,0.134,HoveBlatchington
BN1 2EG,E01016952,530502,104326,2,1,172,5,0.134,HoveBlatchington
BN1 2EW,E01016952,530617,104211,2,1,77,5,0.134,HoveBlatchington
BN1 2EX,E01016952,530617,104211,0,0,77,5,0.134,HoveBlatchington
BN1 2FA,E01016955,530447,104101,3,2,115,5,0.137,HoveBlatchington
BN1 2FB,E01016952,530558,104196,2,2,77,5,0.134,HoveBlatchington
BN1 2FD,E01016952,530525,104205,2,1,77,5,0.134,HoveBlatchington
BN1 2FE,E01016955,530428,104171,2,1,167,5,0.137,HoveBlatchington
BN1 2FF,E01016955,530430,104192,7,3,167,5,0.137,HoveBlatchington
BN1 2FG,E01016955,530330,104195,5,3,167,5,0.137,HoveBlatchington
BN1 2FH,E01016955,530359,104276,4,3,107,5,0.137,HoveBlatchington
BN1 2FJ,E01016955,530453,104251,8,5,107,5,0.137,HoveBlatchington
BN1 2FQ,E01016955,530486,104148,4,2,115,5,0.137,HoveBlatchington
BN1 2FR,E01016955,530486,104148,3,2,115,5,0.137,HoveBlatchington
BN1 2FU,E01016955,530492,104093,0,0,115,5,0.137,HoveBlatchington
BN1 2GN,E01016955,530332,104201,1,1,157,5,0.137,HoveBlatchington
BN1 2HA,E01016955,530424,104377,2,1,136,5,0.137,HoveBlatchington
BN1 2HB,E01016955,530417,104361,5,3,136,5,0.137,HoveBlatchington
BN1 2HD,E01016952,530419,104330,14,9,172,5,0.134,HoveBlatchington
BN1 2HE,E01016955,530359,104349,3,2,157,5,0.137,HoveBlatchington
BN1 2HF,E01016952,530369,104306,1,1,172,5,0.134,HoveBlatchington
BN1 2HG,E01016955,530315,104205,1,1,157,5,0.137,HoveBlatchington
BN1 2HH,E01016955,530311,104134,1,1,167,5,0.137,HoveBlatchington
BN1 2HJ,E01016955,530305,104135,2,2,167,5,0.137,HoveBlatchington
BN1 2HL,E01016955,530305,104135,2,2,167,5,0.137,HoveBlatchington
BN1 2HN,E01016955,530295,104228,2,2,157,5,0.137,HoveBlatchington
BN1 2HP,E01016955,530328,104339,1,1,157,5,0.137,HoveBlatchington
BN1 2HQ,E01016955,530306,104266,8,6,157,5,0.137,HoveBlatchington
BN1 2HR,E01016955,530206,104186,0,0,108,5,0.137,HoveBlatchington
BN1 2HS,E01016955,530244,104216,2,2,108,5,0.137,HoveBlatchington
BN1 2HW,E01016955,530489,104286,1,1,107,5,0.137,HoveBlatchington
BN1 2HZ,E01016955,530491,104281,1,1,107,5,0.137,HoveBlatchington
BN1 2JG,E01016955,530257,104188,1,1,108,5,0.137,HoveBlatchington
BN1 2JH,E01016954,530178,104161,5,3,142,7,0.089,HoveBlatchington
BN1 2LA,E01016955,530308,104452,4,3,136,5,0.137,HoveBlatchington
BN1 2LD,E01016954,530232,104395,1,1,239,7,0.089,HoveBlatchington
BN1 2LE,E01016954,530265,104319,9,5,122,7,0.089,HoveBlatchington
BN1 2LF,E01016955,530295,104314,10,7,157,5,0.137,HoveBlatchington
BN1 2LG,E01016955,530250,104245,3,2,147,5,0.137,HoveBlatchington
BN1 2LH,E01016954,530211,104312,5,5,122,7,0.089,HoveBlatchington
BN1 2LJ,E01016955,530176,104227,5,4,147,5,0.137,HoveBlatchington
BN1 2LL,E01016954,530147,104242,7,6,239,7,0.089,HoveBlatchington
BN1 2LP,E01016954,530119,104189,1,1,142,7,0.089,HoveBlatchington
BN1 2LQ,E01016954,530147,104339,13,13,239,7,0.089,HoveBlatchington
BN1 2LR,E01016955,530285,104404,3,1,136,5,0.137,HoveBlatchington
BN1 2LS,E01016954,530162,104389,2,1,179,7,0.089,HoveBlatchington
BN1 2LY,E01016954,530223,104408,2,1,239,7,0.089,HoveBlatchington
BN1 2ND,E01016954,530164,104305,3,2,94,7,0.089,HoveBlatchington
BN1 2NE,E01016954,530164,104305,3,2,94,7,0.089,HoveBlatchington
BN1 2NF,E01016954,530164,104305,2,2,94,7,0.089,HoveBlatchington
BN1 2NL,E01016954,530186,104369,1,1,94,7,0.089,HoveBlatchington
BN1 2NN,E01016955,530240,104280,1,1,147,5,0.137,HoveBlatchington
BN1 2NW,E01016955,530276,104405,0,0,136,5,0.137,HoveBlatchington
BN1 2PA,E01016954,530088,104477,1,1,92,7,0.089,HoveBlatchington
BN1 2PB,E01016850,530015,104387,10,8,139,7,0.076,HoveBlatchington
BN1 2PD,E01016954,530040,104352,4,4,92,7,0.089,HoveBlatchington
BN1 2PE,E01016954,530089,104403,4,3,92,7,0.089,HoveBlatchington
BN1 2PF,E01016850,530007,104422,1,0,139,7,0.076,HoveBlatchington
BN1 2PG,E01016850,529982,104293,11,8,122,7,0.076,HoveBlatchington
BN1 2PH,E01016954,530016,104291,3,2,179,7,0.089,HoveBlatchington
BN1 2PJ,E01016954,529997,104216,2,1,105,7,0.089,HoveBlatchington
BN1 2PL,E01016954,530118,104250,9,7,142,7,0.089,HoveBlatchington
BN1 2PN,E01016954,530065,104264,4,4,105,7,0.089,HoveBlatchington
BN1 2PS,E01016954,530071,104326,5,4,179,7,0.089,HoveBlatchington
BN1 2PT,E01016954,530104,104381,12,10,179,7,0.089,HoveBlatchington
BN1 2PU,E01016850,530001,104388,2,1,139,7,0.076,HoveBlatchington
BN1 2PW,E01016954,530004,104251,1,1,179,7,0.089,HoveBlatchington
BN1 2PX,E01016850,529951,104223,10,6,52,7,0.076,HoveBlatchington
BN1 2PY,E01016850,529951,104223,7,4,52,7,0.076,HoveBlatchington
BN1 2PZ,E01016954,530058,104294,1,1,179,7,0.089,HoveBlatchington
BN1 2QA,E01016850,530021,104412,2,1,139,7,0.076,HoveBlatchington
BN1 2QB,E01016850,530011,104398,1,1,139,7,0.076,HoveBlatchington
BN1 2QD,E01016954,530096,104361,1,1,179,7,0.089,HoveBlatchington
BN1 2QJ,E01016954,530141,104398,2,1,179,7,0.089,HoveBlatchington
BN1 2RA,E01016952,530845,104204,3,1,61,5,0.134,VarndeanStringer
BN1 2RD,E01016952,530807,104270,1,1,77,5,0.134,HoveBlatchington
BN1 2RE,E01016952,530800,104227,1,1,77,5,0.134,HoveBlatchington
BN1 2RG,E01016952,530758,104164,0,0,77,5,0.134,HoveBlatchington
BN1 2RP,E01016952,530850,104117,4,4,61,5,0.134,VarndeanStringer
BN1 2RS,E01016952,530790,104154,0,0,191,5,0.134,HoveBlatchington
BN1 3AA,E01016850,530078,104559,7,4,139,7,0.076,HoveBlatchington
BN1 3AB,E01016951,530104,104566,12,8,166,5,0.135,HoveBlatchington
BN1 3AD,E01016951,530142,104757,10,8,168,5,0.135,HoveBlatchington
BN1 3AE,E01016951,530234,104799,1,1,174,5,0.135,HoveBlatchington
BN1 3AF,E01016951,530139,104658,4,4,168,5,0.135,HoveBlatchington
BN1 3AG,E01016951,530273,104892,7,3,174,5,0.135,HoveBlatchington
BN1 3AH,E01016951,530331,104946,6,5,174,5,0.135,HoveBlatchington
BN1 3AJ,E01016951,530392,105020,10,7,174,5,0.135,HoveBlatchington
BN1 3AL,E01016950,530346,104885,2,2,134,10,0.029,HoveBlatchington
BN1 3AN,E01016950,530352,104820,17,14,134,10,0.029,HoveBlatchington
BN1 3AP,E01016951,530448,105072,2,1,155,5,0.135,HoveBlatchington
BN1 3AQ,E01016951,530260,104933,5,4,174,5,0.135,HoveBlatchington
BN1 3AR,E01016850,530058,104516,3,2,139,7,0.076,HoveBlatchington
BN1 3AS,E01016877,530174,104842,3,2,221,4,0.179,HoveBlatchington
BN1 3AU,E01016950,530370,104996,2,2,134,10,0.029,HoveBlatchington
BN1 3AX,E01016877,530203,104842,2,1,221,4,0.179,HoveBlatchington
BN1 3AY,E01016877,530193,104827,2,1,221,4,0.179,HoveBlatchington
BN1 3BA,E01016953,530214,104533,14,10,154,5,0.127,HoveBlatchington
BN1 3BB,E01016951,530245,104626,5,4,160,5,0.135,HoveBlatchington
BN1 3BD,E01016951,530299,104675,15,10,160,5,0.135,HoveBlatchington
BN1 3BE,E01016953,530247,104512,4,2,96,5,0.127,HoveBlatchington
BN1 3BF,E01016951,530159,104606,11,8,166,5,0.135,HoveBlatchington
BN1 3BG,E01016951,530117,104548,11,7,166,5,0.135,HoveBlatchington
BN1 3BH,E01016953,530177,104528,15,8,154,5,0.127,HoveBlatchington
BN1 3BL,E01016951,530254,104675,27,19,83,5,0.135,HoveBlatchington
BN1 3BU,E01016967,530804,105171,1,0,152,5,0.156,HoveBlatchington
BN1 3BY,E01016951,530210,104757,0,0,83,5,0.135,HoveBlatchington
BN1 3DA,E01016955,530348,104488,5,3,136,5,0.137,HoveBlatchington
BN1 3DB,E01016953,530418,104455,0,0,98,5,0.127,HoveBlatchington
BN1 3DD,E01016953,530375,104506,5,4,98,5,0.127,HoveBlatchington
BN1 3DE,E01016953,530408,104557,2,1,98,5,0.127,HoveBlatchington
BN1 3DF,E01016953,530309,104590,16,10,96,5,0.127,HoveBlatchington
BN1 3DG,E01016953,530332,104666,3,1,116,5,0.127,HoveBlatchington
BN1 3DH,E01016953,530371,104661,3,1,116,5,0.127,HoveBlatchington
BN1 3DJ,E01016953,530391,104637,8,6,116,5,0.127,HoveBlatchington
BN1 3DL,E01016953,530410,104627,7,5,116,5,0.127,HoveBlatchington
BN1 3DS,E01016953,530326,104543,10,6,96,5,0.127,HoveBlatchington
BN1 3EB,E01016952,530592,104449,4,3,172,5,0.134,HoveBlatchington
BN1 3ED,E01016952,530636,104433,2,1,172,5,0.134,HoveBlatchington
BN1 3EE,E01016952,530549,104441,3,3,172,5,0.134,HoveBlatchington
BN1 3EF,E01016953,530452,104469,5,3,98,5,0.127,HoveBlatchington
BN1 3EG,E01016953,530488,104452,10,7,98,5,0.127,HoveBlatchington
BN1 3EH,E01016952,530510,104451,7,4,172,5,0.134,HoveBlatchington
BN1 3EJ,E01016952,530754,104347,0,0,77,5,0.134,HoveBlatchington
BN1 3EN,E01016950,530591,104772,3,3,145,10,0.029,HoveBlatchington
BN1 3FD,E01016969,530801,104400,5,3,177,1,0.798,HoveBlatchington
BN1 3FE,E01016952,530740,104399,0,0,77,5,0.134,HoveBlatchington
BN1 3FF,E01016969,530782,104414,2,2,177,1,0.798,HoveBlatchington
BN1 3FG,E01016953,530615,104470,5,2,101,5,0.127,HoveBlatchington
BN1 3FH,E01016953,530508,104501,3,2,98,5,0.127,HoveBlatchington
BN1 3FJ,E01016953,530643,104488,6,4,101,5,0.127,HoveBlatchington
BN1 3FL,E01016953,530504,104526,10,6,98,5,0.127,HoveBlatchington
BN1 3FN,E01016953,530491,104563,10,8,98,5,0.127,HoveBlatchington
BN1 3FP,E01016953,530437,104610,3,2,129,5,0.127,HoveBlatchington
BN1 3FQ,E01016953,530457,104604,11,7,98,5,0.127,HoveBlatchington
BN1 3FR,E01016953,530431,104636,1,0,116,5,0.127,HoveBlatchington
BN1 3FS,E01016953,530456,104700,7,4,129,5,0.127,HoveBlatchington
BN1 3FT,E01016950,530382,104803,12,12,113,10,0.029,HoveBlatchington
BN1 3FU,E01016950,530413,104800,13,10,145,10,0.029,HoveBlatchington
BN1 3GP,E01033329,530976,104845,1,0,88,6,0.115,HoveBlatchington
BN1 3GS,E01016950,530583,104827,1,0,114,10,0.029,HoveBlatchington
BN1 3GY,E01016950,530610,104837,1,0,114,10,0.029,HoveBlatchington
BN1 3GZ,E01016950,530622,104798,5,3,109,10,0.029,HoveBlatchington
BN1 3HA,E01016953,530595,104625,7,5,101,5,0.127,HoveBlatchington
BN1 3HB,E01016953,530495,104627,6,5,98,5,0.127,HoveBlatchington
BN1 3HD,E01016950,530545,104708,4,2,109,10,0.029,HoveBlatchington
BN1 3HE,E01016950,530593,104669,2,1,109,10,0.029,HoveBlatchington
BN1 3HF,E01016950,530597,104686,7,4,109,10,0.029,HoveBlatchington
BN1 3HG,E01016950,530478,104724,2,1,84,10,0.029,HoveBlatchington
BN1 3HH,E01016950,530480,104774,1,2,84,10,0.029,HoveBlatchington
BN1 3HJ,E01016953,530434,104787,9,6,129,5,0.127,HoveBlatchington
BN1 3HL,E01016950,530451,104865,3,1,145,10,0.029,HoveBlatchington
BN1 3HN,E01016950,530535,104906,11,6,109,10,0.029,HoveBlatchington
BN1 3HP,E01016950,530543,104864,7,3,109,10,0.029,HoveBlatchington
BN1 3HQ,E01016950,530503,104794,13,8,145,10,0.029,HoveBlatchington
BN1 3HR,E01016950,530564,104833,0,0,114,10,0.029,HoveBlatchington
BN1 3JA,E01016968,530685,104637,3,5,136,7,0.089,HoveBlatchington
BN1 3JB,E01016968,530657,104824,8,7,136,7,0.089,HoveBlatchington
BN1 3JD,E01016967,530591,105051,3,2,145,5,0.156,HoveBlatchington
BN1 3JE,E01016950,530574,105008,1,1,76,10,0.029,HoveBlatchington
BN1 3JF,E01016950,530451,104910,15,9,109,10,0.029,HoveBlatchington
BN1 3JG,E01016950,530404,104965,13,10,134,10,0.029,HoveBlatchington
BN1 3JH,E01016951,530480,105057,17,12,155,5,0.135,HoveBlatchington
BN1 3JJ,E01016950,530543,104984,4,4,76,10,0.029,HoveBlatchington
BN1 3JL,E01016950,530540,105058,4,4,76,10,0.029,HoveBlatchington
BN1 3JP,E01016950,530597,104885,3,2,114,10,0.029,HoveBlatchington
BN1 3JS,E01016950,530626,104768,3,1,109,10,0.029,HoveBlatchington
BN1 3JU,E01016951,530502,105071,1,1,155,5,0.135,HoveBlatchington
BN1 3LB,E01016969,530883,104671,11,6,133,1,0.798,HoveBlatchington
BN1 3LD,E01016969,530866,104548,8,5,138,1,0.798,HoveBlatchington
BN1 3LE,E01016969,530855,104416,1,1,177,1,0.798,HoveBlatchington
BN1 3LF,E01016969,530836,104519,3,3,138,1,0.798,HoveBlatchington
BN1 3LG,E01016969,530843,104583,4,3,138,1,0.798,HoveBlatchington
BN1 3LH,E01016969,530777,104541,0,0,138,1,0.798,HoveBlatchington
BN1 3LJ,E01016969,530860,104472,8,5,138,1,0.798,HoveBlatchington
BN1 3LL,E01016969,530847,104636,2,1,133,1,0.798,HoveBlatchington
BN1 3LN,E01016969,530839,104692,13,6,133,1,0.798,HoveBlatchington
BN1 3LP,E01016969,530790,104647,21,12,138,1,0.798,HoveBlatchington
BN1 3LQ,E01033329,530871,104745,5,4,127,6,0.115,HoveBlatchington
BN1 3LR,E01033329,530917,104817,3,3,127,6,0.115,HoveBlatchington
BN1 3LS,E01033329,530882,104826,11,7,127,6,0.115,HoveBlatchington
BN1 3LT,E01016968,530864,104828,7,3,122,7,0.089,HoveBlatchington
BN1 3LU,E01016968,530855,104885,5,4,105,7,0.089,HoveBlatchington
BN1 3LW,E01016968,530881,104907,5,3,105,7,0.089,HoveBlatchington
BN1 3LZ,E01016951,530110,104663,1,1,168,5,0.135,HoveBlatchington
BN1 3PA,E01033329,530937,104816,6,4,127,6,0.115,HoveBlatchington
BN1 3PB,E01033329,530958,104802,4,2,127,6,0.115,HoveBlatchington
BN1 3PD,E01033329,530959,104982,13,8,120,6,0.115,HoveBlatchington
BN1 3PE,E01033329,530927,104932,5,3,120,6,0.115,HoveBlatchington
BN1 3PF,E01033329,530930,104986,4,3,120,6,0.115,HoveBlatchington
BN1 3PG,E01033329,530895,104990,8,5,120,6,0.115,HoveBlatchington
BN1 3PH,E01016967,530873,104998,10,6,126,5,0.156,HoveBlatchington
BN1 3PJ,E01016967,530824,105090,18,13,152,5,0.156,HoveBlatchington
BN1 3PL,E01016967,530777,105092,6,3,152,5,0.156,HoveBlatchington
BN1 3PN,E01016967,530654,104978,7,4,145,5,0.156,HoveBlatchington
BN1 3PP,E01016967,530634,105008,9,7,145,5,0.156,HoveBlatchington
BN1 3PQ,E01016967,530790,105138,10,3,152,5,0.156,HoveBlatchington
BN1 3PR,E01033329,530925,105009,2,2,120,6,0.115,HoveBlatchington
BN1 3PS,E01016967,530723,105047,11,6,159,5,0.156,HoveBlatchington
BN1 3PT,E01016967,530689,105060,8,6,145,5,0.156,HoveBlatchington
BN1 3PU,E01033329,530900,104982,0,0,120,6,0.115,HoveBlatchington
BN1 3QA,E01016967,530820,105139,4,2,152,5,0.156,HoveBlatchington
BN1 3RA,E01016968,530762,104733,6,4,113,7,0.089,HoveBlatchington
BN1 3RB,E01016968,530777,104684,6,4,96,7,0.089,HoveBlatchington
BN1 3RD,E01016968,530716,104701,2,2,113,7,0.089,HoveBlatchington
BN1 3RE,E01016968,530694,104798,9,7,140,7,0.089,HoveBlatchington
BN1 3RF,E01016968,530731,104799,5,4,140,7,0.089,HoveBlatchington
BN1 3RG,E01016968,530752,104834,2,2,113,7,0.089,HoveBlatchington
BN1 3RH,E01016968,530794,104885,5,4,105,7,0.089,HoveBlatchington
BN1 3RJ,E01016968,530817,104837,2,2,122,7,0.089,HoveBlatchington
BN1 3RL,E01016968,530686,104890,12,8,122,7,0.089,HoveBlatchington
BN1 3RN,E01016968,530754,104887,7,5,140,7,0.089,HoveBlatchington
BN1 3RP,E01016967,530808,104998,10,7,159,5,0.156,HoveBlatchington
BN1 3RQ,E01016967,530841,105006,18,12,126,5,0.156,HoveBlatchington
BN1 3RR,E01016967,530722,105004,12,7,159,5,0.156,HoveBlatchington
BN1 3RS,E01016967,530746,104994,8,6,159,5,0.156,HoveBlatchington
BN1 3RT,E01016968,530738,104916,16,8,122,7,0.089,HoveBlatchington
BN1 3RU,E01016967,530769,104971,7,4,159,5,0.156,HoveBlatchington
BN1 3RY,E01016950,530598,104788,1,1,145,10,0.029,HoveBlatchington
BN1 3SU,E01016968,530722,104914,1,1,122,7,0.089,HoveBlatchington
BN1 3TA,E01016967,530646,105076,2,1,152,5,0.156,HoveBlatchington
BN1 3TB,E01016967,530687,105159,5,4,139,5,0.156,HoveBlatchington
BN1 3TD,E01016967,530620,105132,3,3,139,5,0.156,HoveBlatchington
BN1 3TE,E01016967,530520,105236,2,1,150,5,0.156,HoveBlatchington
BN1 3TF,E01016938,530483,105323,8,7,171,7,0.079,VarndeanStringer
BN1 3TG,E01016938,530424,105388,11,7,171,7,0.079,VarndeanStringer
BN1 3TH,E01016938,530524,105284,3,1,171,7,0.079,VarndeanStringer
BN1 3TJ,E01016967,530572,105179,2,1,150,5,0.156,HoveBlatchington
BN1 3TL,E01016938,530573,105335,21,16,74,7,0.079,VarndeanStringer
BN1 3TN,E01016967,530618,105194,7,5,150,5,0.156,HoveBlatchington
BN1 3TP,E01016967,530651,105186,6,4,150,5,0.156,HoveBlatchington
BN1 3TQ,E01016967,530739,105206,1,1,139,5,0.156,HoveBlatchington
BN1 3TR,E01016967,530595,105226,1,1,150,5,0.156,HoveBlatchington
BN1 3TS,E01016938,530648,105319,8,6,123,7,0.079,VarndeanStringer
BN1 3TT,E01016938,530729,105322,6,4,123,7,0.079,VarndeanStringer
BN1 3TU,E01016938,530766,105323,7,5,123,7,0.079,VarndeanStringer
BN1 3TW,E01016967,530663,105092,6,4,152,5,0.156,HoveBlatchington
BN1 3TX,E01016938,530491,105286,3,2,171,7,0.079,VarndeanStringer
BN1 3UF,E01016967,530779,105174,0,1,139,5,0.156,HoveBlatchington
BN1 3UG,E01016938,530483,105374,24,19,72,7,0.079,VarndeanStringer
BN1 3UP,E01016967,530822,105163,1,1,152,5,0.156,HoveBlatchington
BN1 3WA,E01016969,530873,104428,1,1,177,1,0.798,HoveBlatchington
BN1 3WB,E01016969,530896,104410,1,1,177,1,0.798,VarndeanStringer
BN1 3WD,E01016967,530576,105170,1,1,150,5,0.156,HoveBlatchington
BN1 3XA,E01016969,530907,104558,3,2,149,1,0.798,HoveBlatchington
BN1 3XB,E01016969,530936,104682,7,4,133,1,0.798,HoveBlatchington
BN1 3XD,E01033329,530967,104793,4,2,88,6,0.115,HoveBlatchington
BN1 3XF,E01016969,530963,104640,1,1,149,1,0.798,VarndeanStringer
BN1 3ZA,E01016969,530968,104669,2,2,149,1,0.798,VarndeanStringer
BN1 4AA,E01033328,531386,104627,2,2,203,5,0.148,VarndeanStringer
BN1 4AB,E01033328,531319,104596,5,4,203,5,0.148,VarndeanStringer
BN1 4AD,E01033328,531338,104656,3,2,203,5,0.148,VarndeanStringer
BN1 4AE,E01033328,531338,104570,3,3,203,5,0.148,VarndeanStringer
BN1 4AF,E01033328,531314,104685,3,2,203,5,0.148,VarndeanStringer
BN1 4AG,E01033328,531284,104607,6,3,203,5,0.148,VarndeanStringer
BN1 4AH,E01033328,531258,104619,2,3,217,5,0.148,VarndeanStringer
BN1 4AJ,E01033328,531206,104614,1,2,217,5,0.148,VarndeanStringer
BN1 4AL,E01033328,531175,104620,0,1,217,5,0.148,VarndeanStringer
BN1 4AN,E01033328,531161,104636,3,3,217,5,0.148,VarndeanStringer
BN1 4AP,E01033328,531129,104714,3,2,202,5,0.148,VarndeanStringer
BN1 4AQ,E01033328,531149,104692,3,2,202,5,0.148,VarndeanStringer
BN1 4AR,E01033328,531122,104633,3,3,217,5,0.148,VarndeanStringer
BN1 4AS,E01033328,531317,104698,1,0,203,5,0.148,VarndeanStringer
BN1 4AT,E01016969,531090,104632,7,5,149,1,0.798,VarndeanStringer
BN1 4AY,E01033328,531235,104649,4,5,217,5,0.148,VarndeanStringer
BN1 4BH,E01033329,531006,105339,8,5,209,6,0.115,VarndeanStringer
BN1 4BL,E01016972,531446,105454,1,0,99,9,0.04,VarndeanStringer
BN1 4BP,E01033329,531169,104862,1,0,88,6,0.115,VarndeanStringer
BN1 4BW,E01033328,531264,104697,2,1,203,5,0.148,VarndeanStringer
BN1 4DY,E01033329,531196,104861,4,2,88,6,0.115,VarndeanStringer
BN1 4DZ,E01033329,531225,104858,4,2,88,6,0.115,VarndeanStringer
BN1 4EA,E01033329,531031,104791,3,1,88,6,0.115,VarndeanStringer
BN1 4EB,E01033329,531162,104862,1,0,88,6,0.115,VarndeanStringer
BN1 4ED,E01033328,531132,104844,4,2,60,5,0.148,VarndeanStringer
BN1 4EE,E01033328,531072,104789,13,8,202,5,0.148,VarndeanStringer
BN1 4EF,E01033328,531099,104785,9,7,202,5,0.148,VarndeanStringer
BN1 4EG,E01033328,531085,104803,3,2,202,5,0.148,VarndeanStringer
BN1 4EH,E01033328,531155,104805,1,0,60,5,0.148,VarndeanStringer
BN1 4EJ,E01033328,531178,104770,9,5,60,5,0.148,VarndeanStringer
BN1 4EL,E01033328,531201,104774,11,8,202,5,0.148,VarndeanStringer
BN1 4EN,E01016964,531235,104759,1,1,157,2,0.27,VarndeanStringer
BN1 4EP,E01016964,531256,104760,2,1,157,2,0.27,VarndeanStringer
BN1 4EQ,E01016964,531303,104816,2,2,157,2,0.27,VarndeanStringer
BN1 4ER,E01016964,531310,104834,3,2,100,2,0.27,VarndeanStringer
BN1 4ET,E01016964,531312,104765,5,3,157,2,0.27,VarndeanStringer
BN1 4EU,E01016964,531374,104772,2,2,157,2,0.27,VarndeanStringer
BN1 4EW,E01016964,531310,104727,9,5,157,2,0.27,VarndeanStringer
BN1 4EZ,E01016964,531281,104803,2,1,157,2,0.27,VarndeanStringer
BN1 4FA,E01016964,531305,104846,3,2,100,2,0.27,VarndeanStringer
BN1 4FB,E01016964,531375,104840,1,1,100,2,0.27,VarndeanStringer
BN1 4FE,E01016964,531213,104909,6,5,100,2,0.27,VarndeanStringer
BN1 4FL,E01016964,531213,104909,4,3,100,2,0.27,VarndeanStringer
BN1 4FN,E01016964,531213,104909,1,1,100,2,0.27,VarndeanStringer
BN1 4FT,E01033329,531126,104870,2,1,88,6,0.115,VarndeanStringer
BN1 4GA,E01033328,531397,104731,3,3,203,5,0.148,VarndeanStringer
BN1 4GB,E01016964,531396,104775,2,2,157,2,0.27,VarndeanStringer
BN1 4GD,E01016964,531220,104952,2,1,100,2,0.27,VarndeanStringer
BN1 4GE,E01016964,531291,105188,5,3,154,2,0.27,VarndeanStringer
BN1 4GF,E01016964,531182,105352,2,2,149,2,0.27,VarndeanStringer
BN1 4GG,E01016937,531011,105433,6,5,148,2,0.285,VarndeanStringer
BN1 4GJ,E01033329,531190,105050,10,7,114,6,0.115,VarndeanStringer
BN1 4GN,E01016964,531224,105239,5,4,171,2,0.27,VarndeanStringer
BN1 4GP,E01016964,531278,105080,3,1,171,2,0.27,VarndeanStringer
BN1 4GQ,E01033329,531193,105177,11,7,99,6,0.115,VarndeanStringer
BN1 4GR,E01016964,531289,105052,6,3,100,2,0.27,VarndeanStringer
BN1 4GS,E01033329,531152,105113,13,9,114,6,0.115,VarndeanStringer
BN1 4GT,E01016964,531262,105039,8,2,100,2,0.27,VarndeanStringer
BN1 4GU,E01016964,531388,104890,4,3,154,2,0.27,VarndeanStringer
BN1 4GW,E01016964,531054,105411,4,3,171,2,0.27,VarndeanStringer
BN1 4GX,E01033329,531212,105065,2,1,114,6,0.115,VarndeanStringer
BN1 4GZ,E01033329,531170,105011,3,2,114,6,0.115,VarndeanStringer
BN1 4HA,E01033329,531198,105107,19,17,99,6,0.115,VarndeanStringer
BN1 4HB,E01033329,531110,105084,9,6,209,6,0.115,VarndeanStringer
BN1 4HD,E01033329,531109,105124,12,10,209,6,0.115,VarndeanStringer
BN1 4HH,E01016964,531274,105342,0,0,149,2,0.27,VarndeanStringer
BN1 4HS,E01016964,531406,105344,1,1,127,2,0.27,VarndeanStringer
BN1 4HT,E01016964,531438,105311,6,4,228,2,0.27,VarndeanStringer
BN1 4JA,E01016964,531338,105059,1,0,154,2,0.27,VarndeanStringer
BN1 4JB,E01016964,531316,105183,1,1,154,2,0.27,VarndeanStringer
BN1 4JD,E01016964,531270,105258,2,1,171,2,0.27,VarndeanStringer
BN1 4JE,E01016964,531192,105359,2,1,149,2,0.27,VarndeanStringer
BN1 4JF,E01016964,531266,105326,6,3,149,2,0.27,VarndeanStringer
BN1 4JG,E01016964,531349,105182,1,1,228,2,0.27,VarndeanStringer
BN1 4JH,E01016964,531390,105048,1,0,154,2,0.27,VarndeanStringer
BN1 4JJ,E01016964,531294,105374,5,3,127,2,0.27,VarndeanStringer
BN1 4JL,E01016964,531302,105346,3,3,149,2,0.27,VarndeanStringer
BN1 4JN,E01016964,531411,105234,6,4,228,2,0.27,VarndeanStringer
BN1 4JP,E01016964,531332,105270,2,1,149,2,0.27,VarndeanStringer
BN1 4JQ,E01016964,531143,105421,1,0,171,2,0.27,VarndeanStringer
BN1 4JR,E01016964,531375,105290,4,3,149,2,0.27,VarndeanStringer
BN1 4JU,E01016964,531418,105210,1,1,228,2,0.27,VarndeanStringer
BN1 4JW,E01016964,531434,105298,6,3,228,2,0.27,VarndeanStringer
BN1 4JX,E01016964,531244,105277,0,0,171,2,0.27,VarndeanStringer
BN1 4JY,E01016964,531432,105022,1,1,154,2,0.27,VarndeanStringer
BN1 4JZ,E01016964,531429,105039,1,1,154,2,0.27,VarndeanStringer
BN1 4LA,E01016964,531428,105156,2,1,154,2,0.27,VarndeanStringer
BN1 4LG,E01016964,531364,104934,12,8,100,2,0.27,VarndeanStringer
BN1 4LS,E01033329,531124,105249,10,8,209,6,0.115,VarndeanStringer
BN1 4NB,E01016964,531305,105386,6,3,127,2,0.27,VarndeanStringer
BN1 4ND,E01016964,531317,105408,10,6,149,2,0.27,VarndeanStringer
BN1 4NE,E01016972,531394,105415,11,6,99,9,0.04,VarndeanStringer
BN1 4NF,E01016972,531343,105518,17,10,165,9,0.04,VarndeanStringer
BN1 4NG,E01016972,531310,105643,15,11,140,9,0.04,VarndeanStringer
BN1 4NH,E01016972,531334,105438,18,11,100,9,0.04,VarndeanStringer
BN1 4NJ,E01016972,531253,105458,20,10,100,9,0.04,VarndeanStringer
BN1 4NL,E01016972,531295,105514,9,6,100,9,0.04,VarndeanStringer
BN1 4NN,E01016972,531255,105572,17,9,165,9,0.04,VarndeanStringer
BN1 4NP,E01016972,531278,105547,22,13,165,9,0.04,VarndeanStringer
BN1 4NQ,E01016972,531438,105632,15,12,143,9,0.04,VarndeanStringer
BN1 4NR,E01016970,531464,105659,14,10,164,8,0.064,VarndeanStringer
BN1 4NS,E01016972,531402,105673,15,11,143,9,0.04,VarndeanStringer
BN1 4NT,E01016972,531435,105546,27,18,99,9,0.04,VarndeanStringer
BN1 4NU,E01016972,531262,105627,22,12,142,9,0.04,VarndeanStringer
BN1 4NW,E01016972,531240,105620,19,11,142,9,0.04,VarndeanStringer
BN1 4NX,E01016972,531195,105602,19,11,142,9,0.04,VarndeanStringer
BN1 4PA,E01016937,531081,105743,1,1,161,2,0.285,VarndeanStringer
BN1 4PD,E01016964,531446,105354,1,0,127,2,0.27,VarndeanStringer
BN1 4QA,E01016936,530929,105490,9,5,149,8,0.072,VarndeanStringer
BN1 4QB,E01016936,530968,105481,8,4,149,8,0.072,VarndeanStringer
BN1 4QD,E01016936,530995,105495,15,8,149,8,0.072,VarndeanStringer
BN1 4QE,E01016937,531039,105522,8,6,148,2,0.285,VarndeanStringer
BN1 4QF,E01016937,531073,105536,8,4,148,2,0.285,VarndeanStringer
BN1 4QG,E01016937,530940,105617,6,4,169,2,0.285,VarndeanStringer
BN1 4QH,E01016937,531110,105566,16,7,161,2,0.285,VarndeanStringer
BN1 4QJ,E01016937,531071,105700,4,2,161,2,0.285,VarndeanStringer
BN1 4QL,E01016937,531039,105638,10,5,161,2,0.285,VarndeanStringer
BN1 4QN,E01016937,531158,105677,11,6,161,2,0.285,VarndeanStringer
BN1 4QP,E01016937,531262,105714,12,7,153,2,0.285,VarndeanStringer
BN1 4QQ,E01016937,531378,105753,9,7,153,2,0.285,VarndeanStringer
BN1 4QR,E01016937,531462,105782,11,7,153,2,0.285,VarndeanStringer
BN1 4QS,E01016937,531305,105755,3,2,153,2,0.285,VarndeanStringer
BN1 4QT,E01016937,530945,105578,1,0,169,2,0.285,VarndeanStringer
BN1 4RR,E01016964,531345,104745,2,3,157,2,0.27,VarndeanStringer
BN1 4SA,E01016964,531434,104988,1,1,154,2,0.27,VarndeanStringer
BN1 4SB,E01016964,531455,105082,5,3,154,2,0.27,VarndeanStringer
BN1 4SD,E01016964,531469,105214,4,4,228,2,0.27,VarndeanStringer
BN1 4SE,E01016970,531494,105587,20,14,164,8,0.064,VarndeanStringer
BN1 4SF,E01016964,531502,105310,4,2,228,2,0.27,VarndeanStringer
BN1 4SG,E01016970,531538,105721,19,10,164,8,0.064,VarndeanStringer
BN1 4SU,E01016970,531506,105708,7,6,127,8,0.064,VarndeanStringer
BN1 4TA,E01016969,531010,104652,7,6,149,1,0.798,VarndeanStringer
BN1 4TB,E01016969,531025,104658,5,4,149,1,0.798,VarndeanStringer
BN1 4UB,E01016937,531070,105454,1,1,148,2,0.285,VarndeanStringer
BN1 4UD,E01033328,531393,104668,2,2,203,5,0.148,VarndeanStringer
BN1 4UJ,E01016969,530989,104660,1,1,149,1,0.798,VarndeanStringer
BN1 4UN,E01016964,531233,105277,1,1,171,2,0.27,VarndeanStringer
BN1 4UP,E01016964,531256,104856,1,0,100,2,0.27,VarndeanStringer
BN1 4ZB,E01033329,531139,105204,1,1,89,6,0.115,VarndeanStringer
BN1 4ZD,E01033329,531139,105204,1,1,89,6,0.115,VarndeanStringer
BN1 4ZH,E01016964,531421,105170,1,1,154,2,0.27,VarndeanStringer
BN1 4ZJ,E01016964,531413,105189,11,8,228,2,0.27,VarndeanStringer
BN1 4ZL,E01016964,531461,105232,1,1,228,2,0.27,VarndeanStringer
BN1 5AA,E01016935,530139,105818,15,11,154,6,0.113,VarndeanStringer
BN1 5AB,E01016935,530203,105798,15,11,154,6,0.113,VarndeanStringer
BN1 5AD,E01016935,530226,105843,12,8,154,6,0.113,VarndeanStringer
BN1 5AE,E01017005,529877,106169,26,15,136,9,0.049,VarndeanStringer
BN1 5AF,E01017005,529818,106372,9,4,120,9,0.049,VarndeanStringer
BN1 5AG,E01017005,529873,106286,19,11,136,9,0.049,VarndeanStringer
BN1 5AH,E01017006,529949,106181,19,11,99,7,0.097,VarndeanStringer
BN1 5AJ,E01017006,530019,106081,19,11,99,7,0.097,VarndeanStringer
BN1 5AL,E01017005,529962,106212,38,26,136,9,0.049,VarndeanStringer
BN1 5AN,E01017005,529995,106217,31,18,129,9,0.049,VarndeanStringer
BN1 5AP,E01017005,530016,106256,15,11,129,9,0.049,VarndeanStringer
BN1 5AQ,E01017006,530030,106281,13,7,151,7,0.097,VarndeanStringer
BN1 5AR,E01017006,529952,106105,2,1,99,7,0.097,VarndeanStringer
BN1 5AW,E01016935,530261,105860,4,4,154,6,0.113,VarndeanStringer
BN1 5AX,E01016935,530276,105868,5,5,132,6,0.113,VarndeanStringer
BN1 5AZ,E01017000,529835,107906,6,6,231,7,0.079,Patcham
BN1 5BA,E01017005,529739,106396,7,4,169,9,0.049,VarndeanStringer
BN1 5BB,E01017002,529679,106639,13,6,98,8,0.072,VarndeanStringer
BN1 5BD,E01017005,529714,106660,26,17,150,9,0.049,VarndeanStringer
BN1 5BE,E01017005,529738,106678,28,15,150,9,0.049,VarndeanStringer
BN1 5BF,E01017005,529788,106518,25,16,169,9,0.049,VarndeanStringer
BN1 5BG,E01017005,529768,106688,14,7,150,9,0.049,VarndeanStringer
BN1 5BH,E01017005,529795,106711,13,7,150,9,0.049,VarndeanStringer
BN1 5BJ,E01017002,529650,106919,2,2,98,8,0.072,VarndeanStringer
BN1 5BL,E01017002,529711,107052,25,13,146,8,0.072,VarndeanStringer
BN1 5BN,E01017002,529816,107201,4,1,146,8,0.072,VarndeanStringer
BN1 5BP,E01017002,529753,107296,7,4,146,8,0.072,VarndeanStringer
BN1 5BQ,E01016999,529119,108092,14,10,112,9,0.051,Patcham
BN1 5BS,E01017002,529748,107199,3,2,146,8,0.072,VarndeanStringer
BN1 5DA,E01016938,530362,105530,5,3,171,7,0.079,VarndeanStringer
BN1 5DB,E01016938,530378,105568,33,19,118,7,0.079,VarndeanStringer
BN1 5DD,E01016938,530644,105398,10,7,115,7,0.079,VarndeanStringer
BN1 5DE,E01016936,530466,105491,21,14,121,8,0.072,VarndeanStringer
BN1 5DF,E01016936,530501,105579,26,15,121,8,0.072,VarndeanStringer
BN1 5DG,E01016936,530502,105506,34,18,121,8,0.072,VarndeanStringer
BN1 5DH,E01016938,530560,105504,15,12,118,7,0.079,VarndeanStringer
BN1 5DJ,E01016938,530586,105475,22,17,118,7,0.079,VarndeanStringer
BN1 5DL,E01016936,530678,105490,26,18,144,8,0.072,VarndeanStringer
BN1 5DN,E01016936,530657,105475,12,7,144,8,0.072,VarndeanStringer
BN1 5DP,E01016936,530646,105425,17,11,144,8,0.072,VarndeanStringer
BN1 5DQ,E01016938,530639,105364,6,4,115,7,0.079,VarndeanStringer
BN1 5DR,E01016936,530595,105597,2,2,144,8,0.072,VarndeanStringer
BN1 5DS,E01016938,530304,105635,2,1,118,7,0.079,VarndeanStringer
BN1 5DT,E01016938,530320,105614,2,1,171,7,0.079,VarndeanStringer
BN1 5DU,E01016938,530302,105646,4,2,118,7,0.079,VarndeanStringer
BN1 5EB,E01017000,529787,107896,13,7,118,7,0.079,Patcham
BN1 5ED,E01016998,529682,108099,20,12,112,10,0.028,Patcham
BN1 5EE,E01016998,529707,108201,22,13,109,10,0.028,Patcham
BN1 5EF,E01016998,529839,108261,18,10,109,10,0.028,Patcham
BN1 5EG,E01016998,529847,108097,10,7,109,10,0.028,Patcham
BN1 5EH,E01016998,529870,108322,21,10,110,10,0.028,Patcham
BN1 5EJ,E01016998,529820,108542,10,5,110,10,0.028,Patcham
BN1 5EL,E01016998,529781,108538,10,6,110,10,0.028,Patcham
BN1 5EN,E01016998,529787,108406,2,1,110,10,0.028,Patcham
BN1 5EP,E01016998,529698,108515,21,12,139,10,0.028,Patcham
BN1 5EQ,E01016998,529793,108314,13,6,109,10,0.028,Patcham
BN1 5ER,E01016998,529659,108492,15,9,139,10,0.028,Patcham
BN1 5ES,E01017000,529838,108022,6,4,118,7,0.079,Patcham
BN1 5FA,E01017000,529511,107765,26,16,120,7,0.079,Patcham
BN1 5FB,E01017000,529360,107778,7,3,120,7,0.079,Patcham
BN1 5FD,E01017000,529304,107844,18,11,120,7,0.079,Patcham
BN1 5FE,E01017000,529254,107789,13,8,117,7,0.079,Patcham
BN1 5FF,E01016999,529082,107918,21,12,112,9,0.051,Patcham
BN1 5FG,E01016999,528986,107895,11,6,110,9,0.051,Patcham
BN1 5FH,E01016999,529097,108030,22,13,112,9,0.051,Patcham
BN1 5FJ,E01016999,529227,108064,5,3,112,9,0.051,Patcham
BN1 5FL,E01017000,529383,107969,31,16,120,7,0.079,Patcham
BN1 5FN,E01016998,529379,108106,15,9,112,10,0.028,Patcham
BN1 5FP,E01016998,529388,108048,24,13,112,10,0.028,Patcham
BN1 5FQ,E01016999,528988,107943,1,1,112,9,0.051,Patcham
BN1 5FR,E01016998,529485,108037,3,3,112,10,0.028,Patcham
BN1 5FS,E01017000,529546,107831,1,1,118,7,0.079,Patcham
BN1 5GA,E01016998,529743,108252,24,12,109,10,0.028,Patcham
BN1 5GB,E01016998,529502,108374,34,19,116,10,0.028,Patcham
BN1 5GD,E01016998,529214,108430,18,11,116,10,0.028,Patcham
BN1 5GE,E01016998,529463,108441,23,14,116,10,0.028,Patcham
BN1 5GF,E01016998,529494,108469,21,13,139,10,0.028,Patcham
BN1 5GG,E01016999,529313,108367,5,2,112,9,0.051,Patcham
BN1 5GH,E01016999,529352,108212,24,12,112,9,0.051,Patcham
BN1 5GJ,E01016999,529404,108218,19,12,112,9,0.051,Patcham
BN1 5GL,E01016998,529545,108070,19,11,112,10,0.028,Patcham
BN1 5GN,E01016999,529472,108335,14,10,112,9,0.051,Patcham
BN1 5GP,E01016999,529329,108339,3,2,112,9,0.051,Patcham
BN1 5GQ,E01016999,529498,108175,3,2,112,9,0.051,Patcham
BN1 5GR,E01016999,529528,108179,2,2,112,9,0.051,Patcham
BN1 5HA,E01016999,529140,108210,10,7,138,9,0.051,Patcham
BN1 5HB,E01016999,529154,108263,8,6,138,9,0.051,Patcham
BN1 5HD,E01016999,529098,108436,9,5,138,9,0.051,Patcham
BN1 5HE,E01016999,529194,108304,16,9,138,9,0.051,Patcham
BN1 5HF,E01016999,529251,108266,19,12,138,9,0.051,Patcham
BN1 5HG,E01016998,529362,108556,9,6,139,10,0.028,Patcham
BN1 5HH,E01016998,529722,108664,12,7,110,10,0.028,Patcham
BN1 5HJ,E01016998,529641,108634,11,7,110,10,0.028,Patcham
BN1 5HL,E01016998,529698,108573,7,3,110,10,0.028,Patcham
BN1 5JB,E01017000,529787,107328,1,0,140,7,0.079,VarndeanStringer
BN1 5JD,E01017000,529643,107652,7,5,118,7,0.079,Patcham
BN1 5JE,E01017000,529249,107757,33,18,117,7,0.079,Patcham
BN1 5JF,E01017002,529452,107536,9,6,102,8,0.072,VarndeanStringer
BN1 5JG,E01017000,529330,107664,18,9,117,7,0.079,VarndeanStringer
BN1 5JH,E01017000,529645,107805,14,9,118,7,0.079,Patcham
BN1 5JJ,E01017000,529693,107890,6,4,118,7,0.079,Patcham
BN1 5JL,E01017002,529243,107598,14,9,102,8,0.072,VarndeanStringer
BN1 5JN,E01017000,529232,107644,16,8,117,7,0.079,VarndeanStringer
BN1 5JP,E01017000,529560,107858,7,6,118,7,0.079,Patcham
BN1 5JS,E01017000,529897,107571,8,8,140,7,0.079,VarndeanStringer
BN1 5JX,E01016999,528693,108029,4,1,110,9,0.051,Patcham
BN1 5LA,E01017002,529616,106863,2,1,98,8,0.072,VarndeanStringer
BN1 5LB,E01017002,529459,107165,5,2,98,8,0.072,VarndeanStringer
BN1 5LD,E01017002,529387,107362,3,2,102,8,0.072,VarndeanStringer
BN1 5LE,E01017002,529186,107511,11,8,102,8,0.072,VarndeanStringer
BN1 5LF,E01016999,528875,107878,2,1,110,9,0.051,Patcham
BN1 5LG,E01016999,528901,108002,12,6,110,9,0.051,Patcham
BN1 5LH,E01016999,528796,107996,7,5,110,9,0.051,Patcham
BN1 5LJ,E01016999,528952,108366,8,6,120,9,0.051,Patcham
BN1 5LL,E01016999,528766,108207,11,6,120,9,0.051,Patcham
BN1 5LN,E01016999,528932,108262,11,6,120,9,0.051,Patcham
BN1 5LP,E01016999,528949,108224,8,5,110,9,0.051,Patcham
BN1 5LQ,E01016999,528845,108204,4,2,120,9,0.051,Patcham
BN1 5LR,E01017002,529607,107031,11,6,98,8,0.072,VarndeanStringer
BN1 5LS,E01017002,529542,107180,7,4,98,8,0.072,VarndeanStringer
BN1 5LT,E01016999,528742,108147,12,8,120,9,0.051,Patcham
BN1 5LU,E01016999,528936,108406,13,8,120,9,0.051,Patcham
BN1 5LW,E01017002,529539,107258,5,3,102,8,0.072,VarndeanStringer
BN1 5LY,E01016999,528712,108099,5,2,110,9,0.051,Patcham
BN1 5NA,E01017002,529813,106766,25,16,146,8,0.072,VarndeanStringer
BN1 5NB,E01017005,529812,106493,29,15,169,9,0.049,VarndeanStringer
BN1 5ND,E01017005,529864,106528,41,28,169,9,0.049,VarndeanStringer
BN1 5NE,E01017005,529832,106608,2,2,150,9,0.049,VarndeanStringer
BN1 5NF,E01017002,529903,106738,10,7,146,8,0.072,VarndeanStringer
BN1 5NG,E01017005,529900,106520,37,25,120,9,0.049,VarndeanStringer
BN1 5NH,E01017006,529928,106445,28,20,118,7,0.097,VarndeanStringer
BN1 5NJ,E01017005,529985,106550,16,12,120,9,0.049,VarndeanStringer
BN1 5NL,E01017006,530015,106449,23,11,135,7,0.097,VarndeanStringer
BN1 5NN,E01017006,529964,106359,5,3,118,7,0.097,VarndeanStringer
BN1 5NP,E01017006,530074,106324,10,7,151,7,0.097,VarndeanStringer
BN1 5NQ,E01017006,530109,106159,22,13,151,7,0.097,VarndeanStringer
BN1 5NR,E01017006,529949,106440,13,11,118,7,0.097,VarndeanStringer
BN1 5PA,E01016938,530313,105549,23,18,171,7,0.079,VarndeanStringer
BN1 5PB,E01016935,530249,105713,3,3,155,6,0.113,VarndeanStringer
BN1 5PD,E01016935,530320,105727,23,13,155,6,0.113,VarndeanStringer
BN1 5PE,E01016938,530383,105606,25,14,132,7,0.079,VarndeanStringer
BN1 5PF,E01016938,530401,105619,25,19,132,7,0.079,VarndeanStringer
BN1 5PG,E01016938,530404,105652,21,12,132,7,0.079,VarndeanStringer
BN1 5PH,E01016935,530416,105679,23,13,155,6,0.113,VarndeanStringer
BN1 5PJ,E01016935,530308,105787,21,11,155,6,0.113,VarndeanStringer
BN1 5PL,E01016935,530323,105879,3,1,155,6,0.113,VarndeanStringer
BN1 5PN,E01016935,530365,105828,24,15,155,6,0.113,VarndeanStringer
BN1 5PP,E01016936,530447,105692,32,16,132,8,0.072,VarndeanStringer
BN1 5PQ,E01016936,530475,105697,30,19,132,8,0.072,VarndeanStringer
BN1 5PR,E01016936,530504,105716,20,13,132,8,0.072,VarndeanStringer
BN1 5PS,E01016935,530210,105966,48,29,132,6,0.113,VarndeanStringer
BN1 5PT,E01017006,530054,106027,12,10,99,7,0.097,VarndeanStringer
BN1 5PU,E01016938,530269,105632,11,9,118,7,0.079,VarndeanStringer
BN1 5PW,E01016936,530404,105827,10,8,132,8,0.072,VarndeanStringer
BN1 5PY,E01016935,530060,105961,5,2,132,6,0.113,VarndeanStringer
BN1 5PZ,E01016935,530188,105984,13,9,154,6,0.113,VarndeanStringer
BN1 5RA,E01017002,529238,107522,2,2,102,8,0.072,VarndeanStringer
BN1 6AA,E01016937,530932,105786,16,14,227,2,0.285,VarndeanStringer
BN1 6AB,E01016937,530957,105811,4,3,227,2,0.285,VarndeanStringer
BN1 6AD,E01016933,530955,105904,17,7,114,7,0.096,VarndeanStringer
BN1 6AE,E01016937,530941,105663,3,2,169,2,0.285,VarndeanStringer
BN1 6AF,E01016936,530662,105816,17,10,215,8,0.072,VarndeanStringer
BN1 6AH,E01016936,530537,105871,2,1,215,8,0.072,VarndeanStringer
BN1 6AJ,E01016936,530728,105698,22,15,215,8,0.072,VarndeanStringer
BN1 6AL,E01016936,530819,105628,6,3,215,8,0.072,VarndeanStringer
BN1 6AN,E01016936,530581,105817,1,1,215,8,0.072,VarndeanStringer
BN1 6AP,E01016935,530356,106008,4,2,109,6,0.113,VarndeanStringer
BN1 6AQ,E01016937,530894,105737,3,3,227,2,0.285,VarndeanStringer
BN1 6AR,E01016937,531328,105815,1,1,164,2,0.285,VarndeanStringer
BN1 6AX,E01016935,530887,105816,3,3,188,6,0.113,VarndeanStringer
BN1 6AY,E01017006,530200,106489,1,1,141,7,0.097,VarndeanStringer
BN1 6AZ,E01016935,530428,105996,6,6,109,6,0.113,VarndeanStringer
BN1 6BB,E01016933,531071,105971,2,1,133,7,0.096,VarndeanStringer
BN1 6BH,E01016935,530385,106034,10,6,109,6,0.113,VarndeanStringer
BN1 6BL,E01016932,531425,106205,2,2,122,9,0.048,VarndeanStringer
BN1 6BQ,E01017004,530184,106768,2,1,159,5,0.135,VarndeanStringer
BN1 6BT,E01016937,530909,105706,18,13,227,2,0.285,VarndeanStringer
BN1 6BY,E01016937,530950,105744,11,8,169,2,0.285,VarndeanStringer
BN1 6BZ,E01016937,531277,105830,8,5,164,2,0.285,VarndeanStringer
BN1 6DA,E01016937,530997,105720,14,10,169,2,0.285,VarndeanStringer
BN1 6DB,E01016937,531002,105770,8,6,169,2,0.285,VarndeanStringer
BN1 6DD,E01016937,531050,105854,6,4,227,2,0.285,VarndeanStringer
BN1 6DE,E01016937,531144,105799,16,11,164,2,0.285,VarndeanStringer
BN1 6DF,E01016932,531197,105852,33,21,122,9,0.048,VarndeanStringer
BN1 6DG,E01016937,531398,105854,10,7,164,2,0.285,VarndeanStringer
BN1 6DH,E01016932,531429,105900,13,5,122,9,0.048,VarndeanStringer
BN1 6DJ,E01016932,531244,105919,37,24,236,9,0.048,VarndeanStringer
BN1 6DL,E01016932,531311,105972,26,16,236,9,0.048,VarndeanStringer
BN1 6DN,E01016937,531027,105805,2,1,227,2,0.285,VarndeanStringer
BN1 6DQ,E01016935,530271,106200,7,4,62,6,0.113,VarndeanStringer
BN1 6DR,E01016935,530225,106197,2,1,109,6,0.113,VarndeanStringer
BN1 6DS,E01016935,530236,106246,11,2,62,6,0.113,VarndeanStringer
BN1 6DT,E01016935,530276,106228,2,1,62,6,0.113,VarndeanStringer
BN1 6DW,E01016933,531008,105978,1,1,133,7,0.096,VarndeanStringer
BN1 6EA,E01016933,531090,106005,5,3,133,7,0.096,VarndeanStringer
BN1 6EB,E01016933,531213,106014,22,12,133,7,0.096,VarndeanStringer
BN1 6ED,E01016932,531424,106029,16,9,236,9,0.048,VarndeanStringer
BN1 6EE,E01016932,531223,106093,17,8,83,9,0.048,VarndeanStringer
BN1 6EF,E01016932,531384,106133,16,9,122,9,0.048,VarndeanStringer
BN1 6EG,E01016932,531348,106024,14,7,236,9,0.048,VarndeanStringer
BN1 6EH,E01016932,531312,106186,23,16,127,9,0.048,VarndeanStringer
BN1 6EJ,E01016932,531400,106184,33,16,122,9,0.048,VarndeanStringer
BN1 6EL,E01016932,531373,106312,22,13,127,9,0.048,VarndeanStringer
BN1 6EN,E01016932,531420,106259,13,7,122,9,0.048,VarndeanStringer
BN1 6EP,E01016932,531408,106322,9,5,127,9,0.048,VarndeanStringer
BN1 6EQ,E01016934,531308,106480,17,9,106,9,0.043,VarndeanStringer
BN1 6EW,E01016940,530846,106621,14,8,71,9,0.042,VarndeanStringer
BN1 6EX,E01016932,531148,105840,2,1,122,9,0.048,VarndeanStringer
BN1 6FA,E01016934,531349,106449,15,8,106,9,0.043,VarndeanStringer
BN1 6FB,E01016934,531203,106246,9,6,93,9,0.043,VarndeanStringer
BN1 6FD,E01016932,531210,106182,7,4,83,9,0.048,VarndeanStringer
BN1 6FE,E01016934,531359,106389,15,7,106,9,0.043,VarndeanStringer
BN1 6FF,E01016934,531182,106326,23,14,103,9,0.043,VarndeanStringer
BN1 6FG,E01016934,531119,106503,21,13,97,9,0.043,VarndeanStringer
BN1 6FH,E01016934,531250,106474,18,10,103,9,0.043,VarndeanStringer
BN1 6FJ,E01016934,531343,106531,4,2,106,9,0.043,VarndeanStringer
BN1 6FL,E01016934,531306,106578,29,17,113,9,0.043,VarndeanStringer
BN1 6FN,E01016934,531118,106612,25,14,103,9,0.043,VarndeanStringer
BN1 6FP,E01016934,531286,106407,7,3,103,9,0.043,VarndeanStringer
BN1 6FQ,E01016932,531342,106190,3,3,122,9,0.048,VarndeanStringer
BN1 6FS,E01016936,530508,105931,11,10,215,8,0.072,VarndeanStringer
BN1 6GA,E01016933,531078,106071,10,6,133,7,0.096,VarndeanStringer
BN1 6GB,E01016934,531116,106290,33,21,93,9,0.043,VarndeanStringer
BN1 6GD,E01016934,531046,106506,49,26,97,9,0.043,VarndeanStringer
BN1 6GE,E01016933,531076,106263,25,13,228,7,0.096,VarndeanStringer
BN1 6GF,E01016933,531018,106200,29,18,228,7,0.096,VarndeanStringer
BN1 6GG,E01016940,531004,106484,41,21,93,9,0.042,VarndeanStringer
BN1 6GH,E01016933,531037,106386,11,7,228,7,0.096,VarndeanStringer
BN1 6GJ,E01016940,530972,106488,37,22,93,9,0.042,VarndeanStringer
BN1 6GL,E01016933,530988,106192,46,30,228,7,0.096,VarndeanStringer
BN1 6GN,E01016940,530906,106461,23,17,98,9,0.042,VarndeanStringer
BN1 6GP,E01016934,531017,106590,2,1,97,9,0.043,VarndeanStringer
BN1 6GQ,E01016940,530932,106475,31,19,98,9,0.042,VarndeanStringer
BN1 6GR,E01016933,531054,106234,31,17,228,7,0.096,VarndeanStringer
BN1 6HA,E01016933,530943,106072,18,15,114,7,0.096,VarndeanStringer
BN1 6HB,E01016933,530893,106233,13,10,146,7,0.096,VarndeanStringer
BN1 6HD,E01016933,530955,106160,16,12,114,7,0.096,VarndeanStringer
BN1 6HE,E01016940,530865,106449,30,16,71,9,0.042,VarndeanStringer
BN1 6HF,E01016940,530812,106489,26,16,134,9,0.042,VarndeanStringer
BN1 6HG,E01016940,530714,106457,18,11,134,9,0.042,VarndeanStringer
BN1 6HH,E01016933,530760,106328,3,2,146,7,0.096,VarndeanStringer
BN1 6HJ,E01016935,530863,105948,13,8,188,6,0.113,VarndeanStringer
BN1 6HL,E01016933,530787,106238,23,15,146,7,0.096,VarndeanStringer
BN1 6HP,E01016935,530887,105816,6,4,188,6,0.113,VarndeanStringer
BN1 6HR,E01016935,530842,106108,18,12,188,6,0.113,VarndeanStringer
BN1 6HU,E01017004,530184,106768,1,1,159,5,0.135,VarndeanStringer
BN1 6HY,E01017004,530180,106799,0,0,159,5,0.135,VarndeanStringer
BN1 6JA,E01016905,531530,105931,31,17,136,3,0.248,VarndeanStringer
BN1 6JB,E01016932,531464,106226,25,14,122,9,0.048,VarndeanStringer
BN1 6JD,E01016932,531434,106394,18,11,127,9,0.048,VarndeanStringer
BN1 6JE,E01016905,531503,106228,19,9,136,3,0.248,VarndeanStringer
BN1 6JF,E01016903,531464,106432,18,11,114,7,0.081,VarndeanStringer
BN1 6JG,E01016903,531422,106662,25,15,137,7,0.081,VarndeanStringer
BN1 6JH,E01016939,531377,106698,10,6,105,10,0.036,VarndeanStringer
BN1 6JJ,E01016939,531353,106859,17,10,105,10,0.036,VarndeanStringer
BN1 6JL,E01016903,531384,106883,16,8,121,7,0.081,VarndeanStringer
BN1 6JN,E01016939,531282,106964,7,5,62,10,0.036,VarndeanStringer
BN1 6JP,E01016939,531246,106724,22,16,105,10,0.036,VarndeanStringer
BN1 6JQ,E01016939,531231,106698,38,28,115,10,0.036,VarndeanStringer
BN1 6JR,E01016939,531225,106659,47,27,115,10,0.036,VarndeanStringer
BN1 6JS,E01016934,531221,106634,56,34,113,9,0.043,VarndeanStringer
BN1 6JT,E01016939,531388,106655,2,2,105,10,0.036,VarndeanStringer
BN1 6JU,E01016939,531337,107064,5,2,62,10,0.036,VarndeanStringer
BN1 6JX,E01016905,531528,106342,8,7,136,3,0.248,VarndeanStringer
BN1 6LA,E01017004,530515,106589,19,11,141,5,0.135,VarndeanStringer
BN1 6LB,E01016940,530750,106580,13,6,71,9,0.042,VarndeanStringer
BN1 6LD,E01017004,530750,106614,16,11,121,5,0.135,VarndeanStringer
BN1 6LE,E01016940,530945,106627,6,2,88,9,0.042,VarndeanStringer
BN1 6LF,E01016940,531030,106698,35,23,107,9,0.042,VarndeanStringer
BN1 6LG,E01016940,531098,106779,23,15,107,9,0.042,VarndeanStringer
BN1 6LH,E01016939,531185,106842,27,16,106,10,0.036,VarndeanStringer
BN1 6LJ,E01016939,531249,106764,34,19,104,10,0.036,VarndeanStringer
BN1 6LL,E01016939,531261,106791,30,16,104,10,0.036,VarndeanStringer
BN1 6LN,E01016939,531273,106829,24,12,104,10,0.036,VarndeanStringer
BN1 6LP,E01016939,531274,106858,11,8,106,10,0.036,VarndeanStringer
BN1 6LQ,E01016940,530996,106721,30,20,107,9,0.042,VarndeanStringer
BN1 6LR,E01016940,530956,106714,24,11,88,9,0.042,VarndeanStringer
BN1 6LS,E01016939,531281,106906,12,7,106,10,0.036,VarndeanStringer
BN1 6LT,E01016939,531263,106932,19,10,106,10,0.036,VarndeanStringer
BN1 6LU,E01016939,531103,106847,23,13,95,10,0.036,VarndeanStringer
BN1 6LW,E01016939,531105,106885,31,16,95,10,0.036,VarndeanStringer
BN1 6NA,E01016940,530876,106682,28,15,88,9,0.042,VarndeanStringer
BN1 6NB,E01016940,530957,106779,17,9,88,9,0.042,VarndeanStringer
BN1 6ND,E01016939,531024,106860,18,10,95,10,0.036,VarndeanStringer
BN1 6NE,E01016939,531154,107008,25,13,62,10,0.036,VarndeanStringer
BN1 6NF,E01017001,531349,107337,5,3,118,10,0.017,VarndeanStringer
BN1 6NG,E01017001,531229,107370,22,12,118,10,0.017,VarndeanStringer
BN1 6NH,E01017001,531110,107497,18,10,111,10,0.017,VarndeanStringer
BN1 6NJ,E01017001,530980,107545,6,3,111,10,0.017,VarndeanStringer
BN1 6NL,E01017001,531038,107420,41,20,111,10,0.017,VarndeanStringer
BN1 6NN,E01016930,531205,107675,16,7,131,9,0.054,VarndeanStringer
BN1 6NR,E01017001,531064,107612,10,5,111,10,0.017,VarndeanStringer
BN1 6NW,E01016903,531498,106493,1,1,114,7,0.081,VarndeanStringer
BN1 6PA,E01017004,530638,106632,4,2,116,5,0.135,VarndeanStringer
BN1 6PB,E01017004,530766,106691,38,26,121,5,0.135,VarndeanStringer
BN1 6PD,E01017004,530793,106735,14,8,105,5,0.135,VarndeanStringer
BN1 6PE,E01017004,530788,106762,19,13,105,5,0.135,VarndeanStringer
BN1 6PF,E01017003,530822,106806,37,22,140,9,0.05,VarndeanStringer
BN1 6PG,E01017003,530817,106832,30,20,140,9,0.05,VarndeanStringer
BN1 6PH,E01017003,530898,106877,11,9,140,9,0.05,VarndeanStringer
BN1 6PJ,E01017003,530752,106869,31,19,126,9,0.05,VarndeanStringer
BN1 6PL,E01017003,530767,106897,57,29,126,9,0.05,VarndeanStringer
BN1 6PN,E01017003,530972,106914,25,14,126,9,0.05,VarndeanStringer
BN1 6PP,E01017004,530698,106775,9,5,105,5,0.135,VarndeanStringer
BN1 6PQ,E01017003,530546,106997,24,10,151,9,0.05,VarndeanStringer
BN1 6PR,E01017003,530689,106945,5,2,150,9,0.05,VarndeanStringer
BN1 6PS,E01017003,530618,106981,8,4,151,9,0.05,VarndeanStringer
BN1 6PT,E01017003,530649,107180,13,8,150,9,0.05,VarndeanStringer
BN1 6PU,E01017003,530652,107072,24,12,150,9,0.05,VarndeanStringer
BN1 6PW,E01017001,530975,107175,1,1,111,10,0.017,VarndeanStringer
BN1 6PY,E01017003,530497,107253,8,4,151,9,0.05,VarndeanStringer
BN1 6QB,E01017004,530647,106685,19,15,116,5,0.135,VarndeanStringer
BN1 6QE,E01017003,530603,107245,7,4,150,9,0.05,VarndeanStringer
BN1 6QF,E01017003,530682,107232,5,3,150,9,0.05,VarndeanStringer
BN1 6QR,E01017006,530170,106606,2,2,141,7,0.097,VarndeanStringer
BN1 6QX,E01017003,530732,107205,9,4,150,9,0.05,VarndeanStringer
BN1 6RA,E01017004,530265,106690,10,9,145,5,0.135,VarndeanStringer
BN1 6RB,E01017004,530342,106662,14,7,141,5,0.135,VarndeanStringer
BN1 6RD,E01017004,530465,106683,8,4,141,5,0.135,VarndeanStringer
BN1 6RE,E01017004,530355,106797,32,18,145,5,0.135,VarndeanStringer
BN1 6RF,E01017004,530543,106806,24,11,116,5,0.135,VarndeanStringer
BN1 6RG,E01017004,530563,106673,15,8,141,5,0.135,VarndeanStringer
BN1 6RH,E01017003,530461,106984,16,6,126,9,0.05,VarndeanStringer
BN1 6RJ,E01017003,530423,106999,19,9,126,9,0.05,VarndeanStringer
BN1 6RL,E01017003,530385,107104,9,4,126,9,0.05,VarndeanStringer
BN1 6RN,E01017002,530175,107117,14,10,140,8,0.072,VarndeanStringer
BN1 6RP,E01017003,530318,107156,12,9,126,9,0.05,VarndeanStringer
BN1 6RQ,E01017004,530487,106752,3,2,116,5,0.135,VarndeanStringer
BN1 6RR,E01017002,530212,107059,11,8,140,8,0.072,VarndeanStringer
BN1 6RS,E01017001,530300,107212,7,4,119,10,0.017,VarndeanStringer
BN1 6RU,E01017001,530264,107258,2,1,119,10,0.017,VarndeanStringer
BN1 6RW,E01017001,530305,107257,8,4,119,10,0.017,VarndeanStringer
BN1 6RX,E01017001,530188,107180,1,1,119,10,0.017,VarndeanStringer
BN1 6RY,E01017001,530280,107190,4,2,119,10,0.017,VarndeanStringer
BN1 6RZ,E01017003,530338,107195,2,2,126,9,0.05,VarndeanStringer
BN1 6SA,E01017004,530238,106459,7,4,141,5,0.135,VarndeanStringer
BN1 6SB,E01017006,530177,106364,5,3,151,7,0.097,VarndeanStringer
BN1 6SD,E01016935,530344,106405,1,0,62,6,0.113,VarndeanStringer
BN1 6SE,E01017004,530195,106712,19,11,159,5,0.135,VarndeanStringer
BN1 6SF,E01017002,529997,106874,18,11,146,8,0.072,VarndeanStringer
BN1 6SG,E01017006,530063,106812,11,7,126,7,0.097,VarndeanStringer
BN1 6SH,E01017006,530052,106692,13,8,126,7,0.097,VarndeanStringer
BN1 6SJ,E01017006,530085,106726,10,8,126,7,0.097,VarndeanStringer
BN1 6SL,E01017006,530120,106570,7,4,141,7,0.097,VarndeanStringer
BN1 6SN,E01017006,530146,106507,12,7,141,7,0.097,VarndeanStringer
BN1 6SP,E01017006,530155,106457,12,8,135,7,0.097,VarndeanStringer
BN1 6SQ,E01017006,530110,106441,1,1,135,7,0.097,VarndeanStringer
BN1 6SR,E01017006,530169,106435,10,6,135,7,0.097,VarndeanStringer
BN1 6SS,E01017004,530113,106789,3,2,159,5,0.135,VarndeanStringer
BN1 6ST,E01017006,530109,106612,3,2,141,7,0.097,VarndeanStringer
BN1 6SU,E01017006,530108,106625,1,1,141,7,0.097,VarndeanStringer
BN1 6SW,E01017006,530188,106620,8,6,141,7,0.097,VarndeanStringer
BN1 6TA,E01017002,530007,106935,4,3,146,8,0.072,VarndeanStringer
BN1 6TD,E01017001,530207,107248,11,9,119,10,0.017,VarndeanStringer
BN1 6TE,E01017003,530422,107209,12,9,151,9,0.05,VarndeanStringer
BN1 6TF,E01017003,530412,107277,19,12,151,9,0.05,VarndeanStringer
BN1 6TU,E01017004,530051,106913,5,3,159,5,0.135,VarndeanStringer
BN1 6TZ,E01017002,529957,107068,0,0,126,8,0.072,VarndeanStringer
BN1 6UA,E01017002,530203,107045,0,0,140,8,0.072,VarndeanStringer
BN1 6UB,E01017002,530240,106996,15,11,137,8,0.072,VarndeanStringer
BN1 6UD,E01017002,530318,107022,19,13,137,8,0.072,VarndeanStringer
BN1 6UE,E01017002,530222,107021,9,8,140,8,0.072,VarndeanStringer
BN1 6UF,E01017004,530155,106896,0,0,159,5,0.135,VarndeanStringer
BN1 6UG,E01017002,530049,106982,6,3,126,8,0.072,VarndeanStringer
BN1 6UH,E01017002,530048,107078,1,1,126,8,0.072,VarndeanStringer
BN1 6UJ,E01017002,530097,107086,4,3,126,8,0.072,VarndeanStringer
BN1 6UL,E01017002,530075,107133,14,10,140,8,0.072,VarndeanStringer
BN1 6UN,E01017002,529999,107120,15,10,126,8,0.072,VarndeanStringer
BN1 6UP,E01017002,530047,107062,3,2,126,8,0.072,VarndeanStringer
BN1 6UQ,E01017002,530071,107080,4,3,126,8,0.072,VarndeanStringer
BN1 6UR,E01017002,530006,107056,3,2,126,8,0.072,VarndeanStringer
BN1 6US,E01017002,529981,107057,3,1,126,8,0.072,VarndeanStringer
BN1 6UU,E01017004,530259,106787,1,0,145,5,0.135,VarndeanStringer
BN1 6UW,E01017004,530244,106924,18,9,145,5,0.135,VarndeanStringer
BN1 6UX,E01017002,530228,106956,17,14,137,8,0.072,VarndeanStringer
BN1 6UY,E01017002,530318,106969,19,13,137,8,0.072,VarndeanStringer
BN1 6UZ,E01017001,530041,107170,7,4,119,10,0.017,VarndeanStringer
BN1 6WA,E01017001,530400,107628,29,13,118,10,0.017,VarndeanStringer
BN1 6WB,E01017001,530672,107539,10,6,111,10,0.017,VarndeanStringer
BN1 6WE,E01017001,530528,107529,23,9,118,10,0.017,VarndeanStringer
BN1 6WF,E01017001,530314,107545,22,15,134,10,0.017,VarndeanStringer
BN1 6WG,E01017001,530343,107510,23,12,134,10,0.017,VarndeanStringer
BN1 6WH,E01017001,530335,107472,18,9,134,10,0.017,VarndeanStringer
BN1 6WJ,E01017001,530357,107348,10,7,134,10,0.017,VarndeanStringer
BN1 6WL,E01017001,530381,107312,17,10,134,10,0.017,VarndeanStringer
BN1 6WN,E01017001,530224,107326,5,3,119,10,0.017,VarndeanStringer
BN1 6WP,E01017001,530363,107428,3,2,134,10,0.017,VarndeanStringer
BN1 6WT,E01017004,530114,106934,12,8,159,5,0.135,VarndeanStringer
BN1 6XA,E01017001,531208,107510,37,23,118,10,0.017,VarndeanStringer
BN1 6XB,E01016930,531386,107699,9,4,131,9,0.054,VarndeanStringer
BN1 6XD,E01017001,531294,107541,6,3,118,10,0.017,VarndeanStringer
BN1 6XP,E01017000,529881,107602,1,1,231,7,0.079,VarndeanStringer
BN1 6XU,E01017006,530203,106400,7,5,135,7,0.097,VarndeanStringer
BN1 6XZ,E01017000,529898,107514,10,7,231,7,0.079,VarndeanStringer
BN1 6YA,E01017001,530164,107291,4,2,119,10,0.017,VarndeanStringer
BN1 6YD,E01017001,529993,107258,10,6,119,10,0.017,VarndeanStringer
BN1 6YF,E01017001,529959,107357,15,7,118,10,0.017,VarndeanStringer
BN1 6YG,E01017000,529962,107428,12,8,140,7,0.079,VarndeanStringer
BN1 6YH,E01017000,530003,107461,8,5,140,7,0.079,VarndeanStringer
BN1 6YJ,E01017001,530018,107551,1,0,118,10,0.017,VarndeanStringer
BN1 6YL,E01017000,529944,107595,15,9,231,7,0.079,VarndeanStringer
BN1 6YN,E01017000,529924,107414,3,2,140,7,0.079,VarndeanStringer
BN1 6YP,E01017000,529967,107498,13,8,231,7,0.079,VarndeanStringer
BN1 6YS,E01017001,530032,107310,7,8,118,10,0.017,VarndeanStringer
BN1 6ZA,E01016930,530847,107650,8,4,107,9,0.054,VarndeanStringer
BN1 6ZD,E01017006,530141,106337,4,3,151,7,0.097,VarndeanStringer
BN1 6ZE,E01017006,530140,106617,5,4,141,7,0.097,VarndeanStringer
BN1 7AA,E01016900,531514,107562,1,0,128,1,0.336,VarndeanStringer
BN1 7AD,E01016902,531817,107288,13,9,111,3,0.229,VarndeanStringer
BN1 7AE,E01016902,532031,106857,10,3,136,3,0.229,VarndeanStringer
BN1 7AX,E01016904,532120,106439,1,0,127,1,0.451,VarndeanStringer
BN1 7AY,E01016904,532094,106511,5,7,127,1,0.451,VarndeanStringer
BN1 7AZ,E01016904,532115,106468,2,2,127,1,0.451,VarndeanStringer
BN1 7BB,E01016905,531609,106013,0,1,136,3,0.248,VarndeanStringer
BN1 7BD,E01016904,531856,106045,5,4,198,1,0.451,VarndeanStringer
BN1 7BE,E01016905,531928,106136,18,12,113,3,0.248,VarndeanStringer
BN1 7BF,E01016904,531987,106394,13,7,127,1,0.451,VarndeanStringer
BN1 7BG,E01016905,532026,106253,35,17,113,3,0.248,VarndeanStringer
BN1 7BH,E01016904,532147,106383,37,18,127,1,0.451,VarndeanStringer
BN1 7BJ,E01016905,531990,106266,13,8,113,3,0.248,VarndeanStringer
BN1 7BL,E01016904,532106,106539,3,1,127,1,0.451,VarndeanStringer
BN1 7BN,E01016904,532167,106632,11,9,120,1,0.451,VarndeanStringer
BN1 7BP,E01016904,532087,106684,6,3,120,1,0.451,VarndeanStringer
BN1 7BQ,E01016904,532016,106737,9,5,119,1,0.451,VarndeanStringer
BN1 7BR,E01016904,531971,106661,5,3,119,1,0.451,VarndeanStringer
BN1 7BS,E01016904,532068,106602,2,1,120,1,0.451,VarndeanStringer
BN1 7BT,E01016904,532014,106650,17,11,120,1,0.451,VarndeanStringer
BN1 7BU,E01016905,531974,106516,11,7,126,3,0.248,VarndeanStringer
BN1 7BW,E01016905,531950,106480,2,2,126,3,0.248,VarndeanStringer
BN1 7BX,E01016904,532106,106602,18,13,120,1,0.451,VarndeanStringer
BN1 7DW,E01016902,531948,106970,9,5,136,3,0.229,VarndeanStringer
BN1 7DZ,E01016902,531930,106988,9,5,136,3,0.229,VarndeanStringer
BN1 7EA,E01016905,531866,106268,28,15,115,3,0.248,VarndeanStringer
BN1 7EB,E01016905,531806,106149,15,8,115,3,0.248,VarndeanStringer
BN1 7ED,E01016905,531798,106218,8,5,115,3,0.248,VarndeanStringer
BN1 7EE,E01016905,531910,106240,6,3,115,3,0.248,VarndeanStringer
BN1 7EF,E01016905,531912,106345,9,4,115,3,0.248,VarndeanStringer
BN1 7EG,E01016905,531845,106450,24,14,126,3,0.248,VarndeanStringer
BN1 7EH,E01016905,531882,106447,12,5,126,3,0.248,VarndeanStringer
BN1 7EJ,E01016905,531939,106442,15,10,126,3,0.248,VarndeanStringer
BN1 7EL,E01016902,531875,106557,4,2,115,3,0.229,VarndeanStringer
BN1 7EN,E01016904,531910,106714,32,20,119,1,0.451,VarndeanStringer
BN1 7EP,E01016902,531898,106850,32,19,136,3,0.229,VarndeanStringer
BN1 7EQ,E01016902,531969,106886,33,15,136,3,0.229,VarndeanStringer
BN1 7ER,E01016904,531956,106702,31,14,119,1,0.451,VarndeanStringer
BN1 7ES,E01016902,531755,107048,16,8,106,3,0.229,VarndeanStringer
BN1 7ET,E01016902,531833,106996,16,11,106,3,0.229,VarndeanStringer
BN1 7EU,E01016902,531819,107095,28,16,106,3,0.229,VarndeanStringer
BN1 7EW,E01016902,531815,107063,4,4,106,3,0.229,VarndeanStringer
BN1 7EX,E01016902,531910,107050,12,7,136,3,0.229,VarndeanStringer
BN1 7EY,E01016900,532300,107048,31,18,121,1,0.336,VarndeanStringer
BN1 7FA,E01016902,532235,106881,33,18,129,3,0.229,VarndeanStringer
BN1 7FB,E01016902,532219,106808,20,11,129,3,0.229,VarndeanStringer
BN1 7FD,E01016900,532276,106789,19,10,117,1,0.336,VarndeanStringer
BN1 7FE,E01016900,532327,106778,20,10,117,1,0.336,VarndeanStringer
BN1 7FF,E01016900,532411,106936,2,2,121,1,0.336,VarndeanStringer
BN1 7FG,E01016900,532320,106690,32,17,121,1,0.336,VarndeanStringer
BN1 7FH,E01016900,532227,106595,31,17,117,1,0.336,VarndeanStringer
BN1 7FJ,E01016900,532249,106707,6,4,117,1,0.336,VarndeanStringer
BN1 7FL,E01016900,532434,106929,6,2,121,1,0.336,VarndeanStringer
BN1 7FN,E01016900,532219,106641,15,10,117,1,0.336,VarndeanStringer
BN1 7FP,E01016902,532127,106928,12,7,129,3,0.229,VarndeanStringer
BN1 7FQ,E01016902,532085,106953,10,6,136,3,0.229,VarndeanStringer
BN1 7FR,E01016902,532223,106922,5,3,129,3,0.229,VarndeanStringer
BN1 7GA,E01016903,531624,106197,15,9,173,7,0.081,VarndeanStringer
BN1 7GB,E01016905,531697,106311,39,26,146,3,0.248,VarndeanStringer
BN1 7GD,E01016901,531704,106505,26,16,162,8,0.074,VarndeanStringer
BN1 7GE,E01016901,531739,106612,24,14,162,8,0.074,VarndeanStringer
BN1 7GF,E01016901,531767,106808,32,16,143,8,0.074,VarndeanStringer
BN1 7GG,E01016901,531739,106800,34,19,143,8,0.074,VarndeanStringer
BN1 7GH,E01016902,531856,106782,46,24,115,3,0.229,VarndeanStringer
BN1 7GJ,E01016902,531826,106780,35,21,115,3,0.229,VarndeanStringer
BN1 7GL,E01016901,531764,106495,26,16,162,8,0.074,VarndeanStringer
BN1 7GN,E01016905,531784,106333,24,15,146,3,0.248,VarndeanStringer
BN1 7GP,E01016901,531728,106444,4,3,162,8,0.074,VarndeanStringer
BN1 7GR,E01016905,531754,106144,8,9,115,3,0.248,VarndeanStringer
BN1 7GS,E01016905,531572,106092,2,2,166,3,0.248,VarndeanStringer
BN1 7GT,E01016905,531580,106139,1,2,166,3,0.248,VarndeanStringer
BN1 7GX,E01016905,531691,106229,5,4,146,3,0.248,VarndeanStringer
BN1 7GY,E01016905,531758,106213,3,2,146,3,0.248,VarndeanStringer
BN1 7HA,E01016903,531668,106410,28,17,173,7,0.081,VarndeanStringer
BN1 7HB,E01016903,531639,106379,28,18,173,7,0.081,VarndeanStringer
BN1 7HD,E01016901,531606,106562,16,8,162,8,0.074,VarndeanStringer
BN1 7HE,E01016901,531679,106832,42,27,143,8,0.074,VarndeanStringer
BN1 7HF,E01016901,531651,106786,34,19,146,8,0.074,VarndeanStringer
BN1 7HG,E01016901,531631,106812,9,5,146,8,0.074,VarndeanStringer
BN1 7HH,E01016901,531718,106985,38,23,147,8,0.074,VarndeanStringer
BN1 7HJ,E01016901,531645,106979,21,11,147,8,0.074,VarndeanStringer
BN1 7HL,E01016901,531599,106908,27,17,146,8,0.074,VarndeanStringer
BN1 7HN,E01016901,531540,106912,64,34,147,8,0.074,VarndeanStringer
BN1 7HP,E01016901,531608,106703,21,12,146,8,0.074,VarndeanStringer
BN1 7HQ,E01016901,531575,106712,21,12,146,8,0.074,VarndeanStringer
BN1 7HR,E01016900,531560,107106,0,0,128,1,0.336,VarndeanStringer
BN1 7HT,E01016902,531688,107217,67,34,111,3,0.229,VarndeanStringer
BN1 7HU,E01016901,531605,106485,7,5,162,8,0.074,VarndeanStringer
BN1 7HW,E01016900,531604,107085,2,1,128,1,0.336,VarndeanStringer
BN1 7HX,E01016900,531676,107119,4,4,128,1,0.336,VarndeanStringer
BN1 7HZ,E01016900,531540,107176,5,4,128,1,0.336,VarndeanStringer
BN1 7JA,E01016903,531596,106323,26,19,173,7,0.081,VarndeanStringer
BN1 7JB,E01016903,531563,106339,34,15,114,7,0.081,VarndeanStringer
BN1 7JD,E01016903,531520,106547,9,4,137,7,0.081,VarndeanStringer
BN1 7JE,E01016903,531464,106590,9,7,137,7,0.081,VarndeanStringer
BN1 7JF,E01016903,531488,106668,38,21,137,7,0.081,VarndeanStringer
BN1 7JG,E01016903,531455,106692,19,12,137,7,0.081,VarndeanStringer
BN1 7JH,E01016903,531509,106930,26,15,121,7,0.081,VarndeanStringer
BN1 7JJ,E01016903,531543,106726,25,15,112,7,0.081,VarndeanStringer
BN1 7JL,E01016903,531524,106686,34,18,112,7,0.081,VarndeanStringer
BN1 7JN,E01016903,531517,106515,7,4,114,7,0.081,VarndeanStringer
BN1 7JP,E01016903,531452,106874,22,11,121,7,0.081,VarndeanStringer
BN1 7JQ,E01016903,531425,106860,18,10,121,7,0.081,VarndeanStringer
BN1 7JR,E01016903,531445,106966,3,2,121,7,0.081,VarndeanStringer
BN1 7JS,E01016903,531502,106815,4,2,112,7,0.081,VarndeanStringer
BN1 7JT,E01016903,531503,106803,1,1,112,7,0.081,VarndeanStringer
BN1 7LB,E01016902,531581,107199,4,4,111,3,0.229,VarndeanStringer
BN1 8AA,E01016925,531513,108069,24,18,128,4,0.16,Patcham
BN1 8AB,E01016925,531568,108062,10,7,128,4,0.16,Patcham
BN1 8AD,E01016925,531448,108107,25,15,128,4,0.16,Patcham
BN1 8AE,E01016925,531461,108059,15,10,128,4,0.16,Patcham
BN1 8AH,E01016930,531489,107936,4,3,131,9,0.054,Patcham
BN1 8AL,E01016923,530377,108371,3,2,129,6,0.109,Patcham
BN1 8AN,E01016928,530098,109132,1,1,154,8,0.066,Patcham
BN1 8AZ,E01016928,530539,109467,11,2,154,8,0.066,Patcham
BN1 8BA,E01016930,530628,107782,7,5,107,9,0.054,Patcham
BN1 8BL,E01016923,530390,108343,2,1,129,6,0.109,Patcham
BN1 8DA,E01016926,531714,108447,16,9,132,3,0.249,Patcham
BN1 8DB,E01016926,531737,108409,24,13,132,3,0.249,Patcham
BN1 8DD,E01016926,531938,108637,17,11,132,3,0.249,Patcham
BN1 8DE,E01016925,531437,108346,10,6,109,4,0.16,Patcham
BN1 8DF,E01016929,531446,108422,5,3,119,7,0.078,Patcham
BN1 8DG,E01016925,531636,108474,24,14,119,4,0.16,Patcham
BN1 8DH,E01016925,531628,108511,22,13,119,4,0.16,Patcham
BN1 8DJ,E01016926,531779,108574,5,2,132,3,0.249,Patcham
BN1 8DL,E01016926,531610,108603,31,19,132,3,0.249,Patcham
BN1 8DN,E01016925,531477,108512,37,22,119,4,0.16,Patcham
BN1 8DP,E01016925,531390,108490,20,11,121,4,0.16,Patcham
BN1 8DQ,E01016929,531317,108412,25,16,119,7,0.078,Patcham
BN1 8DR,E01016925,531429,108519,5,5,121,4,0.16,Patcham
BN1 8DS,E01016925,531498,108348,3,4,119,4,0.16,Patcham
BN1 8EA,E01016930,530718,107743,10,6,107,9,0.054,Patcham
BN1 8EB,E01016930,530819,107727,6,4,107,9,0.054,Patcham
BN1 8ED,E01016930,530968,107848,11,6,146,9,0.054,Patcham
BN1 8EE,E01016930,531015,107907,12,7,146,9,0.054,Patcham
BN1 8EF,E01016930,531223,107798,25,15,105,9,0.054,Patcham
BN1 8EG,E01016930,531253,107761,17,9,131,9,0.054,Patcham
BN1 8EH,E01016930,531173,107885,16,9,105,9,0.054,Patcham
BN1 8EJ,E01016930,531210,107937,27,16,146,9,0.054,Patcham
BN1 8EL,E01016930,531301,107894,16,8,105,9,0.054,Patcham
BN1 8EN,E01016930,531116,107890,13,7,105,9,0.054,Patcham
BN1 8EP,E01016930,530883,107821,13,8,107,9,0.054,Patcham
BN1 8EQ,E01016930,530870,107901,28,18,145,9,0.054,Patcham
BN1 8FA,E01016925,531782,108386,24,14,129,4,0.16,Patcham
BN1 8FB,E01016926,531996,108490,11,7,132,3,0.249,Patcham
BN1 8FD,E01016925,531801,108350,22,13,129,4,0.16,Patcham
BN1 8FE,E01016926,532004,108580,6,3,131,3,0.249,Patcham
BN1 8FF,E01016925,531775,108308,18,10,129,4,0.16,Patcham
BN1 8FG,E01016926,531966,108412,6,4,131,3,0.249,Patcham
BN1 8FH,E01016926,532037,108603,17,11,131,3,0.249,Patcham
BN1 8FJ,E01016926,531989,108627,10,6,144,3,0.249,Patcham
BN1 8FL,E01016926,531983,108736,4,2,144,3,0.249,Patcham
BN1 8FN,E01016926,532012,108898,55,30,125,3,0.249,Patcham
BN1 8FP,E01016926,532087,108525,19,13,131,3,0.249,Patcham
BN1 8FQ,E01016925,531735,108253,22,11,129,4,0.16,Patcham
BN1 8GA,E01016930,531652,108109,12,7,131,9,0.054,Patcham
BN1 8GB,E01016926,531980,108276,10,7,131,3,0.249,Patcham
BN1 8GD,E01016926,532212,108445,18,10,144,3,0.249,Patcham
BN1 8GE,E01016926,532204,108666,21,13,144,3,0.249,Patcham
BN1 8GF,E01016926,532164,108428,9,6,131,3,0.249,Patcham
BN1 8GG,E01016926,532080,108382,4,2,131,3,0.249,Patcham
BN1 8GH,E01016926,532121,108641,32,18,144,3,0.249,Patcham
BN1 8GJ,E01016926,532162,108880,36,21,125,3,0.249,Patcham
BN1 8GL,E01016926,532199,108895,8,6,77,3,0.249,Patcham
BN1 8GN,E01016926,531949,108887,9,4,144,3,0.249,Patcham
BN1 8GP,E01016926,532116,108881,54,25,125,3,0.249,Patcham
BN1 8GQ,E01016926,532006,108774,2,3,144,3,0.249,Patcham
BN1 8HA,E01016923,530506,107989,18,11,137,6,0.109,Patcham
BN1 8HB,E01016923,530655,108171,23,11,137,6,0.109,Patcham
BN1 8HD,E01016929,530688,108150,24,12,148,7,0.078,Patcham
BN1 8HE,E01016930,530689,107996,9,5,145,9,0.054,Patcham
BN1 8HF,E01016930,530662,107892,4,3,145,9,0.054,Patcham
BN1 8HG,E01016930,530796,108074,11,6,145,9,0.054,Patcham
BN1 8HH,E01016930,530766,108157,13,9,145,9,0.054,Patcham
BN1 8HJ,E01016930,530953,108054,27,16,121,9,0.054,Patcham
BN1 8HL,E01016930,530973,108124,37,21,121,9,0.054,Patcham
BN1 8HN,E01016929,531097,108399,4,2,119,7,0.078,Patcham
BN1 8HP,E01016929,530999,108388,2,2,115,7,0.078,Patcham
BN1 8HQ,E01016930,530929,108174,24,14,121,9,0.054,Patcham
BN1 8HR,E01016929,530918,108210,11,5,115,7,0.078,Patcham
BN1 8HS,E01016929,530894,108283,6,4,115,7,0.078,Patcham
BN1 8JA,E01016929,531303,108177,21,13,129,7,0.078,Patcham
BN1 8JB,E01016930,531126,108067,26,15,146,9,0.054,Patcham
BN1 8JD,E01016929,531191,108202,33,15,129,7,0.078,Patcham
BN1 8JE,E01016929,531163,108264,6,4,119,7,0.078,Patcham
BN1 8JF,E01016929,531374,108313,11,8,129,7,0.078,Patcham
BN1 8JG,E01016929,531201,108368,23,12,119,7,0.078,Patcham
BN1 8JH,E01016929,530986,108343,15,10,115,7,0.078,Patcham
BN1 8JJ,E01016929,530915,108372,2,1,115,7,0.078,Patcham
BN1 8JL,E01016925,531405,108177,31,17,109,4,0.16,Patcham
BN1 8JN,E01016925,531428,108141,28,16,109,4,0.16,Patcham
BN1 8LA,E01016929,530864,108369,5,3,115,7,0.078,Patcham
BN1 8LB,E01016929,530892,108459,6,4,115,7,0.078,Patcham
BN1 8LD,E01016929,531050,108567,17,9,124,7,0.078,Patcham
BN1 8LE,E01016927,531264,108617,10,5,128,6,0.109,Patcham
BN1 8LF,E01016927,531399,108675,10,6,128,6,0.109,Patcham
BN1 8LG,E01016927,531180,108538,19,9,128,6,0.109,Patcham
BN1 8LH,E01016927,531445,108613,14,10,112,6,0.109,Patcham
BN1 8LJ,E01016927,531655,108660,8,3,112,6,0.109,Patcham
BN1 8LL,E01016927,531535,108685,7,4,112,6,0.109,Patcham
BN1 8LN,E01016927,531713,108854,16,11,122,6,0.109,Patcham
BN1 8LP,E01016927,531603,108808,42,27,122,6,0.109,Patcham
BN1 8LQ,E01016927,531604,108932,18,9,122,6,0.109,Patcham
BN1 8LR,E01016925,531244,108509,24,11,121,4,0.16,Patcham
BN1 8LS,E01016925,531116,108445,22,10,121,4,0.16,Patcham
BN1 8LT,E01016927,531697,108661,1,1,112,6,0.109,Patcham
BN1 8LZ,E01016923,530574,108346,17,12,129,6,0.109,Patcham
BN1 8NA,E01016923,530235,107964,10,3,124,6,0.109,Patcham
BN1 8NB,E01016923,530170,107985,1,1,124,6,0.109,Patcham
BN1 8ND,E01016923,530234,108039,36,17,128,6,0.109,Patcham
BN1 8NE,E01016923,530572,108200,30,15,137,6,0.109,Patcham
BN1 8NF,E01016923,530519,108181,16,9,137,6,0.109,Patcham
BN1 8NG,E01016929,530633,108379,7,10,148,7,0.078,Patcham
BN1 8NH,E01016929,530727,108304,14,7,148,7,0.078,Patcham
BN1 8NJ,E01016929,530703,108363,10,5,148,7,0.078,Patcham
BN1 8NL,E01016929,530791,108455,24,10,148,7,0.078,Patcham
BN1 8NN,E01016924,530815,108649,7,3,110,8,0.07,Patcham
BN1 8NP,E01016924,530953,108700,16,9,110,8,0.07,Patcham
BN1 8NQ,E01016924,530947,108750,7,5,110,8,0.07,Patcham
BN1 8NR,E01016927,531152,108724,27,14,128,6,0.109,Patcham
BN1 8NS,E01016927,531208,108772,10,6,128,6,0.109,Patcham
BN1 8NT,E01016929,530977,108599,23,13,124,7,0.078,Patcham
BN1 8NU,E01016929,530968,108626,19,10,124,7,0.078,Patcham
BN1 8NW,E01016929,530910,108522,5,4,124,7,0.078,Patcham
BN1 8NX,E01016929,530773,108495,1,1,124,7,0.078,Patcham
BN1 8NY,E01016929,530785,108512,2,1,124,7,0.078,Patcham
BN1 8NZ,E01016929,530771,108527,1,1,124,7,0.078,Patcham
BN1 8PA,E01016929,530783,108543,1,1,124,7,0.078,Patcham
BN1 8PJ,E01016926,531706,109082,3,1,77,3,0.249,Patcham
BN1 8PL,E01016926,531667,109050,2,1,77,3,0.249,Patcham
BN1 8PN,E01016926,531661,108997,5,2,77,3,0.249,Patcham
BN1 8PP,E01016928,529660,109601,1,0,154,8,0.066,Patcham
BN1 8PU,E01017000,529905,107620,3,2,231,7,0.079,Patcham
BN1 8PZ,E01017000,529915,107706,6,6,231,7,0.079,Patcham
BN1 8QA,E01016923,530026,108049,18,15,151,6,0.109,Patcham
BN1 8QD,E01016928,530311,108668,3,3,121,8,0.066,Patcham
BN1 8QE,E01016924,530487,108793,19,8,115,8,0.07,Patcham
BN1 8QF,E01016924,530447,108748,15,9,115,8,0.07,Patcham
BN1 8QG,E01016928,530540,108728,4,3,121,8,0.066,Patcham
BN1 8QH,E01016928,530598,108584,16,10,121,8,0.066,Patcham
BN1 8QJ,E01016928,530562,108516,5,3,121,8,0.066,Patcham
BN1 8QL,E01016928,530548,108453,2,2,121,8,0.066,Patcham
BN1 8QN,E01016924,530287,108738,6,5,115,8,0.07,Patcham
BN1 8QQ,E01017000,529942,107843,11,9,128,7,0.079,Patcham
BN1 8QR,E01016923,529966,107970,6,3,151,6,0.109,Patcham
BN1 8QS,E01016923,529995,107983,17,11,151,6,0.109,Patcham
BN1 8QT,E01016923,529964,108015,15,11,151,6,0.109,Patcham
BN1 8QU,E01017000,529925,107769,14,8,128,7,0.079,Patcham
BN1 8QW,E01017000,529927,107809,11,7,128,7,0.079,Patcham
BN1 8QX,E01017000,529914,107732,5,4,128,7,0.079,Patcham
BN1 8RA,E01016924,530735,108917,20,14,115,8,0.07,Patcham
BN1 8RB,E01016924,530906,108960,25,16,115,8,0.07,Patcham
BN1 8RD,E01016931,531150,108993,22,13,122,8,0.06,Patcham
BN1 8RE,E01016931,531072,109164,26,13,119,8,0.06,Patcham
BN1 8RF,E01016931,531039,109158,24,13,119,8,0.06,Patcham
BN1 8RG,E01016931,531129,109196,21,16,119,8,0.06,Patcham
BN1 8RH,E01016931,531194,109256,13,7,137,8,0.06,Patcham
BN1 8RJ,E01016931,531244,109174,7,4,119,8,0.06,Patcham
BN1 8RL,E01016924,530808,109263,13,7,114,8,0.07,Patcham
BN1 8RN,E01016931,531050,109314,14,8,133,8,0.06,Patcham
BN1 8SA,E01016931,531447,109180,16,9,116,8,0.06,Patcham
BN1 8SB,E01016931,531414,109198,20,14,122,8,0.06,Patcham
BN1 8SD,E01016931,531694,109408,14,12,116,8,0.06,Patcham
BN1 8SE,E01016931,531685,109446,20,12,116,8,0.06,Patcham
BN1 8SF,E01016931,531646,109487,10,2,116,8,0.06,Patcham
BN1 8SG,E01016931,531427,109250,14,7,122,8,0.06,Patcham
BN1 8SH,E01016931,531272,109276,18,10,122,8,0.06,Patcham
BN1 8SJ,E01016931,531351,109297,12,7,137,8,0.06,Patcham
BN1 8SL,E01016931,531426,109342,8,5,137,8,0.06,Patcham
BN1 8SN,E01016931,531502,109373,8,5,116,8,0.06,Patcham
BN1 8SP,E01016931,531512,109435,13,7,137,8,0.06,Patcham
BN1 8SQ,E01016931,531282,109373,11,6,137,8,0.06,Patcham
BN1 8TA,E01016929,530660,108806,10,6,148,7,0.078,Patcham
BN1 8TB,E01016924,530915,108844,22,13,115,8,0.07,Patcham
BN1 8TD,E01016924,530964,108805,8,5,110,8,0.07,Patcham
BN1 8TE,E01016927,531312,108917,19,9,131,6,0.109,Patcham
BN1 8TF,E01016927,531250,108932,19,11,131,6,0.109,Patcham
BN1 8TG,E01016927,531377,108841,11,7,126,6,0.109,Patcham
BN1 8TH,E01016927,531302,108866,19,8,131,6,0.109,Patcham
BN1 8TJ,E01016927,531432,108892,21,13,126,6,0.109,Patcham
BN1 8TL,E01016927,531448,108811,23,13,126,6,0.109,Patcham
BN1 8TN,E01016927,531303,108781,22,13,126,6,0.109,Patcham
BN1 8TP,E01016927,531259,108669,4,3,128,6,0.109,Patcham
BN1 8TQ,E01016927,531389,108714,20,12,112,6,0.109,Patcham
BN1 8TR,E01016927,531530,108736,5,4,122,6,0.109,Patcham
BN1 8TS,E01016924,530725,108848,2,2,115,8,0.07,Patcham
BN1 8TU,E01016927,531532,109003,28,13,131,6,0.109,Patcham
BN1 8TZ,E01016927,531498,108920,2,1,126,6,0.109,Patcham
BN1 8UA,E01016924,530485,109018,18,11,114,8,0.07,Patcham
BN1 8UB,E01016924,530455,108976,34,16,115,8,0.07,Patcham
BN1 8UD,E01016924,530558,108885,1,2,114,8,0.07,Patcham
BN1 8UE,E01016924,530587,109069,15,11,118,8,0.07,Patcham
BN1 8UF,E01016924,530627,109029,13,8,118,8,0.07,Patcham
BN1 8UG,E01016924,530687,109058,16,8,118,8,0.07,Patcham
BN1 8UH,E01016924,530717,109072,16,9,118,8,0.07,Patcham
BN1 8UJ,E01016924,530811,109110,16,11,114,8,0.07,Patcham
BN1 8UL,E01016931,530867,109126,16,11,133,8,0.06,Patcham
BN1 8UN,E01016931,530904,109137,22,11,133,8,0.06,Patcham
BN1 8UP,E01016931,530963,109141,26,16,133,8,0.06,Patcham
BN1 8UR,E01016923,530328,108325,6,3,129,6,0.109,Patcham
BN1 8WA,E01016923,530158,108168,7,3,128,6,0.109,Patcham
BN1 8WB,E01016923,530272,108108,11,6,128,6,0.109,Patcham
BN1 8WD,E01016923,530256,108219,11,6,128,6,0.109,Patcham
BN1 8WE,E01016923,530315,108207,11,5,128,6,0.109,Patcham
BN1 8WF,E01016923,530412,108204,11,7,129,6,0.109,Patcham
BN1 8WG,E01016923,530469,108376,13,7,129,6,0.109,Patcham
BN1 8WH,E01016923,530450,108204,17,10,129,6,0.109,Patcham
BN1 8WJ,E01016923,530488,108407,16,9,129,6,0.109,Patcham
BN1 8WL,E01016923,530390,108308,1,0,129,6,0.109,Patcham
BN1 8WN,E01016923,530450,108461,1,1,129,6,0.109,Patcham
BN1 8WP,E01016928,530396,108593,24,16,121,8,0.066,Patcham
BN1 8WQ,E01016928,530455,108612,11,8,121,8,0.066,Patcham
BN1 8WR,E01016928,530363,108922,13,7,122,8,0.066,Patcham
BN1 8WS,E01016928,530306,108832,11,7,122,8,0.066,Patcham
BN1 8WT,E01016928,530336,108861,2,2,122,8,0.066,Patcham
BN1 8WU,E01016923,530113,108011,5,6,124,6,0.109,Patcham
BN1 8WW,E01016928,530502,108506,1,0,121,8,0.066,Patcham
BN1 8XA,E01016928,530112,108352,16,10,133,8,0.066,Patcham
BN1 8XB,E01016928,529985,108375,26,14,138,8,0.066,Patcham
BN1 8XD,E01016928,530018,108414,22,9,138,8,0.066,Patcham
BN1 8XF,E01016928,529978,108117,4,2,138,8,0.066,Patcham
BN1 8XG,E01016928,530082,108443,18,9,138,8,0.066,Patcham
BN1 8XH,E01016928,530046,108471,12,6,138,8,0.066,Patcham
BN1 8XJ,E01016928,529990,108659,15,7,138,8,0.066,Patcham
BN1 8XL,E01016928,530209,108308,2,2,133,8,0.066,Patcham
BN1 8XN,E01016928,530272,108368,6,3,133,8,0.066,Patcham
BN1 8XP,E01016928,530324,108475,6,3,133,8,0.066,Patcham
BN1 8XQ,E01016928,530270,108565,17,10,133,8,0.066,Patcham
BN1 8XR,E01016928,530215,108656,11,6,133,8,0.066,Patcham
BN1 8XS,E01016928,530270,108626,18,11,133,8,0.066,Patcham
BN1 8XT,E01016923,530049,108065,6,5,151,6,0.109,Patcham
BN1 8YA,E01016928,530208,108790,12,7,154,8,0.066,Patcham
BN1 8YE,E01016928,530171,108996,8,6,122,8,0.066,Patcham
BN1 8YF,E01016928,530180,109161,6,4,154,8,0.066,Patcham
BN1 8YG,E01016928,530068,109108,11,5,154,8,0.066,Patcham
BN1 8YH,E01016999,529121,108647,1,1,120,9,0.051,Patcham
BN1 8YJ,E01016885,526712,109675,4,3,145,2,0.292,Patcham
BN1 8YP,E01016928,530185,108869,4,3,154,8,0.066,Patcham
BN1 8YQ,E01016928,530134,108943,0,0,154,8,0.066,Patcham
BN1 8YR,E01016999,528882,108721,1,1,120,9,0.051,Patcham
BN1 8YT,E01016928,530260,109013,2,1,122,8,0.066,Patcham
BN1 8YU,E01016928,530241,109154,6,4,154,8,0.066,Patcham
BN1 8YW,E01016928,530239,108842,6,4,154,8,0.066,Patcham
BN1 8ZA,E01016928,531042,110495,0,0,154,8,0.066,Patcham
BN1 8ZB,E01016928,531218,111008,3,1,154,8,0.066,Patcham
BN1 8ZD,E01016999,529468,109197,1,0,120,9,0.051,Patcham
BN1 8ZG,E01016999,529349,109553,1,1,120,9,0.051,Patcham
BN1 8ZH,E01016928,529690,109518,12,5,154,8,0.066,Patcham
BN1 9AA,E01016899,533449,108247,11,6,78,6,0.119,Patcham
BN1 9AB,E01016899,533431,108283,8,5,97,6,0.119,Patcham
BN1 9AD,E01016899,533476,108410,13,8,124,6,0.119,Patcham
BN1 9AE,E01016899,533439,108400,10,5,124,6,0.119,Patcham
BN1 9AF,E01016899,533178,108531,18,8,106,6,0.119,Patcham
BN1 9AG,E01016899,533141,108523,11,5,106,6,0.119,Patcham
BN1 9AH,E01016899,533055,108631,7,3,106,6,0.119,Patcham
BN1 9AJ,E01016898,533239,108189,9,4,122,3,0.212,Patcham
BN1 9AL,E01016899,533291,108308,8,6,124,6,0.119,Patcham
BN1 9AN,E01016899,533292,108365,17,8,124,6,0.119,Patcham
BN1 9AP,E01016899,533210,108411,9,4,106,6,0.119,Patcham
BN1 9AQ,E01016898,533132,108236,17,8,122,3,0.212,Patcham
BN1 9AR,E01016898,533116,108204,8,3,122,3,0.212,Patcham
BN1 9AS,E01016898,532998,108412,12,6,114,3,0.212,Patcham
BN1 9AT,E01016898,533117,108394,11,6,122,3,0.212,Patcham
BN1 9AU,E01016898,533037,108416,2,1,114,3,0.212,Patcham
BN1 9AW,E01016898,533133,108427,6,2,122,3,0.212,Patcham
BN1 9AX,E01016898,533035,108501,25,11,114,3,0.212,Patcham
BN1 9AY,E01016899,533411,108361,8,5,124,6,0.119,Patcham
BN1 9AZ,E01016899,533338,108486,0,0,124,6,0.119,Patcham
BN1 9BA,E01016898,532978,108326,6,4,122,3,0.212,Patcham
BN1 9BN,E01016899,533610,109465,3,1,97,6,0.119,BACA
BN1 9BS,E01016899,533561,109507,2,1,97,6,0.119,BACA
BN1 9EA,E01016898,532736,109088,14,8,164,3,0.212,Patcham
BN1 9EB,E01016898,532697,109102,16,9,164,3,0.212,Patcham
BN1 9ED,E01016898,532889,108852,6,4,204,3,0.212,Patcham
BN1 9EE,E01016898,532843,108850,3,3,204,3,0.212,Patcham
BN1 9EF,E01016898,532774,108799,2,2,204,3,0.212,Patcham
BN1 9EG,E01016898,532800,108875,5,4,66,3,0.212,Patcham
BN1 9EH,E01016898,532997,108781,2,1,70,3,0.212,Patcham
BN1 9EL,E01016898,532944,108813,1,1,70,3,0.212,Patcham
BN1 9EN,E01016898,532915,109012,2,1,70,3,0.212,Patcham
BN1 9EP,E01016898,532840,109072,8,6,70,3,0.212,Patcham
BN1 9EQ,E01016898,532764,108924,8,5,66,3,0.212,Patcham
BN1 9ER,E01016898,532650,108985,2,1,164,3,0.212,Patcham
BN1 9ES,E01016898,532690,109148,20,10,164,3,0.212,Patcham
BN1 9ET,E01016898,532668,108685,31,14,164,3,0.212,Patcham
BN1 9EU,E01016898,532721,108650,7,4,164,3,0.212,Patcham
BN1 9EW,E01016898,532896,108793,1,1,70,3,0.212,Patcham
BN1 9EX,E01016898,532847,108720,2,1,204,3,0.212,Patcham
BN1 9EY,E01016898,532831,108759,1,1,204,3,0.212,Patcham
BN1 9EZ,E01016898,532840,108815,4,5,204,3,0.212,Patcham
BN1 9GA,E01016899,533561,108208,7,7,78,6,0.119,Patcham
BN1 9GB,E01016899,533583,108183,4,2,78,6,0.119,Patcham
BN1 9GD,E01016899,533524,108413,17,7,97,6,0.119,Patcham
BN1 9GE,E01016898,533190,108588,8,4,204,3,0.212,Patcham
BN1 9GF,E01016898,532816,108722,24,12,204,3,0.212,Patcham
BN1 9GG,E01016898,532856,108604,5,2,114,3,0.212,Patcham
BN1 9GH,E01016898,532819,108634,3,2,114,3,0.212,Patcham
BN1 9GJ,E01016898,532923,108588,12,5,114,3,0.212,Patcham
BN1 9GL,E01016898,532985,108654,18,8,114,3,0.212,Patcham
BN1 9GN,E01016899,533052,108567,16,9,106,6,0.119,Patcham
BN1 9GP,E01016899,533373,108510,1,1,124,6,0.119,Patcham
BN1 9GS,E01016898,533076,108796,1,1,70,3,0.212,Patcham
BN1 9HW,E01016914,533670,107967,30,14,117,1,0.394,BACA
BN1 9HX,E01016914,533639,107979,9,4,117,1,0.394,BACA
BN1 9HY,E01016915,533480,107864,23,10,128,1,0.454,BACA
BN1 9JA,E01016915,533306,107714,13,7,117,1,0.454,BACA
BN1 9JE,E01016915,533516,107921,21,9,128,1,0.454,BACA
BN1 9JF,E01016915,533483,107957,35,17,128,1,0.454,BACA
BN1 9JG,E01016915,533301,107844,8,5,117,1,0.454,BACA
BN1 9JH,E01016915,533435,108024,19,10,95,1,0.454,BACA
BN1 9JJ,E01016915,533385,107910,23,14,128,1,0.454,BACA
BN1 9JL,E01016915,533583,108034,16,7,95,1,0.454,BACA
BN1 9JN,E01016915,533663,108086,9,5,95,1,0.454,BACA
BN1 9JP,E01016914,533640,108116,13,6,117,1,0.394,BACA
BN1 9JQ,E01016915,533427,108064,20,9,95,1,0.454,BACA
BN1 9JR,E01016915,533245,107803,14,5,117,1,0.454,BACA
BN1 9JS,E01016900,532799,107425,1,0,138,1,0.336,Patcham
BN1 9JT,E01016914,533720,108113,2,3,117,1,0.394,BACA
BN1 9JU,E01016914,533761,108071,3,3,117,1,0.394,BACA
BN1 9JW,E01016914,533719,108077,4,2,117,1,0.394,BACA
BN1 9JX,E01016914,533735,108038,4,3,117,1,0.394,BACA
BN1 9JY,E01016914,533741,108078,3,2,117,1,0.394,BACA
BN1 9PR,E01016899,534698,108869,1,0,97,6,0.119,BACA
BN1 9PW,E01016914,534441,108236,0,0,73,1,0.394,BACA
BN1 9PY,E01016914,534240,108428,0,0,73,1,0.394,BACA
BN1 9PZ,E01016899,533622,109627,6,4,97,6,0.119,BACA
BN1 9QB,E01016899,532474,109898,1,1,97,6,0.119,Patcham
BN1 9RE,E01016899,534466,109121,0,0,97,6,0.119,BACA
BN1 9SD,E01016914,534707,108737,2,1,73,1,0.394,BACA
BN2 0AA,E01016862,532553,104036,16,11,126,7,0.082,VarndeanStringer
BN2 0AB,E01016862,532619,104069,2,0,138,7,0.082,VarndeanStringer
BN2 0AD,E01016862,532607,103999,11,6,126,7,0.082,VarndeanStringer
BN2 0AE,E01016862,532489,103920,3,1,138,7,0.082,Longhill
BN2 0AG,E01016862,532511,103948,2,0,138,7,0.082,VarndeanStringer
BN2 0AJ,E01016942,532318,103995,1,1,127,4,0.189,VarndeanStringer
BN2 0AN,E01016862,532539,104011,12,9,126,7,0.082,VarndeanStringer
BN2 0AP,E01016862,532567,103943,2,1,138,7,0.082,VarndeanStringer
BN2 0AQ,E01016942,532113,104118,1,0,156,4,0.189,VarndeanStringer
BN2 0AZ,E01016949,531885,104160,1,0,142,4,0.185,VarndeanStringer
BN2 0BB,E01016949,531875,104126,2,2,142,4,0.185,VarndeanStringer
BN2 0BD,E01016949,531973,104234,21,12,140,4,0.185,VarndeanStringer
BN2 0BF,E01016942,532290,104003,2,2,127,4,0.189,VarndeanStringer
BN2 0BJ,E01016949,532202,104263,5,3,119,4,0.185,VarndeanStringer
BN2 0BL,E01016943,532273,104391,24,13,88,6,0.119,VarndeanStringer
BN2 0BN,E01016949,532117,104282,13,5,119,4,0.185,VarndeanStringer
BN2 0BP,E01016949,532146,104308,12,8,119,4,0.185,VarndeanStringer
BN2 0BQ,E01016943,532275,104463,25,16,88,6,0.119,VarndeanStringer
BN2 0BR,E01016943,532385,104484,15,6,123,6,0.119,VarndeanStringer
BN2 0BS,E01016949,531986,104223,14,7,140,4,0.185,VarndeanStringer
BN2 0BU,E01016946,532315,104621,10,9,112,9,0.048,VarndeanStringer
BN2 0BW,E01016949,532069,104225,6,4,119,4,0.185,VarndeanStringer
BN2 0DA,E01016949,531814,104316,0,0,156,4,0.185,VarndeanStringer
BN2 0DE,E01016942,532068,104136,1,0,156,4,0.189,VarndeanStringer
BN2 0DG,E01016949,532017,104202,5,6,140,4,0.185,VarndeanStringer
BN2 0DJ,E01016942,532068,104136,1,0,156,4,0.189,VarndeanStringer
BN2 0DY,E01016943,532378,104334,4,4,123,6,0.119,VarndeanStringer
BN2 0EA,E01016862,532507,104073,8,4,126,7,0.082,VarndeanStringer
BN2 0EB,E01016943,532557,104162,12,9,152,6,0.119,VarndeanStringer
BN2 0ED,E01016943,532593,104237,9,6,152,6,0.119,VarndeanStringer
BN2 0EE,E01016943,532534,104284,13,13,152,6,0.119,VarndeanStringer
BN2 0EF,E01016943,532547,104326,14,8,152,6,0.119,VarndeanStringer
BN2 0EG,E01016943,532560,104337,31,20,169,6,0.119,VarndeanStringer
BN2 0EH,E01016943,532588,104363,22,18,169,6,0.119,VarndeanStringer
BN2 0EJ,E01016943,532599,104393,27,18,169,6,0.119,VarndeanStringer
BN2 0EL,E01016946,532499,104520,27,12,108,9,0.048,VarndeanStringer
BN2 0EN,E01016943,532440,104450,19,11,123,6,0.119,VarndeanStringer
BN2 0EP,E01016943,532401,104429,24,17,123,6,0.119,VarndeanStringer
BN2 0EQ,E01016943,532467,104389,18,12,152,6,0.119,VarndeanStringer
BN2 0ER,E01016946,532436,104530,2,1,108,9,0.048,VarndeanStringer
BN2 0EX,E01016943,532476,104310,4,4,152,6,0.119,VarndeanStringer
BN2 0FA,E01016867,532584,104645,7,6,111,2,0.285,VarndeanStringer
BN2 0FB,E01016867,532792,104767,17,10,128,2,0.285,VarndeanStringer
BN2 0FD,E01016867,532649,104440,8,5,151,2,0.285,VarndeanStringer
BN2 0FE,E01016867,532636,104508,10,7,151,2,0.285,VarndeanStringer
BN2 0FF,E01016867,532684,104603,9,9,151,2,0.285,VarndeanStringer
BN2 0FG,E01016867,532754,104596,17,9,151,2,0.285,VarndeanStringer
BN2 0FH,E01016867,532636,104556,2,3,111,2,0.285,VarndeanStringer
BN2 0FJ,E01016867,532547,104595,2,3,111,2,0.285,VarndeanStringer
BN2 0FL,E01016867,532780,104716,9,5,128,2,0.285,VarndeanStringer
BN2 0FN,E01016867,532566,104480,1,1,151,2,0.285,VarndeanStringer
BN2 0FP,E01016867,532873,104684,19,12,128,2,0.285,VarndeanStringer
BN2 0FR,E01016867,532889,104626,9,4,128,2,0.285,VarndeanStringer
BN2 0FY,E01016897,532132,104804,3,4,163,6,0.125,VarndeanStringer
BN2 0FZ,E01016946,532189,104744,10,9,98,9,0.048,VarndeanStringer
BN2 0GA,E01016949,531872,104246,10,5,142,4,0.185,VarndeanStringer
BN2 0GB,E01016949,531898,104237,8,5,142,4,0.185,VarndeanStringer
BN2 0GD,E01016948,531978,104471,12,5,89,5,0.157,VarndeanStringer
BN2 0GE,E01016948,532099,104666,5,3,114,5,0.157,VarndeanStringer
BN2 0GF,E01016948,532148,104696,5,3,114,5,0.157,VarndeanStringer
BN2 0GG,E01016948,532068,104684,27,16,114,5,0.157,VarndeanStringer
BN2 0GH,E01016897,532047,104706,34,16,163,6,0.125,VarndeanStringer
BN2 0GJ,E01016948,531911,104484,25,16,115,5,0.157,VarndeanStringer
BN2 0GL,E01016948,531943,104477,30,15,89,5,0.157,VarndeanStringer
BN2 0GN,E01016948,531866,104512,27,16,109,5,0.157,VarndeanStringer
BN2 0GP,E01016948,531885,104514,22,14,109,5,0.157,VarndeanStringer
BN2 0GQ,E01016948,531853,104446,3,2,115,5,0.157,VarndeanStringer
BN2 0GR,E01016948,531769,104396,12,6,122,5,0.157,VarndeanStringer
BN2 0GS,E01016948,531782,104379,6,5,122,5,0.157,VarndeanStringer
BN2 0GT,E01016948,531848,104370,2,1,122,5,0.157,VarndeanStringer
BN2 0GU,E01016949,531858,104341,2,0,105,4,0.185,VarndeanStringer
BN2 0GW,E01016949,531713,104318,4,3,156,4,0.185,VarndeanStringer
BN2 0GX,E01016948,531603,104417,11,6,122,5,0.157,VarndeanStringer
BN2 0GY,E01016948,531680,104408,3,2,122,5,0.157,VarndeanStringer
BN2 0GZ,E01016949,531830,104304,1,1,105,4,0.185,VarndeanStringer
BN2 0HA,E01016949,531787,104289,1,1,156,4,0.185,VarndeanStringer
BN2 0HB,E01016949,531840,104311,1,1,105,4,0.185,VarndeanStringer
BN2 0HD,E01016949,531796,104330,1,1,156,4,0.185,VarndeanStringer
BN2 0HE,E01016949,531862,104312,2,1,105,4,0.185,VarndeanStringer
BN2 0HF,E01016949,531847,104298,1,1,105,4,0.185,VarndeanStringer
BN2 0HG,E01016949,531840,104326,2,1,105,4,0.185,VarndeanStringer
BN2 0HL,E01016948,531828,104425,2,3,122,5,0.157,VarndeanStringer
BN2 0HN,E01016946,532243,104715,3,2,112,9,0.048,VarndeanStringer
BN2 0HP,E01016946,532264,104678,7,5,112,9,0.048,VarndeanStringer
BN2 0HQ,E01016946,532301,104700,7,5,112,9,0.048,VarndeanStringer
BN2 0HR,E01016946,532201,104686,8,5,98,9,0.048,VarndeanStringer
BN2 0JB,E01016941,531461,104214,1,1,183,1,0.345,Longhill
BN2 0JF,E01016949,531668,104318,1,0,156,4,0.185,VarndeanStringer
BN2 0JG,E01016941,531661,104177,0,0,170,1,0.345,VarndeanStringer
BN2 0JH,E01016949,531688,104250,9,5,156,4,0.185,VarndeanStringer
BN2 0JJ,E01016949,531712,104256,9,5,156,4,0.185,VarndeanStringer
BN2 0JL,E01016945,531778,104147,1,1,108,4,0.182,VarndeanStringer
BN2 0JN,E01016949,531842,104225,2,1,142,4,0.185,VarndeanStringer
BN2 0JP,E01016949,531822,104276,17,9,105,4,0.185,VarndeanStringer
BN2 0JQ,E01016949,531770,104243,6,4,95,4,0.185,VarndeanStringer
BN2 0JR,E01016949,531780,104185,1,0,95,4,0.185,VarndeanStringer
BN2 0JT,E01016949,531792,104249,0,0,95,4,0.185,VarndeanStringer
BN2 0JU,E01016949,531806,104224,1,0,95,4,0.185,VarndeanStringer
BN2 0JW,E01016949,531802,104198,0,0,95,4,0.185,VarndeanStringer
BN2 0JX,E01016949,531780,104185,1,0,95,4,0.185,VarndeanStringer
BN2 0QU,E01016948,532098,104627,8,5,114,5,0.157,VarndeanStringer
BN2 0RQ,E01016948,531677,104383,3,2,122,5,0.157,VarndeanStringer
BN2 0TG,E01016949,532152,104220,8,4,119,4,0.185,VarndeanStringer
BN2 0YQ,E01016867,532856,104248,0,0,128,2,0.285,Longhill
BN2 0YR,E01016867,532867,104190,10,5,128,2,0.285,Longhill
BN2 0YS,E01016867,532888,104179,12,7,128,2,0.285,Longhill
BN2 0YT,E01016863,532847,104115,10,9,121,2,0.315,Longhill
BN2 1AA,E01016944,532231,103855,1,1,141,6,0.112,Longhill
BN2 1AB,E01016945,531869,103843,1,1,142,4,0.182,Longhill
BN2 1AD,E01016945,531905,103835,3,3,142,4,0.182,Longhill
BN2 1AE,E01016944,531998,103804,0,0,158,6,0.112,Longhill
BN2 1AF,E01016944,531938,103866,0,0,158,6,0.112,Longhill
BN2 1AG,E01016944,531975,103850,1,1,158,6,0.112,Longhill
BN2 1AH,E01016944,532001,103837,0,0,158,6,0.112,Longhill
BN2 1AJ,E01016944,532076,103787,8,7,67,6,0.112,Longhill
BN2 1AL,E01016944,532153,103778,6,4,93,6,0.112,Longhill
BN2 1AN,E01016944,532049,103828,3,3,67,6,0.112,Longhill
BN2 1AP,E01016944,532133,103844,17,10,93,6,0.112,Longhill
BN2 1AQ,E01016945,531892,103886,6,6,142,4,0.182,Longhill
BN2 1AR,E01016944,532104,103822,3,2,93,6,0.112,Longhill
BN2 1AS,E01016944,532283,103813,2,1,123,6,0.112,Longhill
BN2 1AT,E01016944,532257,103765,5,3,123,6,0.112,Longhill
BN2 1AU,E01016944,532246,103808,4,4,141,6,0.112,Longhill
BN2 1AW,E01016944,532164,103809,3,2,93,6,0.112,Longhill
BN2 1AX,E01016944,532214,103752,1,1,141,6,0.112,Longhill
BN2 1AZ,E01016945,531881,103839,1,1,142,4,0.182,Longhill
BN2 1BD,E01016944,532073,103862,1,1,67,6,0.112,Longhill
BN2 1DA,E01016944,532308,103799,7,5,123,6,0.112,Longhill
BN2 1DB,E01016862,532326,103781,3,2,171,7,0.082,Longhill
BN2 1DD,E01016862,532334,103740,5,4,171,7,0.082,Longhill
BN2 1DE,E01016862,532437,103697,7,4,120,7,0.082,Longhill
BN2 1DF,E01016861,532523,103679,3,3,127,4,0.173,Longhill
BN2 1DG,E01016862,532467,103736,7,5,157,7,0.082,Longhill
BN2 1DH,E01016861,532504,103724,3,3,127,4,0.173,Longhill
BN2 1DJ,E01016861,532614,103652,6,4,131,4,0.173,Longhill
BN2 1DL,E01016862,532382,103766,9,6,120,7,0.082,Longhill
BN2 1DN,E01016862,532433,103750,8,4,120,7,0.082,Longhill
BN2 1DP,E01016861,532524,103709,1,1,127,4,0.173,Longhill
BN2 1DU,E01016861,532575,103696,1,1,131,4,0.173,Longhill
BN2 1DW,E01016861,532556,103732,2,1,127,4,0.173,Longhill
BN2 1DY,E01016861,532545,103685,0,0,127,4,0.173,Longhill
BN2 1EA,E01016944,532280,103855,2,1,145,6,0.112,Longhill
BN2 1EB,E01016944,532298,103869,2,1,145,6,0.112,Longhill
BN2 1ED,E01016862,532416,103812,2,2,171,7,0.082,Longhill
BN2 1EE,E01016862,532389,103795,2,1,171,7,0.082,Longhill
BN2 1EF,E01016861,532668,103694,9,7,131,4,0.173,Longhill
BN2 1EG,E01016861,532784,103734,14,9,137,4,0.173,Longhill
BN2 1EH,E01016861,532789,103638,7,5,145,4,0.173,Longhill
BN2 1EJ,E01016861,532686,103612,3,2,129,4,0.173,Longhill
BN2 1EL,E01016861,532719,103637,4,2,129,4,0.173,Longhill
BN2 1EP,E01016861,532637,103675,3,2,131,4,0.173,Longhill
BN2 1EQ,E01016862,532453,103736,2,1,120,7,0.082,Longhill
BN2 1ER,E01016861,532687,103665,0,0,131,4,0.173,Longhill
BN2 1ES,E01016862,532531,103836,2,0,157,7,0.082,Longhill
BN2 1EU,E01016944,532275,103876,1,1,145,6,0.112,Longhill
BN2 1EW,E01016861,532828,103772,2,2,137,4,0.173,Longhill
BN2 1FA,E01016861,532790,103591,2,2,145,4,0.173,Longhill
BN2 1FB,E01016861,532872,103622,6,6,132,4,0.173,Longhill
BN2 1FD,E01016861,532869,103574,2,2,132,4,0.173,Longhill
BN2 1FE,E01016863,532894,103626,9,6,122,2,0.315,Longhill
BN2 1FF,E01016863,532902,103715,6,4,113,2,0.315,Longhill
BN2 1FG,E01016861,532983,103553,8,8,116,4,0.173,Longhill
BN2 1FH,E01016963,533072,103568,15,11,122,6,0.121,Longhill
BN2 1FJ,E01016963,533130,103630,11,9,122,6,0.121,Longhill
BN2 1FL,E01016863,532898,103685,3,2,122,2,0.315,Longhill
BN2 1FN,E01016861,532915,103560,0,0,116,4,0.173,Longhill
BN2 1FP,E01016861,532828,103578,2,1,145,4,0.173,Longhill
BN2 1FT,E01016861,532916,103595,1,1,116,4,0.173,Longhill
BN2 1FU,E01016862,532618,103754,2,3,115,7,0.082,Longhill
BN2 1FY,E01016957,533130,103436,0,0,232,10,0.034,Longhill
BN2 1FZ,E01016863,532992,103702,6,4,130,2,0.315,Longhill
BN2 1GA,E01016963,533319,103426,8,5,160,6,0.121,Longhill
BN2 1GB,E01016963,533254,103504,10,6,160,6,0.121,Longhill
BN2 1GD,E01016963,533310,103489,5,3,147,6,0.121,Longhill
BN2 1GE,E01016963,533244,103590,9,5,160,6,0.121,Longhill
BN2 1GF,E01016963,533349,103466,1,1,147,6,0.121,Longhill
BN2 1GG,E01016963,533304,103552,1,1,147,6,0.121,Longhill
BN2 1GJ,E01016963,533341,103550,2,2,147,6,0.121,Longhill
BN2 1GL,E01016963,533367,103412,2,1,160,6,0.121,Longhill
BN2 1GR,E01016963,533346,103517,4,4,147,6,0.121,Longhill
BN2 1GS,E01016941,531552,104065,3,2,170,1,0.345,Longhill
BN2 1GW,E01016942,532133,104009,1,1,156,4,0.189,Longhill
BN2 1GX,E01016942,532244,104004,1,1,127,4,0.189,Longhill
BN2 1GZ,E01016863,533097,103645,2,1,130,2,0.315,Longhill
BN2 1HA,E01016861,532602,103792,4,3,127,4,0.173,Longhill
BN2 1HB,E01016862,532571,103797,2,1,138,7,0.082,Longhill
BN2 1HD,E01016862,532679,103791,5,4,115,7,0.082,Longhill
BN2 1HE,E01016862,532672,103749,11,7,115,7,0.082,Longhill
BN2 1HF,E01016861,532769,103753,7,5,137,4,0.173,Longhill
BN2 1HG,E01016862,532699,103723,2,2,115,7,0.082,Longhill
BN2 1HH,E01016862,532728,103781,1,1,115,7,0.082,Longhill
BN2 1HJ,E01016862,532484,103900,6,4,157,7,0.082,Longhill
BN2 1HL,E01016862,532471,103884,6,5,157,7,0.082,Longhill
BN2 1HN,E01016944,532366,103891,6,3,156,6,0.112,Longhill
BN2 1HP,E01016862,532432,103860,9,6,157,7,0.082,Longhill
BN2 1HQ,E01016862,532409,103834,3,2,171,7,0.082,Longhill
BN2 1HR,E01016861,532606,103695,0,0,131,4,0.173,Longhill
BN2 1HS,E01016862,532570,103838,3,3,157,7,0.082,Longhill
BN2 1HU,E01016862,532580,103827,0,0,138,7,0.082,Longhill
BN2 1HY,E01016942,532142,104047,4,3,170,4,0.189,Longhill
BN2 1JA,E01016944,532322,103912,6,4,156,6,0.112,Longhill
BN2 1JB,E01016944,532340,103956,5,4,156,6,0.112,Longhill
BN2 1JD,E01016944,532352,103917,2,2,156,6,0.112,Longhill
BN2 1JE,E01016944,532247,103950,2,1,145,6,0.112,Longhill
BN2 1JF,E01016942,531970,103951,6,4,156,4,0.189,Longhill
BN2 1JG,E01016942,532278,103946,2,1,127,4,0.189,Longhill
BN2 1JH,E01016944,532143,103922,8,5,145,6,0.112,Longhill
BN2 1JJ,E01016944,532141,103894,5,2,145,6,0.112,Longhill
BN2 1JN,E01016944,531983,103883,0,0,158,6,0.112,Longhill
BN2 1JP,E01016942,532087,104008,1,0,156,4,0.189,Longhill
BN2 1JQ,E01016942,532390,103950,2,2,127,4,0.189,Longhill
BN2 1JS,E01016942,532155,103988,6,5,170,4,0.189,Longhill
BN2 1JT,E01016942,532016,104037,11,5,148,4,0.189,Longhill
BN2 1JW,E01016942,532038,104009,6,3,156,4,0.189,Longhill
BN2 1JX,E01016944,532170,103914,0,0,145,6,0.112,Longhill
BN2 1JY,E01016942,532118,103970,9,5,170,4,0.189,Longhill
BN2 1JZ,E01016942,532010,103908,4,3,156,4,0.189,Longhill
BN2 1LA,E01016944,532248,103935,0,0,145,6,0.112,Longhill
BN2 1LB,E01016942,532206,103954,12,8,154,4,0.189,Longhill
BN2 1LE,E01016942,531943,104031,28,13,129,4,0.189,Longhill
BN2 1LF,E01016942,531958,104081,29,18,148,4,0.189,Longhill
BN2 1LG,E01016949,531886,103962,2,2,152,4,0.185,Longhill
BN2 1LH,E01016949,531900,104049,5,4,152,4,0.185,Longhill
BN2 1LL,E01016942,532206,103954,11,8,154,4,0.189,Longhill
BN2 1LN,E01016942,531947,103975,10,5,129,4,0.189,Longhill
BN2 1LQ,E01016942,532102,104051,6,7,148,4,0.189,Longhill
BN2 1LT,E01016942,532218,104024,8,6,154,4,0.189,Longhill
BN2 1NA,E01016863,532848,103739,5,3,113,2,0.315,Longhill
BN2 1NB,E01016863,532945,103659,19,11,122,2,0.315,Longhill
BN2 1ND,E01016861,533011,103551,4,3,116,4,0.173,Longhill
BN2 1NE,E01016861,532981,103584,2,2,116,4,0.173,Longhill
BN2 1NF,E01016863,533055,103622,9,5,130,2,0.315,Longhill
BN2 1NG,E01016863,532833,103692,3,3,113,2,0.315,Longhill
BN2 1NQ,E01016942,532091,103947,1,1,156,4,0.189,Longhill
BN2 1PA,E01016945,531744,103966,1,1,127,4,0.182,Longhill
BN2 1PB,E01016945,531671,103937,4,2,127,4,0.182,Longhill
BN2 1PD,E01016945,531724,103941,2,1,127,4,0.182,Longhill
BN2 1PE,E01016945,531772,103874,5,3,152,4,0.182,Longhill
BN2 1PF,E01016945,531745,103919,1,1,127,4,0.182,Longhill
BN2 1PG,E01016945,531819,103912,10,6,152,4,0.182,Longhill
BN2 1PH,E01016945,531824,103852,1,1,135,4,0.182,Longhill
BN2 1PJ,E01016945,531841,103943,1,1,135,4,0.182,Longhill
BN2 1PL,E01016945,531844,103892,4,4,135,4,0.182,Longhill
BN2 1PN,E01016945,531856,103846,1,2,142,4,0.182,Longhill
BN2 1PR,E01016949,531868,103981,0,0,152,4,0.185,Longhill
BN2 1QA,E01016945,531720,104084,10,9,126,4,0.182,Longhill
BN2 1QB,E01016945,531751,104093,2,2,136,4,0.182,Longhill
BN2 1QD,E01016945,531772,104062,2,2,136,4,0.182,Longhill
BN2 1QE,E01016945,531809,104048,6,4,108,4,0.182,Longhill
BN2 1QF,E01016949,531852,104056,9,5,152,4,0.185,Longhill
BN2 1QG,E01016945,531758,103990,1,0,108,4,0.182,Longhill
BN2 1QH,E01016945,531699,104006,1,1,127,4,0.182,Longhill
BN2 1QJ,E01016945,531727,104009,4,2,127,4,0.182,Longhill
BN2 1QY,E01016941,531668,104096,21,11,158,1,0.345,Longhill
BN2 1RA,E01016941,531377,104210,5,3,183,1,0.345,Longhill
BN2 1RB,E01016945,531666,104014,1,1,127,4,0.182,Longhill
BN2 1RD,E01016941,531391,104185,5,2,183,1,0.345,Longhill
BN2 1RE,E01016941,531452,104049,1,1,234,1,0.345,Longhill
BN2 1RF,E01016941,531523,104042,1,1,234,1,0.345,Longhill
BN2 1RG,E01016945,531647,104018,2,1,127,4,0.182,Longhill
BN2 1RH,E01016941,531488,104126,3,2,234,1,0.345,Longhill
BN2 1RJ,E01016941,531511,104128,3,2,234,1,0.345,Longhill
BN2 1RL,E01016941,531570,104117,7,6,170,1,0.345,Longhill
BN2 1RN,E01016941,531594,104042,1,1,170,1,0.345,Longhill
BN2 1RP,E01016941,531641,104122,2,2,170,1,0.345,Longhill
BN2 1RQ,E01016945,531701,104078,1,1,126,4,0.182,Longhill
BN2 1RR,E01016941,531485,104117,0,0,234,1,0.345,Longhill
BN2 1RS,E01016941,531439,104106,1,0,234,1,0.345,Longhill
BN2 1RT,E01016941,531570,104045,1,1,170,1,0.345,Longhill
BN2 1RW,E01016941,531668,104096,19,11,158,1,0.345,Longhill
BN2 1RZ,E01016941,531523,104060,0,0,234,1,0.345,Longhill
BN2 1SA,E01016941,531531,104080,1,1,234,1,0.345,Longhill
BN2 1SF,E01016941,531496,104003,0,0,142,1,0.345,Longhill
BN2 1SN,E01016945,531711,104115,0,0,126,4,0.182,Longhill
BN2 1SP,E01016963,533311,103526,4,3,147,6,0.121,Longhill
BN2 1SR,E01016941,531598,104096,10,8,158,1,0.345,Longhill
BN2 1SU,E01016949,531701,104136,5,5,156,4,0.185,Longhill
BN2 1TA,E01016941,531393,103930,0,0,142,1,0.345,Longhill
BN2 1TB,E01016944,531444,103882,1,0,123,6,0.112,Longhill
BN2 1TE,E01016941,531387,103977,2,1,234,1,0.345,Longhill
BN2 1TF,E01016941,531433,104003,1,0,234,1,0.345,Longhill
BN2 1TG,E01016941,531463,103995,2,1,142,1,0.345,Longhill
BN2 1TH,E01016941,531444,104022,2,2,142,1,0.345,Longhill
BN2 1TJ,E01016941,531475,103988,4,3,142,1,0.345,Longhill
BN2 1TL,E01016941,531502,103934,2,2,75,1,0.345,Longhill
BN2 1TN,E01016941,531513,103975,4,3,75,1,0.345,Longhill
BN2 1TP,E01016941,531597,104001,2,2,132,1,0.345,Longhill
BN2 1TQ,E01016941,531605,103967,2,2,132,1,0.345,Longhill
BN2 1TR,E01016941,531646,103896,1,1,132,1,0.345,Longhill
BN2 1TS,E01016941,531645,103948,2,2,132,1,0.345,Longhill
BN2 1TT,E01016945,531653,103948,2,1,127,4,0.182,Longhill
BN2 1TX,E01016941,531410,103942,2,2,142,1,0.345,Longhill
BN2 1TY,E01016941,531398,103979,0,0,234,1,0.345,Longhill
BN2 1WA,E01016941,531495,104183,1,0,234,1,0.345,Longhill
BN2 1WB,E01016941,531446,104186,4,1,183,1,0.345,Longhill
BN2 1WD,E01016941,531470,104177,6,1,183,1,0.345,Longhill
BN2 1WE,E01016941,531401,104169,1,1,183,1,0.345,Longhill
BN2 1WF,E01016941,531421,104127,0,0,234,1,0.345,Longhill
BN2 1WH,E01016941,531424,104169,1,0,234,1,0.345,Longhill
BN2 1WP,E01016941,531582,103911,1,1,132,1,0.345,Longhill
BN2 1WQ,E01016941,531577,103960,0,0,132,1,0.345,Longhill
BN2 3AA,E01016891,532013,105330,15,11,123,5,0.134,VarndeanStringer
BN2 3AB,E01016891,531896,105322,8,3,172,5,0.134,VarndeanStringer
BN2 3AD,E01016889,532056,105510,18,10,143,9,0.043,VarndeanStringer
BN2 3AE,E01016889,532205,105362,14,10,142,9,0.043,VarndeanStringer
BN2 3AF,E01016889,532126,105562,6,4,134,9,0.043,VarndeanStringer
BN2 3AG,E01016889,532125,105641,6,4,134,9,0.043,VarndeanStringer
BN2 3AH,E01016890,532080,105611,2,2,194,5,0.15,VarndeanStringer
BN2 3AJ,E01016890,532075,105567,2,1,194,5,0.15,VarndeanStringer
BN2 3AL,E01016889,532142,105550,10,6,134,9,0.043,VarndeanStringer
BN2 3AN,E01016889,532170,105487,11,8,143,9,0.043,VarndeanStringer
BN2 3AP,E01016889,532196,105461,12,5,143,9,0.043,VarndeanStringer
BN2 3AQ,E01016889,532182,105424,11,6,142,9,0.043,VarndeanStringer
BN2 3AR,E01016889,532244,105402,19,11,142,9,0.043,VarndeanStringer
BN2 3AS,E01016891,532179,105284,10,4,126,5,0.134,VarndeanStringer
BN2 3AT,E01016889,532151,105339,10,5,142,9,0.043,VarndeanStringer
BN2 3AU,E01016889,532130,105345,10,6,142,9,0.043,VarndeanStringer
BN2 3AW,E01016891,532100,105345,15,8,123,5,0.134,VarndeanStringer
BN2 3AY,E01016891,532045,105455,4,3,172,5,0.134,VarndeanStringer
BN2 3AZ,E01016891,531928,105332,2,1,172,5,0.134,VarndeanStringer
BN2 3BD,E01016891,532026,105423,3,3,172,5,0.134,VarndeanStringer
BN2 3BE,E01016891,532008,105393,4,3,172,5,0.134,VarndeanStringer
BN2 3BF,E01016891,531980,105389,2,1,172,5,0.134,VarndeanStringer
BN2 3BN,E01016890,532155,105757,4,5,194,5,0.15,VarndeanStringer
BN2 3BS,E01016891,532034,105346,5,3,123,5,0.134,VarndeanStringer
BN2 3BY,E01016970,531712,105888,2,2,140,8,0.064,VarndeanStringer
BN2 3DA,E01016892,532522,105206,25,15,132,6,0.111,VarndeanStringer
BN2 3DB,E01016891,532274,105208,15,10,126,5,0.134,VarndeanStringer
BN2 3DD,E01016891,532013,105239,16,10,150,5,0.134,VarndeanStringer
BN2 3DH,E01016890,532128,105708,1,1,194,5,0.15,VarndeanStringer
BN2 3DJ,E01016891,532049,105362,4,3,123,5,0.134,VarndeanStringer
BN2 3EA,E01016895,532894,105292,12,8,118,1,0.35,VarndeanStringer
BN2 3EB,E01016895,532925,105316,13,7,118,1,0.35,VarndeanStringer
BN2 3ED,E01016895,532957,105356,13,9,118,1,0.35,VarndeanStringer
BN2 3EE,E01016892,532762,105304,24,11,109,6,0.111,VarndeanStringer
BN2 3EF,E01016892,532747,105322,23,12,109,6,0.111,VarndeanStringer
BN2 3EG,E01016892,532661,105340,30,16,109,6,0.111,VarndeanStringer
BN2 3EH,E01016892,532595,105353,16,11,120,6,0.111,VarndeanStringer
BN2 3EJ,E01016892,532634,105338,12,8,120,6,0.111,VarndeanStringer
BN2 3EL,E01016892,532604,105258,18,10,132,6,0.111,VarndeanStringer
BN2 3EN,E01016892,532574,105347,18,10,120,6,0.111,VarndeanStringer
BN2 3EP,E01016892,532533,105362,16,10,139,6,0.111,VarndeanStringer
BN2 3EQ,E01016892,532512,105368,16,10,139,6,0.111,VarndeanStringer
BN2 3ER,E01016892,532474,105376,21,12,139,6,0.111,VarndeanStringer
BN2 3ES,E01016891,532389,105242,13,8,126,5,0.134,VarndeanStringer
BN2 3ET,E01016891,532055,105270,22,15,150,5,0.134,VarndeanStringer
BN2 3EY,E01016971,531969,105625,1,1,157,4,0.168,VarndeanStringer
BN2 3FA,E01016964,531556,105344,3,2,228,2,0.27,VarndeanStringer
BN2 3FB,E01016966,531625,105409,16,9,133,5,0.138,VarndeanStringer
BN2 3FD,E01016966,531761,105526,1,2,86,5,0.138,VarndeanStringer
BN2 3FE,E01016971,531916,105650,4,3,130,4,0.168,VarndeanStringer
BN2 3FF,E01016971,532033,105747,10,4,85,4,0.168,VarndeanStringer
BN2 3FG,E01016971,531981,105736,4,2,130,4,0.168,VarndeanStringer
BN2 3FH,E01016971,531867,105643,8,8,130,4,0.168,VarndeanStringer
BN2 3FJ,E01016966,531740,105540,7,5,101,5,0.138,VarndeanStringer
BN2 3FL,E01016966,531522,105387,2,1,133,5,0.138,VarndeanStringer
BN2 3FN,E01016966,531540,105504,1,1,111,5,0.138,VarndeanStringer
BN2 3FP,E01016966,531710,105573,6,4,101,5,0.138,VarndeanStringer
BN2 3FQ,E01016971,531812,105672,19,12,145,4,0.168,VarndeanStringer
BN2 3FR,E01016971,531905,105721,26,17,145,4,0.168,VarndeanStringer
BN2 3FS,E01016971,531917,105815,3,2,110,4,0.168,VarndeanStringer
BN2 3FT,E01016971,531994,105842,5,3,110,4,0.168,VarndeanStringer
BN2 3FU,E01016966,531662,105507,1,0,101,5,0.138,VarndeanStringer
BN2 3FW,E01016964,531536,105344,1,2,228,2,0.27,VarndeanStringer
BN2 3FY,E01016966,531547,105403,1,1,133,5,0.138,VarndeanStringer
BN2 3FZ,E01016966,531558,105432,3,2,133,5,0.138,VarndeanStringer
BN2 3GA,E01016966,531533,105456,3,1,111,5,0.138,VarndeanStringer
BN2 3GB,E01016966,531596,105519,3,2,111,5,0.138,VarndeanStringer
BN2 3GD,E01016966,531638,105489,3,3,111,5,0.138,VarndeanStringer
BN2 3GE,E01016970,531665,105537,2,2,127,8,0.064,VarndeanStringer
BN2 3GF,E01016966,531600,105460,3,3,111,5,0.138,VarndeanStringer
BN2 3GP,E01016971,531971,105794,12,9,110,4,0.168,VarndeanStringer
BN2 3GU,E01016890,532014,105535,1,1,194,5,0.15,VarndeanStringer
BN2 3HA,E01016966,531636,105342,25,17,88,5,0.138,VarndeanStringer
BN2 3HB,E01016966,531765,105326,13,8,88,5,0.138,VarndeanStringer
BN2 3HD,E01016966,531656,105400,8,3,133,5,0.138,VarndeanStringer
BN2 3HE,E01016966,531762,105397,4,2,124,5,0.138,VarndeanStringer
BN2 3HF,E01016966,531793,105350,6,5,124,5,0.138,VarndeanStringer
BN2 3HG,E01016966,531768,105426,13,7,124,5,0.138,VarndeanStringer
BN2 3HH,E01016966,531816,105487,6,4,111,5,0.138,VarndeanStringer
BN2 3HJ,E01016971,531889,105495,4,2,109,4,0.168,VarndeanStringer
BN2 3HL,E01016966,531866,105448,3,3,111,5,0.138,VarndeanStringer
BN2 3HN,E01016966,531811,105420,6,4,111,5,0.138,VarndeanStringer
BN2 3HP,E01016966,531825,105339,4,2,124,5,0.138,VarndeanStringer
BN2 3HQ,E01016971,531925,105470,1,0,109,4,0.168,VarndeanStringer
BN2 3HR,E01016971,531895,105552,6,2,109,4,0.168,VarndeanStringer
BN2 3HS,E01016966,531783,105492,9,6,111,5,0.138,VarndeanStringer
BN2 3HT,E01016966,531772,105505,2,1,86,5,0.138,VarndeanStringer
BN2 3HU,E01016971,531906,105567,8,5,157,4,0.168,VarndeanStringer
BN2 3HW,E01016971,531975,105538,1,0,109,4,0.168,VarndeanStringer
BN2 3HX,E01016971,531942,105590,8,5,157,4,0.168,VarndeanStringer
BN2 3HY,E01016971,531981,105636,6,4,157,4,0.168,VarndeanStringer
BN2 3HZ,E01016971,532065,105714,6,4,85,4,0.168,VarndeanStringer
BN2 3JA,E01016971,532002,105670,5,3,130,4,0.168,VarndeanStringer
BN2 3JB,E01016971,532029,105702,8,3,85,4,0.168,VarndeanStringer
BN2 3JD,E01016966,531731,105413,1,1,124,5,0.138,VarndeanStringer
BN2 3JE,E01016966,531634,105377,3,2,133,5,0.138,VarndeanStringer
BN2 3JF,E01016966,531740,105431,1,1,124,5,0.138,VarndeanStringer
BN2 3JH,E01016971,532032,105657,2,2,85,4,0.168,VarndeanStringer
BN2 3JX,E01016890,532367,105684,4,4,113,5,0.15,VarndeanStringer
BN2 3JZ,E01016971,532048,105740,2,1,85,4,0.168,VarndeanStringer
BN2 3LA,E01016891,531839,105316,1,1,172,5,0.134,VarndeanStringer
BN2 3LB,E01016890,531898,105377,15,10,102,5,0.15,VarndeanStringer
BN2 3LD,E01016890,531969,105478,7,4,102,5,0.15,VarndeanStringer
BN2 3LE,E01016890,531995,105476,8,5,194,5,0.15,VarndeanStringer
BN2 3LF,E01016890,532048,105586,0,0,194,5,0.15,VarndeanStringer
BN2 3LG,E01016890,532097,105691,6,6,194,5,0.15,VarndeanStringer
BN2 3LH,E01016890,532184,105705,2,3,194,5,0.15,VarndeanStringer
BN2 3LJ,E01016890,532236,105640,17,8,113,5,0.15,VarndeanStringer
BN2 3LL,E01016891,532383,105638,9,7,129,5,0.134,VarndeanStringer
BN2 3LN,E01016890,532314,105650,6,4,113,5,0.15,VarndeanStringer
BN2 3LP,E01016890,532368,105723,26,17,162,5,0.15,VarndeanStringer
BN2 3LQ,E01016890,532342,105698,11,7,162,5,0.15,VarndeanStringer
BN2 3LR,E01016891,532412,105624,6,4,129,5,0.134,VarndeanStringer
BN2 3LS,E01016891,532385,105532,15,9,129,5,0.134,VarndeanStringer
BN2 3LT,E01016891,532440,105615,12,8,129,5,0.134,VarndeanStringer
BN2 3LW,E01016890,532271,105750,5,4,162,5,0.15,VarndeanStringer
BN2 3NA,E01016890,532222,105650,1,0,113,5,0.15,VarndeanStringer
BN2 3NB,E01016889,532223,105597,4,5,134,9,0.043,VarndeanStringer
BN2 3PA,E01016892,532657,105459,40,21,116,6,0.111,VarndeanStringer
BN2 3PB,E01016892,532631,105424,29,18,116,6,0.111,VarndeanStringer
BN2 3PD,E01016891,532447,105362,30,15,131,5,0.134,VarndeanStringer
BN2 3PE,E01016891,532414,105382,29,17,131,5,0.134,VarndeanStringer
BN2 3PF,E01016889,532352,105409,16,11,136,9,0.043,VarndeanStringer
BN2 3PG,E01016889,532381,105401,17,11,136,9,0.043,VarndeanStringer
BN2 3PH,E01016889,532322,105410,36,23,179,9,0.043,VarndeanStringer
BN2 3PJ,E01016889,532296,105389,40,23,179,9,0.043,VarndeanStringer
BN2 3PS,E01016891,532404,105362,1,0,131,5,0.134,VarndeanStringer
BN2 3PZ,E01016891,532414,105244,3,4,126,5,0.134,VarndeanStringer
BN2 3QA,E01016971,532143,105910,4,2,110,4,0.168,VarndeanStringer
BN2 3QB,E01016890,532203,105880,0,1,126,5,0.15,VarndeanStringer
BN2 3QD,E01016890,532268,105801,9,7,134,5,0.15,VarndeanStringer
BN2 3QE,E01016890,532266,105834,11,10,134,5,0.15,VarndeanStringer
BN2 3QF,E01016890,532242,105886,5,4,126,5,0.15,VarndeanStringer
BN2 3QG,E01016890,532274,105905,4,4,126,5,0.15,VarndeanStringer
BN2 3QH,E01016890,532393,105890,1,1,126,5,0.15,VarndeanStringer
BN2 3RA,E01016970,531616,105624,23,11,127,8,0.064,VarndeanStringer
BN2 3RB,E01016966,531571,105601,2,1,111,5,0.138,VarndeanStringer
BN2 3RD,E01016966,531587,105548,2,1,111,5,0.138,VarndeanStringer
BN2 3RE,E01016970,531615,105690,19,11,146,8,0.064,VarndeanStringer
BN2 3RF,E01016970,531570,105702,4,3,146,8,0.064,VarndeanStringer
BN2 3RG,E01016970,531559,105742,9,7,146,8,0.064,VarndeanStringer
BN2 3RH,E01016970,531654,105828,37,25,140,8,0.064,VarndeanStringer
BN2 3RJ,E01016970,531811,105846,20,14,140,8,0.064,VarndeanStringer
BN2 3RL,E01016970,531785,105792,14,15,141,8,0.064,VarndeanStringer
BN2 3RN,E01016970,531825,105790,23,16,141,8,0.064,VarndeanStringer
BN2 3RP,E01016970,531663,105738,36,22,146,8,0.064,VarndeanStringer
BN2 3RQ,E01016970,531645,105598,7,3,127,8,0.064,VarndeanStringer
BN2 3RR,E01016970,531697,105629,4,1,127,8,0.064,VarndeanStringer
BN2 3RS,E01016966,531597,105588,1,1,111,5,0.138,VarndeanStringer
BN2 3RT,E01016966,531541,105524,1,1,111,5,0.138,VarndeanStringer
BN2 3RU,E01016970,531626,105562,7,2,127,8,0.064,VarndeanStringer
BN2 3RW,E01016970,531678,105577,4,1,127,8,0.064,VarndeanStringer
BN2 3RX,E01016970,531688,105604,2,1,127,8,0.064,VarndeanStringer
BN2 3RY,E01016970,531571,105678,2,2,146,8,0.064,VarndeanStringer
BN2 4AA,E01016904,531981,105940,45,18,198,1,0.451,BACA
BN2 4AB,E01016904,532012,106008,12,9,198,1,0.451,BACA
BN2 4AD,E01016912,532297,106144,12,7,211,4,0.175,BACA
BN2 4AE,E01016912,532207,105959,6,4,211,4,0.175,BACA
BN2 4AF,E01016912,532368,106288,2,2,211,4,0.175,BACA
BN2 4AG,E01016912,532336,106085,15,7,211,4,0.175,BACA
BN2 4AH,E01016912,532362,106082,12,7,154,4,0.175,BACA
BN2 4AJ,E01016912,532399,106064,11,8,144,4,0.175,BACA
BN2 4AL,E01016912,532426,106059,12,8,144,4,0.175,BACA
BN2 4AN,E01016904,532046,105973,1,1,198,1,0.451,BACA
BN2 4AP,E01016904,532021,105936,2,1,198,1,0.451,BACA
BN2 4AQ,E01016904,531974,106017,10,7,198,1,0.451,BACA
BN2 4AY,E01016904,532156,106233,20,13,198,1,0.451,BACA
BN2 4AZ,E01016910,532951,105978,7,4,122,1,0.33,BACA
BN2 4BA,E01016909,532671,106649,20,7,126,2,0.309,BACA
BN2 4BB,E01016909,532707,106646,22,10,126,2,0.309,BACA
BN2 4BD,E01016912,532498,106344,8,6,154,4,0.175,BACA
BN2 4BE,E01016912,532436,106282,7,5,211,4,0.175,BACA
BN2 4BF,E01016909,532536,106340,7,5,137,2,0.309,BACA
BN2 4BG,E01016909,532562,106334,5,3,137,2,0.309,BACA
BN2 4BH,E01016909,532587,106306,5,4,137,2,0.309,BACA
BN2 4BJ,E01016909,532607,106283,5,3,137,2,0.309,BACA
BN2 4BL,E01016909,532677,106282,27,14,158,2,0.309,BACA
BN2 4BN,E01016909,532634,106427,10,7,158,2,0.309,BACA
BN2 4BP,E01016909,532630,106204,9,5,158,2,0.309,BACA
BN2 4BQ,E01016913,532779,106132,13,7,209,5,0.128,BACA
BN2 4BR,E01016913,532759,106114,7,8,167,5,0.128,BACA
BN2 4BS,E01016909,532503,106219,11,8,158,2,0.309,BACA
BN2 4BT,E01016910,533061,106048,10,5,122,1,0.33,BACA
BN2 4BU,E01016910,533039,105987,7,5,122,1,0.33,BACA
BN2 4BW,E01016910,532976,106009,10,4,122,1,0.33,BACA
BN2 4BX,E01016910,533022,106059,19,8,122,1,0.33,BACA
BN2 4BY,E01016910,532932,105899,19,10,119,1,0.33,BACA
BN2 4BZ,E01016910,533084,106071,8,4,122,1,0.33,BACA
BN2 4DA,E01016890,532333,105913,3,3,126,5,0.15,BACA
BN2 4DB,E01016912,532493,105923,17,12,118,4,0.175,BACA
BN2 4DD,E01016912,532714,105889,20,15,130,4,0.175,BACA
BN2 4DE,E01016910,532967,106038,2,1,122,1,0.33,BACA
BN2 4DF,E01016910,533116,106167,8,4,122,1,0.33,BACA
BN2 4DG,E01016909,532952,106314,22,13,127,2,0.309,BACA
BN2 4DH,E01016909,532812,106377,2,2,127,2,0.309,BACA
BN2 4DJ,E01016913,532765,106307,7,5,130,5,0.128,BACA
BN2 4DL,E01016913,532910,106251,17,11,130,5,0.128,BACA
BN2 4DN,E01016913,532774,106266,7,4,130,5,0.128,BACA
BN2 4DP,E01016913,532914,106078,24,14,209,5,0.128,BACA
BN2 4DQ,E01016913,532871,106211,11,7,130,5,0.128,BACA
BN2 4DR,E01016913,532785,106171,20,12,209,5,0.128,BACA
BN2 4DZ,E01016910,532998,105840,0,0,119,1,0.33,BACA
BN2 4EA,E01016912,532478,106157,5,4,154,4,0.175,BACA
BN2 4EB,E01016912,532455,106196,3,3,154,4,0.175,BACA
BN2 4ED,E01016913,532737,106078,9,7,167,5,0.128,BACA
BN2 4EE,E01016913,532742,106031,11,8,167,5,0.128,BACA
BN2 4EF,E01016910,532805,105913,10,7,119,1,0.33,BACA
BN2 4EG,E01016912,532656,105932,19,14,130,4,0.175,BACA
BN2 4EH,E01016913,532627,105967,15,10,146,5,0.128,BACA
BN2 4EJ,E01016912,532456,105959,10,6,118,4,0.175,BACA
BN2 4EL,E01016912,532504,106056,17,10,144,4,0.175,BACA
BN2 4EN,E01016913,532644,106057,19,11,146,5,0.128,BACA
BN2 4EP,E01016913,532613,106033,14,8,146,5,0.128,BACA
BN2 4EQ,E01016912,532407,106280,7,6,211,4,0.175,BACA
BN2 4ES,E01016904,532229,106129,6,6,122,1,0.451,BACA
BN2 4ET,E01016904,532214,106143,8,3,122,1,0.451,BACA
BN2 4EU,E01016904,532192,106154,15,8,122,1,0.451,BACA
BN2 4EW,E01016904,532174,106250,3,3,122,1,0.451,BACA
BN2 4EX,E01016904,532290,106437,17,6,122,1,0.451,BACA
BN2 4EY,E01016904,532220,106295,11,6,122,1,0.451,BACA
BN2 4FA,E01016909,532954,106517,29,12,127,2,0.309,BACA
BN2 4FB,E01016910,533284,106273,21,11,129,1,0.33,BACA
BN2 4FD,E01016910,533288,106312,6,3,129,1,0.33,BACA
BN2 4FE,E01016910,533444,106439,17,10,129,1,0.33,BACA
BN2 4FF,E01016910,533362,106443,9,6,129,1,0.33,BACA
BN2 4FG,E01016911,533387,106509,10,5,107,1,0.364,BACA
BN2 4FH,E01016911,533702,106476,23,12,129,1,0.364,BACA
BN2 4FL,E01016912,532357,106244,6,4,211,4,0.175,BACA
BN2 4FN,E01016913,532939,106051,13,6,209,5,0.128,BACA
BN2 4FT,E01016900,532799,107000,12,8,155,1,0.336,BACA
BN2 4FZ,E01016909,532878,106912,1,2,75,2,0.309,BACA
BN2 4GB,E01016909,532671,106715,23,9,126,2,0.309,BACA
BN2 4GD,E01016909,532926,107003,25,16,75,2,0.309,BACA
BN2 4GE,E01016907,533007,106992,35,16,119,2,0.265,BACA
BN2 4GF,E01016907,532918,106677,16,6,119,2,0.265,BACA
BN2 4GG,E01016910,533138,106450,15,8,129,1,0.33,BACA
BN2 4GP,E01016900,532566,106917,0,1,121,1,0.336,BACA
BN2 4HA,E01016900,532825,107028,16,11,155,1,0.336,BACA
BN2 4HB,E01016900,532751,107087,16,12,155,1,0.336,BACA
BN2 4HD,E01016900,532790,107128,10,6,138,1,0.336,BACA
BN2 4HE,E01016900,532885,107183,11,6,138,1,0.336,BACA
BN2 4HF,E01016900,532956,107284,12,9,138,1,0.336,BACA
BN2 4HG,E01016900,533063,107374,4,3,138,1,0.336,BACA
BN2 4HH,E01016900,532985,107218,17,12,88,1,0.336,BACA
BN2 4HJ,E01016900,532906,107123,17,10,88,1,0.336,BACA
BN2 4HL,E01016900,532687,107038,35,17,155,1,0.336,BACA
BN2 4HN,E01016900,533074,107416,2,1,138,1,0.336,BACA
BN2 4HX,E01016911,533532,106215,33,16,140,1,0.364,BACA
BN2 4HY,E01016911,533557,106201,37,20,140,1,0.364,BACA
BN2 4HZ,E01016911,533658,106238,3,2,147,1,0.364,BACA
BN2 4JA,E01016911,533683,106282,21,13,140,1,0.364,BACA
BN2 4JB,E01016911,533613,106397,12,7,129,1,0.364,BACA
BN2 4JD,E01016911,533946,106172,14,7,147,1,0.364,BACA
BN2 4JF,E01016911,534035,106214,8,4,147,1,0.364,BACA
BN2 4JG,E01016906,534294,106272,52,28,123,2,0.316,BACA
BN2 4JH,E01016906,534278,106371,37,23,123,2,0.316,BACA
BN2 4JJ,E01016906,534126,106340,3,1,123,2,0.316,BACA
BN2 4JL,E01016911,533960,106243,24,11,147,1,0.364,BACA
BN2 4JN,E01016911,534114,106461,17,10,147,1,0.364,BACA
BN2 4JQ,E01016906,534114,106436,1,1,88,2,0.316,BACA
BN2 4JR,E01016906,534070,106421,4,3,88,2,0.316,BACA
BN2 4JS,E01016911,533761,106293,3,2,129,1,0.364,BACA
BN2 4JT,E01016906,534078,106389,6,4,88,2,0.316,BACA
BN2 4LA,E01016911,533865,106618,7,5,129,1,0.364,BACA
BN2 4LB,E01016906,533915,106793,20,10,131,2,0.316,BACA
BN2 4LD,E01016906,533955,106644,9,4,131,2,0.316,BACA
BN2 4LE,E01016906,534026,106708,20,13,131,2,0.316,BACA
BN2 4LF,E01016906,534072,106783,19,9,131,2,0.316,BACA
BN2 4LG,E01016906,534286,106666,28,14,123,2,0.316,BACA
BN2 4LH,E01016906,534393,106708,5,2,123,2,0.316,BACA
BN2 4LJ,E01016906,534478,106655,7,4,123,2,0.316,BACA
BN2 4LL,E01016906,534509,106596,22,13,123,2,0.316,BACA
BN2 4LN,E01016906,534554,106473,17,9,123,2,0.316,BACA
BN2 4LP,E01016906,534702,106626,4,2,123,2,0.316,BACA
BN2 4LQ,E01016906,534596,106468,14,8,123,2,0.316,BACA
BN2 4LR,E01016906,534579,106297,19,11,123,2,0.316,BACA
BN2 4LS,E01016906,534385,106416,22,10,123,2,0.316,BACA
BN2 4LT,E01016906,534214,106479,16,8,88,2,0.316,BACA
BN2 4LU,E01016906,534171,106455,2,2,88,2,0.316,BACA
BN2 4LW,E01016906,534136,106507,3,2,88,2,0.316,BACA
BN2 4LX,E01016906,533957,106812,4,5,131,2,0.316,BACA
BN2 4LY,E01016906,534326,106428,10,4,88,2,0.316,BACA
BN2 4LZ,E01016906,534536,106298,2,1,123,2,0.316,BACA
BN2 4NA,E01016910,533336,106132,27,14,129,1,0.33,BACA
BN2 4NB,E01016910,533550,106103,17,11,129,1,0.33,BACA
BN2 4ND,E01016910,533453,106035,7,4,119,1,0.33,BACA
BN2 4NE,E01016910,533391,106075,24,13,129,1,0.33,BACA
BN2 4NF,E01016910,533504,106046,17,8,119,1,0.33,BACA
BN2 4NH,E01016904,532095,105963,3,5,198,1,0.451,BACA
BN2 4NQ,E01016906,534268,106753,4,3,123,2,0.316,BACA
BN2 4NZ,E01016909,532523,106178,4,2,158,2,0.309,BACA
BN2 4PA,E01016907,533095,107250,1,0,108,2,0.265,BACA
BN2 4PB,E01016908,533539,107569,7,3,114,1,0.362,BACA
BN2 4PD,E01016914,533886,107774,51,27,114,1,0.394,BACA
BN2 4PE,E01016914,533800,107754,38,20,114,1,0.394,BACA
BN2 4PF,E01016914,533766,107905,15,4,108,1,0.394,BACA
BN2 4PG,E01016914,533736,107920,12,7,108,1,0.394,BACA
BN2 4PH,E01016914,534053,107898,19,11,57,1,0.394,BACA
BN2 4PJ,E01016914,534085,107914,15,7,57,1,0.394,BACA
BN2 4PL,E01016914,534072,108053,26,11,73,1,0.394,BACA
BN2 4PN,E01016914,534024,108114,20,9,117,1,0.394,BACA
BN2 4PP,E01016914,533764,107836,13,8,108,1,0.394,BACA
BN2 4PQ,E01016915,533816,107800,43,19,125,1,0.454,BACA
BN2 4PR,E01016915,533695,107743,12,4,125,1,0.454,BACA
BN2 4PS,E01016915,533630,107696,16,10,125,1,0.454,BACA
BN2 4PT,E01016915,533593,107718,15,6,125,1,0.454,BACA
BN2 4PU,E01016915,533560,107792,6,4,128,1,0.454,BACA
BN2 4PW,E01016908,533549,107426,62,30,128,1,0.362,BACA
BN2 4PY,E01016915,533676,107684,2,3,125,1,0.454,BACA
BN2 4PZ,E01016915,533586,107595,13,6,125,1,0.454,BACA
BN2 4QA,E01016908,533653,107552,9,8,128,1,0.362,BACA
BN2 4QF,E01016915,533189,107440,3,2,117,1,0.454,BACA
BN2 4QH,E01016914,534131,108149,8,4,73,1,0.394,BACA
BN2 4QJ,E01016908,533428,107491,13,10,114,1,0.362,BACA
BN2 4RA,E01016907,533166,106612,24,14,112,2,0.265,BACA
BN2 4RB,E01016907,533197,106681,14,10,112,2,0.265,BACA
BN2 4RD,E01016911,533359,106852,17,10,107,1,0.364,BACA
BN2 4RE,E01016911,533317,106829,12,7,107,1,0.364,BACA
BN2 4RF,E01016908,533454,107148,32,14,114,1,0.362,BACA
BN2 4RG,E01016908,533474,107023,20,7,93,1,0.362,BACA
BN2 4RH,E01016908,533646,107177,33,12,93,1,0.362,BACA
BN2 4RJ,E01016908,533616,107321,9,4,119,1,0.362,BACA
BN2 4RL,E01016908,533619,107256,17,8,119,1,0.362,BACA
BN2 4RN,E01016908,533513,107161,11,5,119,1,0.362,BACA
BN2 4RP,E01016908,533560,107165,15,7,119,1,0.362,BACA
BN2 4RQ,E01016908,533687,107442,13,7,93,1,0.362,BACA
BN2 4RR,E01016908,533632,107422,31,13,119,1,0.362,BACA
BN2 4RS,E01016908,533476,107428,21,9,114,1,0.362,BACA
BN2 4RT,E01016908,533444,107445,14,7,114,1,0.362,BACA
BN2 4RU,E01016908,533346,107203,26,14,114,1,0.362,BACA
BN2 4RW,E01016907,533273,107193,4,3,108,2,0.265,BACA
BN2 4RX,E01016908,533422,107158,28,13,114,1,0.362,BACA
BN2 4RY,E01016908,533576,107392,36,17,128,1,0.362,BACA
BN2 4RZ,E01016908,533505,107284,5,3,114,1,0.362,BACA
BN2 4SA,E01016908,533400,107315,2,2,114,1,0.362,BACA
BN2 4TA,E01016907,532960,106715,21,11,119,2,0.265,BACA
BN2 4TB,E01016907,533014,106917,11,5,130,2,0.265,BACA
BN2 4TD,E01016907,533033,106813,8,4,130,2,0.265,BACA
BN2 4TE,E01016907,533123,107099,11,6,108,2,0.265,BACA
BN2 4TF,E01016907,533076,106830,18,7,130,2,0.265,BACA
BN2 4TG,E01016907,533139,106727,7,5,112,2,0.265,BACA
BN2 4TH,E01016907,533166,106934,15,8,108,2,0.265,BACA
BN2 4TJ,E01016907,533196,106966,10,6,111,2,0.265,BACA
BN2 4TL,E01016907,533254,106946,9,5,111,2,0.265,BACA
BN2 4TN,E01016908,533283,107051,5,4,114,1,0.362,BACA
BN2 4TP,E01016907,533267,106898,8,5,111,2,0.265,BACA
BN2 4TQ,E01016907,533276,106844,8,5,111,2,0.265,BACA
BN2 4TR,E01016907,533076,106642,3,3,112,2,0.265,BACA
BN2 4TS,E01016907,533077,106964,5,5,130,2,0.265,BACA
BN2 5AA,E01016963,533165,103711,16,10,164,6,0.121,Longhill
BN2 5AB,E01016963,533253,103728,15,10,164,6,0.121,Longhill
BN2 5AD,E01016963,533269,103638,19,11,129,6,0.121,Longhill
BN2 5BA,E01016862,532749,103808,2,1,115,7,0.082,Longhill
BN2 5BB,E01016863,532826,103809,2,1,113,2,0.315,Longhill
BN2 5BD,E01016863,532968,103912,4,2,113,2,0.315,Longhill
BN2 5DA,E01016863,532797,104002,13,7,133,2,0.315,Longhill
BN2 5DB,E01016863,532835,104084,12,5,121,2,0.315,Longhill
BN2 5DD,E01016863,532949,104153,19,11,144,2,0.315,Longhill
BN2 5DE,E01016863,532811,104042,29,13,121,2,0.315,Longhill
BN2 5DF,E01016863,533047,104129,19,10,144,2,0.315,Longhill
BN2 5DG,E01016863,533005,104061,33,20,133,2,0.315,Longhill
BN2 5DH,E01016863,532896,104007,35,18,133,2,0.315,Longhill
BN2 5DJ,E01016863,532935,104047,26,14,144,2,0.315,Longhill
BN2 5DL,E01016863,532982,104126,17,10,144,2,0.315,Longhill
BN2 5DN,E01016863,533031,104165,15,9,144,2,0.315,Longhill
BN2 5DT,E01016866,533454,104520,21,8,106,1,0.456,VarndeanStringer
BN2 5DZ,E01016869,533460,104062,18,10,111,3,0.231,VarndeanStringer
BN2 5EB,E01016863,533286,104068,10,7,119,2,0.315,Longhill
BN2 5ED,E01016863,533261,104105,3,2,119,2,0.315,Longhill
BN2 5EE,E01016868,533236,104249,24,13,122,1,0.43,Longhill
BN2 5EF,E01016868,533324,104156,15,9,122,1,0.43,Longhill
BN2 5EG,E01016868,533336,104037,7,8,122,1,0.43,Longhill
BN2 5EH,E01016868,533353,104240,52,21,116,1,0.43,Longhill
BN2 5EJ,E01016868,533337,104217,15,6,122,1,0.43,Longhill
BN2 5EL,E01016867,533267,104451,8,6,128,2,0.285,VarndeanStringer
BN2 5EN,E01016867,533213,104280,12,7,128,2,0.285,Longhill
BN2 5EP,E01016867,533190,104302,19,14,132,2,0.285,Longhill
BN2 5EQ,E01016863,533127,104134,10,4,119,2,0.315,Longhill
BN2 5ER,E01016867,533160,104321,23,14,132,2,0.285,Longhill
BN2 5ES,E01016867,533128,104330,30,19,132,2,0.285,Longhill
BN2 5ET,E01016868,533289,104461,3,4,116,1,0.43,VarndeanStringer
BN2 5EU,E01016863,532975,103970,2,0,113,2,0.315,Longhill
BN2 5EX,E01016863,533216,103887,3,2,119,2,0.315,Longhill
BN2 5EY,E01016863,533246,103948,5,3,119,2,0.315,Longhill
BN2 5EZ,E01016863,533306,104122,3,2,119,2,0.315,Longhill
BN2 5FA,E01016869,533474,103760,6,4,125,3,0.231,Longhill
BN2 5FB,E01016869,533502,103842,6,3,122,3,0.231,Longhill
BN2 5FD,E01016868,533431,104238,21,12,116,1,0.43,VarndeanStringer
BN2 5FE,E01016868,533350,104376,6,3,116,1,0.43,VarndeanStringer
BN2 5FF,E01016868,533497,104199,4,2,116,1,0.43,VarndeanStringer
BN2 5FG,E01016869,533476,103949,20,15,176,3,0.231,Longhill
BN2 5FH,E01016868,533536,104359,14,7,107,1,0.43,VarndeanStringer
BN2 5FJ,E01016864,533349,104558,30,15,147,1,0.467,VarndeanStringer
BN2 5FL,E01016866,533397,104585,3,2,106,1,0.456,VarndeanStringer
BN2 5FW,E01016865,533506,105364,32,24,133,1,0.434,VarndeanStringer
BN2 5FX,E01016864,533531,105418,24,14,112,1,0.467,VarndeanStringer
BN2 5FY,E01016868,533641,104180,8,4,165,1,0.43,VarndeanStringer
BN2 5FZ,E01016868,533677,104131,2,2,165,1,0.43,VarndeanStringer
BN2 5GA,E01016868,533639,104124,7,3,165,1,0.43,VarndeanStringer
BN2 5GB,E01016868,533643,104234,7,8,165,1,0.43,VarndeanStringer
BN2 5GE,E01016868,533537,104258,23,15,119,1,0.43,VarndeanStringer
BN2 5GF,E01016869,533588,104089,4,6,127,3,0.231,VarndeanStringer
BN2 5GG,E01016869,533441,103944,2,1,176,3,0.231,Longhill
BN2 5GH,E01016869,533420,103962,10,6,111,3,0.231,Longhill
BN2 5GJ,E01016869,533396,103996,12,7,111,3,0.231,Longhill
BN2 5GL,E01016869,533502,104067,7,5,111,3,0.231,VarndeanStringer
BN2 5GN,E01016869,533516,104025,5,4,111,3,0.231,VarndeanStringer
BN2 5GP,E01016869,533565,104074,12,5,127,3,0.231,VarndeanStringer
BN2 5GQ,E01016869,533539,104124,6,4,111,3,0.231,VarndeanStringer
BN2 5GR,E01016869,533476,104111,8,4,111,3,0.231,VarndeanStringer
BN2 5GS,E01016868,533440,104160,10,5,116,1,0.43,VarndeanStringer
BN2 5GT,E01016868,533414,104237,2,0,116,1,0.43,VarndeanStringer
BN2 5GU,E01016868,533378,104320,2,1,107,1,0.43,VarndeanStringer
BN2 5GW,E01016868,533494,104334,7,4,119,1,0.43,VarndeanStringer
BN2 5GX,E01016868,533478,104254,15,5,119,1,0.43,VarndeanStringer
BN2 5GY,E01016868,533404,104351,21,10,107,1,0.43,VarndeanStringer
BN2 5GZ,E01016868,533476,104418,10,5,107,1,0.43,VarndeanStringer
BN2 5HA,E01016957,534425,103002,0,0,115,10,0.034,Longhill
BN2 5HB,E01016865,533522,104857,5,5,116,1,0.434,VarndeanStringer
BN2 5HD,E01016866,533523,104785,5,6,126,1,0.456,VarndeanStringer
BN2 5HE,E01016865,533569,104832,29,13,116,1,0.434,VarndeanStringer
BN2 5HG,E01016866,533489,104822,8,4,126,1,0.456,VarndeanStringer
BN2 5HH,E01016866,533438,104768,19,8,126,1,0.456,VarndeanStringer
BN2 5HJ,E01016866,533467,104594,19,12,106,1,0.456,VarndeanStringer
BN2 5HL,E01016866,533467,104662,14,7,126,1,0.456,VarndeanStringer
BN2 5HN,E01016866,533490,104693,7,3,106,1,0.456,VarndeanStringer
BN2 5HP,E01016866,533427,104746,16,7,126,1,0.456,VarndeanStringer
BN2 5HQ,E01016866,533433,104835,13,5,126,1,0.456,VarndeanStringer
BN2 5HR,E01016865,533618,104912,26,13,99,1,0.434,VarndeanStringer
BN2 5HS,E01016865,533605,104968,19,9,99,1,0.434,VarndeanStringer
BN2 5HT,E01016865,533601,105052,8,4,121,1,0.434,VarndeanStringer
BN2 5HU,E01016864,533392,104982,17,9,147,1,0.467,VarndeanStringer
BN2 5HW,E01016865,533499,104951,18,6,116,1,0.434,VarndeanStringer
BN2 5HX,E01016865,533508,105014,10,4,116,1,0.434,VarndeanStringer
BN2 5HY,E01016865,533480,105028,19,9,116,1,0.434,VarndeanStringer
BN2 5HZ,E01016864,533405,104970,6,3,147,1,0.467,VarndeanStringer
BN2 5JA,E01016869,533464,103799,17,10,125,3,0.231,Longhill
BN2 5JB,E01016869,533445,103811,16,10,125,3,0.231,Longhill
BN2 5JD,E01016963,533406,103696,6,4,129,6,0.121,Longhill
BN2 5JE,E01016963,533349,103650,5,3,129,6,0.121,Longhill
BN2 5JH,E01016863,533039,103656,1,1,130,2,0.315,Longhill
BN2 5JJ,E01016863,533043,103686,3,2,130,2,0.315,Longhill
BN2 5JL,E01016869,533419,103802,25,14,176,3,0.231,Longhill
BN2 5JN,E01016863,533113,103747,4,2,130,2,0.315,Longhill
BN2 5JP,E01016869,533280,103874,16,12,202,3,0.231,Longhill
BN2 5JQ,E01016869,533324,103974,3,2,202,3,0.231,Longhill
BN2 5JR,E01016869,533261,103776,14,10,202,3,0.231,Longhill
BN2 5JS,E01016869,533347,103821,21,15,202,3,0.231,Longhill
BN2 5JT,E01016869,533400,103910,7,4,176,3,0.231,Longhill
BN2 5JU,E01016863,533124,103849,10,6,130,2,0.315,Longhill
BN2 5JW,E01016869,533366,103786,0,1,176,3,0.231,Longhill
BN2 5JY,E01016869,533292,103762,3,2,202,3,0.231,Longhill
BN2 5LA,E01016866,533684,104411,2,3,120,1,0.456,VarndeanStringer
BN2 5LE,E01016866,533616,104658,13,6,106,1,0.456,VarndeanStringer
BN2 5LH,E01016864,533814,105206,9,6,91,1,0.467,VarndeanStringer
BN2 5LJ,E01016963,533372,103679,2,1,129,6,0.121,Longhill
BN2 5LL,E01016865,533608,105087,3,2,121,1,0.434,VarndeanStringer
BN2 5LN,E01016865,533590,105195,25,12,133,1,0.434,VarndeanStringer
BN2 5LP,E01016866,533676,104366,3,3,120,1,0.456,VarndeanStringer
BN2 5LQ,E01016866,533734,104320,8,5,103,1,0.456,VarndeanStringer
BN2 5LR,E01016866,533701,104531,16,8,120,1,0.456,VarndeanStringer
BN2 5LS,E01016866,533658,104514,9,5,106,1,0.456,VarndeanStringer
BN2 5LT,E01016866,533648,104545,12,7,120,1,0.456,VarndeanStringer
BN2 5LU,E01016866,533556,104592,20,7,106,1,0.456,VarndeanStringer
BN2 5LW,E01016866,533521,104673,26,10,106,1,0.456,VarndeanStringer
BN2 5LY,E01016866,533555,104523,16,6,106,1,0.456,VarndeanStringer
BN2 5LZ,E01016868,533584,104417,12,7,107,1,0.43,VarndeanStringer
BN2 5NA,E01016869,533623,103750,20,10,122,3,0.231,Longhill
BN2 5NB,E01016869,533613,103840,9,5,122,3,0.231,Longhill
BN2 5ND,E01016869,533657,103922,14,8,127,3,0.231,VarndeanStringer
BN2 5NE,E01016869,533631,103934,18,10,127,3,0.231,VarndeanStringer
BN2 5NF,E01016869,533572,103941,9,5,127,3,0.231,VarndeanStringer
BN2 5NG,E01016868,533627,104282,9,7,165,1,0.43,VarndeanStringer
BN2 5NH,E01016868,533614,104325,8,4,107,1,0.43,VarndeanStringer
BN2 5NJ,E01016868,533639,104348,8,4,165,1,0.43,VarndeanStringer
BN2 5NL,E01016868,533676,104274,14,8,165,1,0.43,VarndeanStringer
BN2 5NN,E01016866,533710,104178,4,2,103,1,0.456,VarndeanStringer
BN2 5NP,E01016866,533537,104520,6,3,106,1,0.456,VarndeanStringer
BN2 5NT,E01016866,533618,104474,15,6,106,1,0.456,VarndeanStringer
BN2 5NU,E01016866,533730,104258,4,3,103,1,0.456,VarndeanStringer
BN2 5NW,E01016868,533706,104137,5,2,165,1,0.43,VarndeanStringer
BN2 5NX,E01016868,533695,104127,5,3,165,1,0.43,VarndeanStringer
BN2 5NY,E01016866,533737,104120,14,6,103,1,0.456,VarndeanStringer
BN2 5NZ,E01016868,533632,104380,8,6,107,1,0.43,VarndeanStringer
BN2 5PA,E01016869,533751,104019,21,10,122,3,0.231,VarndeanStringer
BN2 5PB,E01016864,533819,104460,7,4,116,1,0.467,VarndeanStringer
BN2 5PD,E01016864,533802,104942,4,3,116,1,0.467,VarndeanStringer
BN2 5PE,E01016866,533794,104412,1,1,120,1,0.456,VarndeanStringer
BN2 5PF,E01016866,533747,104485,10,6,120,1,0.456,VarndeanStringer
BN2 5PG,E01016864,533793,105122,2,1,91,1,0.467,VarndeanStringer
BN2 5PH,E01016864,533712,105222,19,6,91,1,0.467,VarndeanStringer
BN2 5PJ,E01016864,533763,104997,23,13,98,1,0.467,VarndeanStringer
BN2 5PL,E01016864,533746,104747,4,2,116,1,0.467,VarndeanStringer
BN2 5PN,E01016864,533722,104634,4,3,116,1,0.467,VarndeanStringer
BN2 5PP,E01016864,533653,104702,27,13,98,1,0.467,VarndeanStringer
BN2 5PR,E01016865,533666,104963,22,13,99,1,0.434,VarndeanStringer
BN2 5PS,E01016865,533661,105210,37,20,121,1,0.434,VarndeanStringer
BN2 5PT,E01016865,533634,105194,28,13,121,1,0.434,VarndeanStringer
BN2 5PU,E01016866,533798,104298,7,4,103,1,0.456,VarndeanStringer
BN2 5PW,E01016866,533691,104010,3,2,103,1,0.456,VarndeanStringer
BN2 5PX,E01016864,533722,104826,4,2,98,1,0.467,VarndeanStringer
BN2 5PY,E01016866,533742,104374,8,3,120,1,0.456,VarndeanStringer
BN2 5PZ,E01016864,533586,105391,29,18,112,1,0.467,VarndeanStringer
BN2 5QA,E01016865,533635,105391,39,18,94,1,0.434,VarndeanStringer
BN2 5QB,E01016865,533650,105332,37,21,94,1,0.434,VarndeanStringer
BN2 5QD,E01016864,533624,105436,5,3,91,1,0.467,VarndeanStringer
BN2 5QE,E01016864,533593,105460,2,1,91,1,0.467,VarndeanStringer
BN2 5QF,E01016864,533565,105469,4,3,91,1,0.467,VarndeanStringer
BN2 5QG,E01016864,533537,105482,2,1,91,1,0.467,VarndeanStringer
BN2 5QH,E01016864,533514,105470,8,4,112,1,0.467,VarndeanStringer
BN2 5QJ,E01016865,533541,105247,18,9,133,1,0.434,VarndeanStringer
BN2 5QL,E01016865,533488,105209,13,7,133,1,0.434,VarndeanStringer
BN2 5QN,E01016866,533607,104728,23,10,106,1,0.456,VarndeanStringer
BN2 5QP,E01016865,533604,104814,9,4,116,1,0.434,VarndeanStringer
BN2 5QQ,E01016865,533636,104828,7,3,99,1,0.434,VarndeanStringer
BN2 5QR,E01016864,533423,105177,67,29,147,1,0.467,VarndeanStringer
BN2 5QS,E01016864,533428,105097,6,3,147,1,0.467,VarndeanStringer
BN2 5QT,E01016865,533549,105128,17,10,121,1,0.434,VarndeanStringer
BN2 5QU,E01016865,533563,105180,12,5,121,1,0.434,VarndeanStringer
BN2 5QW,E01016864,533404,105015,12,5,147,1,0.467,VarndeanStringer
BN2 5QX,E01016865,533452,105190,8,3,133,1,0.434,VarndeanStringer
BN2 5RA,E01016963,533917,103545,9,6,148,6,0.121,Longhill
BN2 5RB,E01016963,533772,103563,2,1,148,6,0.121,Longhill
BN2 5RD,E01016963,533705,103520,18,12,148,6,0.121,Longhill
BN2 5RE,E01016963,533987,103460,11,5,148,6,0.121,Longhill
BN2 5RF,E01016963,533928,103529,13,7,148,6,0.121,Longhill
BN2 5RG,E01016957,534539,103521,16,8,71,10,0.034,Longhill
BN2 5RH,E01016957,534520,103475,15,8,71,10,0.034,Longhill
BN2 5RJ,E01016957,534473,103409,11,6,71,10,0.034,Longhill
BN2 5RN,E01016957,534546,103418,3,3,71,10,0.034,Longhill
BN2 5RP,E01016957,534514,103424,1,0,71,10,0.034,Longhill
BN2 5RS,E01016865,533569,105038,8,6,116,1,0.434,VarndeanStringer
BN2 5RT,E01016963,533644,103673,13,9,148,6,0.121,Longhill
BN2 5RY,E01016963,533585,103725,1,2,135,6,0.121,Longhill
BN2 5RZ,E01016963,533413,103433,2,1,160,6,0.121,Longhill
BN2 5SA,E01016957,534138,103540,2,2,71,10,0.034,Longhill
BN2 5SE,E01016957,534247,103033,4,3,115,10,0.034,Longhill
BN2 5SF,E01016957,534247,103033,5,4,115,10,0.034,Longhill
BN2 5SH,E01016957,534153,103064,3,2,133,10,0.034,Longhill
BN2 5SJ,E01016957,534153,103064,3,2,133,10,0.034,Longhill
BN2 5SL,E01016957,533914,103082,4,3,232,10,0.034,Longhill
BN2 5SN,E01016957,533914,103082,3,2,232,10,0.034,Longhill
BN2 5TA,E01016963,533380,103575,11,8,147,6,0.121,Longhill
BN2 5TB,E01016963,533436,103649,4,3,147,6,0.121,Longhill
BN2 5TD,E01016963,533431,103513,7,5,147,6,0.121,Longhill
BN2 5TE,E01016963,533400,103516,10,5,147,6,0.121,Longhill
BN2 5TF,E01016963,533415,103466,0,0,135,6,0.121,Longhill
BN2 5TG,E01016963,533488,103522,5,3,135,6,0.121,Longhill
BN2 5TH,E01016963,533465,103530,4,2,135,6,0.121,Longhill
BN2 5TN,E01016957,533676,103456,9,3,112,10,0.034,Longhill
BN2 5TP,E01016957,533676,103456,5,3,112,10,0.034,Longhill
BN2 5TQ,E01016957,533676,103456,5,2,112,10,0.034,Longhill
BN2 5TR,E01016963,533657,103570,0,0,135,6,0.121,Longhill
BN2 5TS,E01016864,534077,104110,0,0,116,1,0.467,Longhill
BN2 5TW,E01016963,533348,103620,6,3,129,6,0.121,Longhill
BN2 5TX,E01016963,533440,103669,1,1,135,6,0.121,Longhill
BN2 5UA,E01016864,533922,103825,0,0,116,1,0.467,Longhill
BN2 5UB,E01016963,533464,103403,4,3,135,6,0.121,Longhill
BN2 5UF,E01016957,533905,103173,0,0,131,10,0.034,Longhill
BN2 5UG,E01016957,534425,103002,1,0,115,10,0.034,Longhill
BN2 5UT,E01016957,533581,103090,0,0,232,10,0.034,Longhill
BN2 5UU,E01016957,533788,103261,3,2,232,10,0.034,Longhill
BN2 5UW,E01016957,533830,103190,2,2,232,10,0.034,Longhill
BN2 5UX,E01016957,533855,103282,4,3,232,10,0.034,Longhill
BN2 5UY,E01016957,534002,103196,4,3,131,10,0.034,Longhill
BN2 5UZ,E01016957,533896,103290,2,1,232,10,0.034,Longhill
BN2 5WA,E01016957,533803,103195,0,0,232,10,0.034,Longhill
BN2 5WD,E01016957,533892,103252,0,0,232,10,0.034,Longhill
BN2 5WE,E01016957,534061,103129,4,3,127,10,0.034,Longhill
BN2 5WH,E01016957,534088,103045,4,3,131,10,0.034,Longhill
BN2 5WJ,E01016957,534088,103045,4,3,131,10,0.034,Longhill
BN2 5XA,E01016957,534132,103178,6,4,131,10,0.034,Longhill
BN2 5XB,E01016957,534163,103122,4,3,133,10,0.034,Longhill
BN2 5XD,E01016957,534237,103090,2,2,133,10,0.034,Longhill
BN2 5XJ,E01016957,534301,103092,4,3,115,10,0.034,Longhill
BN2 5XL,E01016957,534343,102982,3,2,115,10,0.034,Longhill
BN2 5XY,E01016957,534025,103059,5,4,127,10,0.034,Longhill
BN2 5XZ,E01016957,534025,103059,4,3,127,10,0.034,Longhill
BN2 5YU,E01016869,533207,103856,6,7,202,3,0.231,Longhill
BN2 5YW,E01016869,533169,103831,6,4,202,3,0.231,Longhill
BN2 5ZB,E01016957,533672,102993,0,0,142,10,0.034,Longhill
BN2 5ZD,E01016957,533658,102960,18,15,142,10,0.034,Longhill
BN2 5ZE,E01016957,533682,103055,4,2,232,10,0.034,Longhill
BN2 5ZF,E01016957,533672,103022,6,4,232,10,0.034,Longhill
BN2 5ZG,E01016868,533632,104081,42,20,165,1,0.43,VarndeanStringer
BN2 5ZJ,E01016866,533366,104647,18,10,126,1,0.456,VarndeanStringer
BN2 5ZL,E01016963,533340,103478,2,3,147,6,0.121,Longhill
BN2 6AA,E01016910,533506,105835,4,3,119,1,0.33,Longhill
BN2 6AF,E01017008,535102,106241,1,1,144,7,0.076,Longhill
BN2 6AG,E01017012,536389,105002,1,1,159,6,0.123,Longhill
BN2 6AN,E01017010,535853,105929,1,1,124,8,0.066,Longhill
BN2 6BA,E01017007,535298,105799,10,5,153,3,0.244,Longhill
BN2 6BB,E01017007,535428,105832,3,2,153,3,0.244,Longhill
BN2 6BD,E01017008,535550,106054,10,7,124,7,0.076,Longhill
BN2 6BE,E01017008,535483,106055,15,11,124,7,0.076,Longhill
BN2 6BF,E01017008,535406,105996,27,14,141,7,0.076,Longhill
BN2 6BG,E01017008,535277,105968,17,10,141,7,0.076,Longhill
BN2 6BH,E01017008,535322,105933,25,13,141,7,0.076,Longhill
BN2 6BJ,E01017008,535202,105939,17,9,160,7,0.076,Longhill
BN2 6BL,E01017008,535165,105809,3,2,160,7,0.076,Longhill
BN2 6BN,E01017008,535080,105889,8,4,160,7,0.076,Longhill
BN2 6BP,E01017008,535127,105918,12,7,160,7,0.076,Longhill
BN2 6BR,E01017008,535503,106122,4,2,124,7,0.076,Longhill
BN2 6BS,E01017008,535509,106041,2,2,124,7,0.076,Longhill
BN2 6DB,E01017008,535170,105767,10,5,160,7,0.076,Longhill
BN2 6DD,E01017008,534841,105657,17,9,131,7,0.076,Longhill
BN2 6DE,E01017008,535062,105852,16,9,160,7,0.076,Longhill
BN2 6DF,E01017008,534996,105819,15,8,131,7,0.076,Longhill
BN2 6DG,E01017008,534532,105620,5,2,144,7,0.076,Longhill
BN2 6DH,E01017008,534608,105624,6,3,144,7,0.076,Longhill
BN2 6DJ,E01017008,534750,105778,12,7,144,7,0.076,Longhill
BN2 6DL,E01017008,534792,105846,11,8,144,7,0.076,Longhill
BN2 6DN,E01017008,534525,105746,3,2,144,7,0.076,Longhill
BN2 6DP,E01017008,534612,105783,2,1,144,7,0.076,Longhill
BN2 6DQ,E01017008,534608,105668,3,2,144,7,0.076,Longhill
BN2 6DR,E01017008,534832,105761,16,10,131,7,0.076,Longhill
BN2 6DS,E01017008,534793,105699,12,8,131,7,0.076,Longhill
BN2 6DT,E01017008,534590,105551,2,2,144,7,0.076,Longhill
BN2 6DU,E01017007,535468,105573,2,1,153,3,0.244,Longhill
BN2 6LA,E01017012,535965,104848,7,4,110,6,0.123,Longhill
BN2 6LB,E01017012,536198,104892,16,8,110,6,0.123,Longhill
BN2 6LD,E01017012,536153,104930,15,8,120,6,0.123,Longhill
BN2 6LE,E01017012,536267,104981,8,4,120,6,0.123,Longhill
BN2 6LF,E01017012,536127,104830,10,5,110,6,0.123,Longhill
BN2 6LG,E01017010,535825,105205,16,8,122,8,0.066,Longhill
BN2 6LH,E01017010,535668,105574,13,7,115,8,0.066,Longhill
BN2 6LJ,E01017010,535881,105265,15,10,122,8,0.066,Longhill
BN2 6LL,E01017010,535843,105432,10,6,115,8,0.066,Longhill
BN2 6LN,E01017007,535883,105745,31,19,128,3,0.244,Longhill
BN2 6LP,E01017007,535842,105760,20,11,128,3,0.244,Longhill
BN2 6LQ,E01017010,535883,105891,2,1,124,8,0.066,Longhill
BN2 6LR,E01017010,535768,105519,7,5,115,8,0.066,Longhill
BN2 6LT,E01017010,535803,105504,2,2,115,8,0.066,Longhill
BN2 6NA,E01017007,535651,106026,14,6,153,3,0.244,Longhill
BN2 6NB,E01017010,535659,105732,1,0,115,8,0.066,Longhill
BN2 6ND,E01017007,535645,105858,9,5,153,3,0.244,Longhill
BN2 6NE,E01017010,535738,105721,22,12,115,8,0.066,Longhill
BN2 6NF,E01017007,535834,106156,50,26,117,3,0.244,Longhill
BN2 6NG,E01017007,535899,106112,50,26,117,3,0.244,Longhill
BN2 6NH,E01017007,535953,106212,29,15,136,3,0.244,Longhill
BN2 6NJ,E01017007,536064,106255,9,6,136,3,0.244,Longhill
BN2 6NL,E01017007,536130,106138,23,11,136,3,0.244,Longhill
BN2 6NN,E01017007,536104,106222,8,5,124,3,0.244,Longhill
BN2 6NP,E01017007,536180,106201,7,4,124,3,0.244,Longhill
BN2 6NQ,E01017007,536259,106160,13,10,124,3,0.244,Longhill
BN2 6PA,E01017012,535994,105088,12,6,103,6,0.123,Longhill
BN2 6PB,E01017010,535977,105316,20,11,122,8,0.066,Longhill
BN2 6PD,E01017010,536002,105614,22,10,124,8,0.066,Longhill
BN2 6PE,E01017010,535919,105866,27,13,124,8,0.066,Longhill
BN2 6PF,E01017010,536134,106025,23,13,124,8,0.066,Longhill
BN2 6PG,E01017007,536132,106072,21,11,124,3,0.244,Longhill
BN2 6PH,E01017007,535713,105987,10,4,153,3,0.244,Longhill
BN2 6PJ,E01017007,535691,105929,11,6,128,3,0.244,Longhill
BN2 6PL,E01017012,536030,105119,7,4,103,6,0.123,Longhill
BN2 6PN,E01017007,535792,105950,10,4,128,3,0.244,Longhill
BN2 6PR,E01017007,535721,105941,12,13,153,3,0.244,Longhill
BN2 6QA,E01017007,536130,106276,26,16,136,3,0.244,Longhill
BN2 6QB,E01017011,536540,106005,40,18,169,1,0.333,Longhill
BN2 6QD,E01017010,536463,106024,8,5,115,8,0.066,Longhill
BN2 6QE,E01017011,536609,105991,33,15,169,1,0.333,Longhill
BN2 6QF,E01017011,536667,105951,14,8,169,1,0.333,Longhill
BN2 6QG,E01017011,536632,105816,4,3,107,1,0.333,Longhill
BN2 6QH,E01017011,536729,105704,18,10,107,1,0.333,Longhill
BN2 6QJ,E01017011,536751,105816,18,7,169,1,0.333,Longhill
BN2 6QL,E01017011,536788,105667,36,17,169,1,0.333,Longhill
BN2 6QN,E01017011,536664,105745,6,3,107,1,0.333,Longhill
BN2 6QP,E01017011,536690,105648,18,12,107,1,0.333,Longhill
BN2 6RA,E01017012,536136,105048,13,8,120,6,0.123,Longhill
BN2 6RB,E01017012,536183,105021,14,9,120,6,0.123,Longhill
BN2 6RD,E01017009,536276,105273,33,20,133,5,0.148,Longhill
BN2 6RE,E01017012,536226,105136,12,5,103,6,0.123,Longhill
BN2 6RF,E01017009,536341,105389,24,14,133,5,0.148,Longhill
BN2 6RG,E01017009,536382,105433,14,8,103,5,0.148,Longhill
BN2 6RH,E01017009,536447,105597,6,4,103,5,0.148,Longhill
BN2 6RJ,E01017009,536486,105600,10,5,125,5,0.148,Longhill
BN2 6RL,E01017009,536308,105718,3,3,125,5,0.148,Longhill
BN2 6RN,E01017009,536429,105789,5,3,125,5,0.148,Longhill
BN2 6RP,E01017010,536286,105839,10,5,115,8,0.066,Longhill
BN2 6RQ,E01017012,536185,105222,11,7,103,6,0.123,Longhill
BN2 6RR,E01017009,536292,105533,8,5,133,5,0.148,Longhill
BN2 6RS,E01017009,536279,105460,2,1,133,5,0.148,Longhill
BN2 6RT,E01017012,536124,105120,24,14,103,6,0.123,Longhill
BN2 6SA,E01017009,536582,105272,21,10,148,5,0.148,Longhill
BN2 6SB,E01017009,536544,105287,14,7,103,5,0.148,Longhill
BN2 6SD,E01017009,536536,105109,12,6,148,5,0.148,Longhill
BN2 6SE,E01017009,536477,105288,4,3,103,5,0.148,Longhill
BN2 6SF,E01017009,536574,105601,7,6,125,5,0.148,Longhill
BN2 6SG,E01017011,536605,105665,14,7,107,1,0.333,Longhill
BN2 6SH,E01017009,536599,105208,14,6,148,5,0.148,Longhill
BN2 6SJ,E01017009,536506,105754,8,4,125,5,0.148,Longhill
BN2 6SL,E01017010,536446,105971,15,8,115,8,0.066,Longhill
BN2 6SN,E01017010,536424,105893,11,6,115,8,0.066,Longhill
BN2 6SP,E01017010,536078,105914,11,7,124,8,0.066,Longhill
BN2 6SQ,E01017010,536103,105876,9,6,124,8,0.066,Longhill
BN2 6SR,E01017010,536213,105832,5,2,124,8,0.066,Longhill
BN2 6SS,E01017010,535995,105953,2,2,124,8,0.066,Longhill
BN2 6ST,E01017009,536501,105058,12,6,148,5,0.148,Longhill
BN2 6SW,E01017010,536269,105988,4,2,115,8,0.066,Longhill
BN2 6SX,E01017010,536455,105840,5,2,115,8,0.066,Longhill
BN2 6TA,E01017009,536445,105042,14,8,148,5,0.148,Longhill
BN2 6TB,E01017012,536425,104936,14,7,159,6,0.123,Longhill
BN2 6TD,E01017012,536531,104958,17,13,159,6,0.123,Longhill
BN2 6TE,E01017009,536522,104997,11,7,148,5,0.148,Longhill
BN2 6TF,E01017009,536608,105078,3,2,148,5,0.148,Longhill
BN2 6TG,E01017011,536760,105228,28,18,127,1,0.333,Longhill
BN2 6TH,E01017011,536799,105202,27,19,127,1,0.333,Longhill
BN2 6TJ,E01017011,536692,105248,19,13,120,1,0.333,Longhill
BN2 6TL,E01017011,536726,105227,16,10,127,1,0.333,Longhill
BN2 6TN,E01017011,536639,105310,6,4,120,1,0.333,Longhill
BN2 6TP,E01017011,536735,105520,16,12,120,1,0.333,Longhill
BN2 6TQ,E01017012,536684,104947,33,20,103,6,0.123,Longhill
BN2 6TR,E01017012,536549,104916,35,18,159,6,0.123,Longhill
BN2 6TS,E01017011,536712,105445,15,7,120,1,0.333,Longhill
BN2 6TT,E01017011,536659,105387,7,4,120,1,0.333,Longhill
BN2 6TU,E01017011,536626,105109,2,2,120,1,0.333,Longhill
BN2 6TZ,E01017010,536151,105806,17,8,124,8,0.066,Longhill
BN2 6UA,E01017010,536064,105797,5,3,124,8,0.066,Longhill
BN2 6UB,E01017010,536131,105744,24,12,111,8,0.066,Longhill
BN2 6UD,E01017010,536070,105617,9,5,111,8,0.066,Longhill
BN2 6UE,E01017010,536079,105397,23,16,111,8,0.066,Longhill
BN2 6UF,E01017009,536138,105345,16,13,109,5,0.148,Longhill
BN2 6UG,E01017009,536220,105408,17,12,109,5,0.148,Longhill
BN2 6UH,E01017009,536181,105468,14,7,109,5,0.148,Longhill
BN2 6UJ,E01017009,536157,105441,8,6,109,5,0.148,Longhill
BN2 6WA,E01017012,536293,104528,8,4,117,6,0.123,Longhill
BN2 6WB,E01017012,536424,104596,15,7,117,6,0.123,Longhill
BN2 6WD,E01017012,536456,104764,32,15,159,6,0.123,Longhill
BN2 6WE,E01017012,536227,104710,17,9,110,6,0.123,Longhill
BN2 6WF,E01017012,536270,104685,12,7,110,6,0.123,Longhill
BN2 6WG,E01017012,536329,104809,8,4,117,6,0.123,Longhill
BN2 6WH,E01017012,536355,104674,21,9,117,6,0.123,Longhill
BN2 6WJ,E01017012,536405,104642,4,2,117,6,0.123,Longhill
BN2 6WL,E01017012,536563,104810,15,8,103,6,0.123,Longhill
BN2 6WN,E01017012,536597,104787,28,16,103,6,0.123,Longhill
BN2 7AA,E01016962,536053,104277,6,4,54,9,0.046,Longhill
BN2 7AB,E01016962,536025,104041,8,5,54,9,0.046,Longhill
BN2 7AD,E01016962,535990,104326,7,5,54,9,0.046,Longhill
BN2 7AE,E01016962,535582,103832,5,3,183,9,0.046,Longhill
BN2 7AH,E01016960,537006,102298,2,1,144,8,0.062,Longhill
BN2 7AR,E01016962,535775,103844,3,2,183,9,0.046,Longhill
BN2 7AX,E01016962,536111,103558,2,1,66,9,0.046,Longhill
BN2 7AY,E01016962,535657,103613,3,2,183,9,0.046,Longhill
BN2 7BA,E01016962,535594,103613,5,3,183,9,0.046,Longhill
BN2 7BB,E01016962,535668,103851,12,6,183,9,0.046,Longhill
BN2 7BD,E01016962,535863,103819,17,8,183,9,0.046,Longhill
BN2 7BE,E01016962,536145,103431,14,9,186,9,0.046,Longhill
BN2 7BF,E01016962,536092,103420,10,7,186,9,0.046,Longhill
BN2 7BG,E01016962,535984,103337,22,12,186,9,0.046,Longhill
BN2 7BH,E01016962,535923,103494,7,4,183,9,0.046,Longhill
BN2 7BL,E01016962,535913,103257,12,7,186,9,0.046,Longhill
BN2 7BN,E01016962,536117,103194,9,5,186,9,0.046,Longhill
BN2 7BQ,E01016962,535548,103729,3,2,183,9,0.046,Longhill
BN2 7BR,E01016962,535688,103867,1,1,183,9,0.046,Longhill
BN2 7BT,E01016962,535921,103832,21,13,183,9,0.046,Longhill
BN2 7BU,E01016962,536085,103672,2,1,66,9,0.046,Longhill
BN2 7BW,E01016962,536008,103468,2,2,186,9,0.046,Longhill
BN2 7BX,E01016962,536089,103841,3,2,66,9,0.046,Longhill
BN2 7BY,E01016962,536142,103726,3,1,66,9,0.046,Longhill
BN2 7BZ,E01016962,536162,103772,2,1,66,9,0.046,Longhill
BN2 7DA,E01016960,536715,103022,6,4,163,8,0.062,Longhill
BN2 7DB,E01016960,536970,102957,11,6,163,8,0.062,Longhill
BN2 7DD,E01016960,536895,102780,2,2,163,8,0.062,Longhill
BN2 7DE,E01016959,536962,102654,1,0,157,9,0.055,Longhill
BN2 7DF,E01016959,537026,102634,3,3,157,9,0.055,Longhill
BN2 7DG,E01016959,536984,102740,3,2,157,9,0.055,Longhill
BN2 7DH,E01016959,537117,102684,3,1,157,9,0.055,Longhill
BN2 7DJ,E01016959,537435,102952,8,5,157,9,0.055,Longhill
BN2 7DL,E01016960,537435,102997,11,6,129,8,0.062,Longhill
BN2 7DN,E01016960,537399,103114,6,3,129,8,0.062,Longhill
BN2 7DP,E01016960,537234,102906,12,7,129,8,0.062,Longhill
BN2 7DQ,E01016960,537073,102858,5,3,129,8,0.062,Longhill
BN2 7DR,E01016960,537090,102763,1,1,129,8,0.062,Longhill
BN2 7DS,E01016959,537466,102938,0,0,157,9,0.055,Longhill
BN2 7DT,E01016960,536829,102816,1,1,163,8,0.062,Longhill
BN2 7DU,E01016960,536817,102837,1,1,163,8,0.062,Longhill
BN2 7DW,E01016960,536745,102817,6,5,163,8,0.062,Longhill
BN2 7DX,E01016960,536718,102915,8,5,163,8,0.062,Longhill
BN2 7DY,E01016960,536824,102733,1,1,163,8,0.062,Longhill
BN2 7DZ,E01016960,536972,102843,3,2,163,8,0.062,Longhill
BN2 7EA,E01016960,537212,102833,1,1,129,8,0.062,Longhill
BN2 7EG,E01016960,536638,103026,6,3,163,8,0.062,Longhill
BN2 7FA,E01016960,536607,103191,2,1,163,8,0.062,Longhill
BN2 7FB,E01016960,536517,103122,18,11,132,8,0.062,Longhill
BN2 7FD,E01016960,536497,103213,7,4,132,8,0.062,Longhill
BN2 7FE,E01016962,536381,103331,9,7,131,9,0.046,Longhill
BN2 7FF,E01016962,536286,103565,18,12,131,9,0.046,Longhill
BN2 7FG,E01016962,536345,103612,14,9,131,9,0.046,Longhill
BN2 7FH,E01016960,536425,103354,17,9,132,8,0.062,Longhill
BN2 7FJ,E01016960,536594,103283,5,3,132,8,0.062,Longhill
BN2 7FL,E01016960,536530,103381,5,3,132,8,0.062,Longhill
BN2 7FN,E01016962,536481,103464,5,4,119,9,0.046,Longhill
BN2 7FP,E01016962,536436,103629,16,9,119,9,0.046,Longhill
BN2 7FQ,E01016962,536461,103596,0,0,119,9,0.046,Longhill
BN2 7FR,E01016962,536215,103810,1,0,119,9,0.046,Longhill
BN2 7FS,E01016962,536539,103673,10,9,119,9,0.046,Longhill
BN2 7FT,E01016960,536583,103230,2,2,163,8,0.062,Longhill
BN2 7FX,E01016961,537644,102081,2,1,116,6,0.117,Longhill
BN2 7FY,E01016960,536542,103323,4,2,132,8,0.062,Longhill
BN2 7GA,E01016960,537058,102452,9,4,144,8,0.062,Longhill
BN2 7GD,E01016959,537222,102264,10,4,140,9,0.055,Longhill
BN2 7GE,E01016959,537322,102119,5,3,140,9,0.055,Longhill
BN2 7GF,E01016959,537526,102133,8,6,135,9,0.055,Longhill
BN2 7GG,E01016959,537409,102162,3,1,140,9,0.055,Longhill
BN2 7GH,E01016959,537287,102326,13,6,140,9,0.055,Longhill
BN2 7GJ,E01016959,537366,102198,7,3,140,9,0.055,Longhill
BN2 7GL,E01016959,537430,102374,13,9,135,9,0.055,Longhill
BN2 7GN,E01016959,537612,102344,10,6,108,9,0.055,Longhill
BN2 7GP,E01016959,537548,102229,2,1,135,9,0.055,Longhill
BN2 7GQ,E01016959,537517,102260,7,5,135,9,0.055,Longhill
BN2 7GR,E01016959,537347,102372,3,2,140,9,0.055,Longhill
BN2 7GS,E01016959,537455,102110,2,2,135,9,0.055,Longhill
BN2 7GT,E01016959,537596,102164,7,4,135,9,0.055,Longhill
BN2 7GU,E01016959,537563,102088,2,1,140,9,0.055,Longhill
BN2 7GZ,E01016960,536772,102263,3,2,132,8,0.062,Longhill
BN2 7HA,E01016959,536884,102544,9,6,157,9,0.055,Longhill
BN2 7HD,E01016959,536954,102469,1,1,157,9,0.055,Longhill
BN2 7HE,E01016960,536928,102349,5,4,144,8,0.062,Longhill
BN2 7HF,E01016960,536956,102343,8,5,144,8,0.062,Longhill
BN2 7HG,E01016960,536813,102392,10,6,117,8,0.062,Longhill
BN2 7HH,E01016960,536811,102359,5,3,117,8,0.062,Longhill
BN2 7HJ,E01016960,536834,102234,3,1,132,8,0.062,Longhill
BN2 7HL,E01016960,536882,102268,5,4,117,8,0.062,Longhill
BN2 7HN,E01016960,536832,102310,8,5,117,8,0.062,Longhill
BN2 7HP,E01016960,536908,102230,3,2,144,8,0.062,Longhill
BN2 7HQ,E01016960,537043,102208,6,3,132,8,0.062,Longhill
BN2 7HR,E01016960,537014,102182,2,1,132,8,0.062,Longhill
BN2 7HS,E01016960,537042,102164,6,4,132,8,0.062,Longhill
BN2 7HT,E01016960,536972,102463,1,1,144,8,0.062,Longhill
BN2 7HU,E01016959,536997,102459,0,0,157,9,0.055,Longhill
BN2 7HX,E01016960,536921,102258,1,1,144,8,0.062,Longhill
BN2 7HY,E01016960,537137,102208,7,5,144,8,0.062,Longhill
BN2 7HZ,E01016959,536927,102471,1,0,157,9,0.055,Longhill
BN2 7JB,E01016960,536902,102306,3,3,117,8,0.062,Longhill
BN2 7JD,E01016960,536810,102257,1,0,132,8,0.062,Longhill
BN2 7JP,E01016960,537044,102119,4,3,132,8,0.062,Longhill
BN2 7JR,E01016960,536904,102248,1,0,117,8,0.062,Longhill
BN2 7JT,E01016960,537123,102242,2,2,144,8,0.062,Longhill
BN2 7LA,E01016962,537736,104131,1,1,119,9,0.046,Longhill
BN2 7LB,E01016960,536814,102432,2,2,117,8,0.062,Longhill
BN2 7LE,E01016960,536883,102419,1,1,117,8,0.062,Longhill
BN2 7LG,E01016960,537043,102259,3,2,132,8,0.062,Longhill
BN2 8AA,E01016961,537711,102070,3,1,116,6,0.117,Longhill
BN2 8AB,E01016961,538461,102153,8,6,235,6,0.117,Longhill
BN2 8AD,E01016959,537700,102157,6,3,108,9,0.055,Longhill
BN2 8AE,E01016961,537774,102186,13,7,116,6,0.117,Longhill
BN2 8AF,E01016959,537694,102287,10,4,108,9,0.055,Longhill
BN2 8AG,E01016959,537819,102472,13,8,110,9,0.055,Longhill
BN2 8AH,E01016959,537745,102498,22,12,108,9,0.055,Longhill
BN2 8AJ,E01016959,537655,102432,3,2,108,9,0.055,Longhill
BN2 8AL,E01016958,537679,102739,16,9,114,5,0.13,Longhill
BN2 8AN,E01016958,537716,102666,8,5,114,5,0.13,Longhill
BN2 8AP,E01016958,537814,102854,12,6,114,5,0.13,Longhill
BN2 8AQ,E01016959,537821,102717,15,8,110,9,0.055,Longhill
BN2 8AR,E01016959,537951,102558,9,6,110,9,0.055,Longhill
BN2 8AS,E01016958,537896,102745,12,7,114,5,0.13,Longhill
BN2 8AT,E01016958,538004,102627,6,3,128,5,0.13,Longhill
BN2 8AU,E01016959,537769,102356,1,0,108,9,0.055,Longhill
BN2 8AW,E01016959,537876,102429,2,1,110,9,0.055,Longhill
BN2 8AX,E01016961,538468,102113,10,7,235,6,0.117,Longhill
BN2 8BQ,E01016961,538465,102190,7,5,235,6,0.117,Longhill
BN2 8BS,E01016961,538507,102143,1,1,235,6,0.117,Longhill
BN2 8BT,E01016961,538397,102056,13,9,136,6,0.117,Longhill
BN2 8BU,E01016961,538507,102143,10,7,235,6,0.117,Longhill
BN2 8DW,E01016961,538487,102085,6,6,235,6,0.117,Longhill
BN2 8EZ,E01016958,538305,102577,18,11,135,5,0.13,Longhill
BN2 8FA,E01016958,538112,102680,5,2,116,5,0.13,Longhill
BN2 8FB,E01016958,538176,102587,6,4,135,5,0.13,Longhill
BN2 8FD,E01016958,537933,102814,16,9,116,5,0.13,Longhill
BN2 8FE,E01016958,537908,102790,16,10,116,5,0.13,Longhill
BN2 8FF,E01016958,537974,102960,13,9,120,5,0.13,Longhill
BN2 8FG,E01016958,537988,102872,13,8,116,5,0.13,Longhill
BN2 8FH,E01016958,537913,103036,5,3,120,5,0.13,Longhill
BN2 8FJ,E01016958,538122,102825,11,5,116,5,0.13,Longhill
BN2 8FL,E01016956,538335,102939,12,5,124,6,0.113,Longhill
BN2 8FN,E01016956,538276,103037,6,3,124,6,0.113,Longhill
BN2 8FP,E01016958,538120,103129,8,6,120,5,0.13,Longhill
BN2 8FQ,E01016958,538154,103100,9,6,120,5,0.13,Longhill
BN2 8FR,E01016958,538240,103110,25,13,128,5,0.13,Longhill
BN2 8FS,E01016958,538248,103065,20,9,128,5,0.13,Longhill
BN2 8FT,E01016958,538413,103071,13,7,128,5,0.13,Longhill
BN2 8FU,E01016958,538080,102756,3,1,116,5,0.13,Longhill
BN2 8FX,E01016958,538310,102790,5,3,98,5,0.13,Longhill
BN2 8FY,E01016958,538163,102646,7,6,135,5,0.13,Longhill
BN2 8FZ,E01016958,538243,102618,15,11,135,5,0.13,Longhill
BN2 8GA,E01016958,538172,102934,3,2,120,5,0.13,Longhill
BN2 8GE,E01016961,538436,102174,9,4,235,6,0.117,Longhill
BN2 8GG,E01016958,538084,102656,4,4,128,5,0.13,Longhill
BN2 8GZ,E01016956,538538,103358,5,2,131,6,0.113,Longhill
BN2 8HA,E01016956,538416,102618,9,6,184,6,0.113,Longhill
BN2 8HB,E01016958,538327,102859,10,7,98,5,0.13,Longhill
BN2 8HD,E01016956,538429,102888,5,2,124,6,0.113,Longhill
BN2 8HE,E01016956,538507,102951,10,4,124,6,0.113,Longhill
BN2 8HF,E01016956,538572,103075,17,11,184,6,0.113,Longhill
BN2 8HG,E01016958,538495,103274,8,4,128,5,0.13,Longhill
BN2 8HH,E01016956,538494,103107,8,3,124,6,0.113,Longhill
BN2 8HL,E01016956,538817,103273,17,9,109,6,0.113,Longhill
BN2 8HN,E01016956,538841,103304,21,12,131,6,0.113,Longhill
BN2 8HP,E01016956,539215,103320,2,1,131,6,0.113,Longhill
BN2 8HQ,E01016956,539095,103184,5,3,131,6,0.113,Longhill
BN2 8HR,E01016956,539009,103110,6,4,131,6,0.113,Longhill
BN2 8HS,E01016956,538904,103200,19,10,109,6,0.113,Longhill
BN2 8HT,E01016956,538777,103189,7,4,109,6,0.113,Longhill
BN2 8HU,E01016956,538664,103284,4,2,109,6,0.113,Longhill
BN2 8HW,E01016956,538615,103253,2,2,104,6,0.113,Longhill
BN2 8HX,E01016958,538341,102693,8,5,98,5,0.13,Longhill
BN2 8JJ,E01016956,538666,103594,0,0,131,6,0.113,Longhill
BN2 8LA,E01016961,538276,101938,1,0,136,6,0.117,Longhill
BN2 8LB,E01016961,538288,102029,9,5,136,6,0.117,Longhill
BN2 8LD,E01016961,538292,102095,11,7,127,6,0.117,Longhill
BN2 8LE,E01016961,538474,102272,14,6,166,6,0.117,Longhill
BN2 8LF,E01016961,538356,102059,6,4,235,6,0.117,Longhill
BN2 8LG,E01016961,538393,101994,8,5,136,6,0.117,Longhill
BN2 8LL,E01016961,538371,102269,5,3,166,6,0.117,Longhill
BN2 8LN,E01016961,538457,102257,7,4,166,6,0.117,Longhill
BN2 8LP,E01016961,538325,102354,9,5,166,6,0.117,Longhill
BN2 8LQ,E01016961,538491,102332,15,8,166,6,0.117,Longhill
BN2 8LR,E01016961,538552,102384,13,7,166,6,0.117,Longhill
BN2 8LS,E01016961,538498,102535,19,8,117,6,0.117,Longhill
BN2 8LT,E01016961,538600,102442,14,9,117,6,0.117,Longhill
BN2 8LU,E01016961,538241,101974,4,3,136,6,0.117,Longhill
BN2 8LW,E01016961,538257,101985,2,1,136,6,0.117,Longhill
BN2 8LZ,E01016961,538262,101942,3,3,136,6,0.117,Longhill
BN2 8PQ,E01016956,539132,103163,1,1,131,6,0.113,Longhill
BN2 8QA,E01016956,538592,102798,8,5,68,6,0.113,Longhill
BN2 8QB,E01016956,538612,102884,11,6,68,6,0.113,Longhill
BN2 8QD,E01016956,538779,103048,7,4,184,6,0.113,Longhill
BN2 8QE,E01016956,538660,102952,11,9,184,6,0.113,Longhill
BN2 8QF,E01016956,538737,102993,5,3,184,6,0.113,Longhill
BN2 8QG,E01016956,538626,103034,4,4,104,6,0.113,Longhill
BN2 8QH,E01016956,538702,103117,6,5,104,6,0.113,Longhill
BN2 8QJ,E01016956,538597,103125,3,2,104,6,0.113,Longhill
BN2 8QL,E01016956,538736,103184,11,9,104,6,0.113,Longhill
BN2 8QN,E01016956,538954,103055,15,8,131,6,0.113,Longhill
BN2 8QP,E01016956,538792,102978,9,5,184,6,0.113,Longhill
BN2 8QQ,E01016956,538675,102806,10,6,68,6,0.113,Longhill
BN2 8QR,E01016956,538539,102732,7,5,184,6,0.113,Longhill
BN2 8QS,E01016961,538470,102572,26,18,117,6,0.117,Longhill
BN2 8QT,E01016956,538623,103205,2,1,104,6,0.113,Longhill
BN2 8RB,E01016961,538673,102305,11,7,166,6,0.117,Longhill
BN2 8SA,E01016961,537799,102040,4,2,116,6,0.117,Longhill
BN2 8SB,E01016961,537853,102206,20,10,116,6,0.117,Longhill
BN2 8SD,E01016958,538047,102511,10,5,128,5,0.13,Longhill
BN2 8SE,E01016958,538150,102544,2,1,128,5,0.13,Longhill
BN2 8SF,E01016958,538097,102451,11,6,128,5,0.13,Longhill
BN2 8SG,E01016961,537979,102333,6,3,116,6,0.117,Longhill
BN2 8SH,E01016961,537925,102183,18,11,127,6,0.117,Longhill
BN2 8SJ,E01016961,538008,102298,12,8,127,6,0.117,Longhill
BN2 8SL,E01016961,538283,102181,13,6,127,6,0.117,Longhill
BN2 8SN,E01016961,538162,101986,2,1,136,6,0.117,Longhill
BN2 8SP,E01016961,538073,102075,0,0,136,6,0.117,Longhill
BN2 8SQ,E01016961,538069,101950,0,0,136,6,0.117,Longhill
BN2 8SR,E01016961,537958,102028,5,3,127,6,0.117,Longhill
BN2 9AA,E01016947,531572,104658,7,5,189,1,0.354,VarndeanStringer
BN2 9AB,E01016947,531547,104655,6,5,189,1,0.354,VarndeanStringer
BN2 9AD,E01016895,532729,105062,16,11,178,1,0.35,VarndeanStringer
BN2 9AE,E01016895,532751,105107,17,13,178,1,0.35,VarndeanStringer
BN2 9AF,E01016895,532769,105055,7,6,118,1,0.35,VarndeanStringer
BN2 9AG,E01016895,532768,105037,6,4,118,1,0.35,VarndeanStringer
BN2 9AJ,E01016947,531539,104762,2,2,151,1,0.354,VarndeanStringer
BN2 9AL,E01016947,531498,104513,0,0,177,1,0.354,VarndeanStringer
BN2 9AN,E01016947,531498,104513,0,0,177,1,0.354,VarndeanStringer
BN2 9DJ,E01016896,532071,105070,2,2,116,8,0.069,VarndeanStringer
BN2 9HS,E01016948,531652,104453,0,0,122,5,0.157,VarndeanStringer
BN2 9HU,E01016894,531815,105195,2,2,132,4,0.196,VarndeanStringer
BN2 9JA,E01016941,531384,104285,8,3,183,1,0.345,VarndeanStringer
BN2 9JS,E01016947,531710,104696,16,12,116,1,0.354,VarndeanStringer
BN2 9LS,E01016896,531764,104929,0,0,141,8,0.069,VarndeanStringer
BN2 9LT,E01016947,531498,104859,3,2,151,1,0.354,VarndeanStringer
BN2 9NA,E01016947,531495,104814,15,9,151,1,0.354,VarndeanStringer
BN2 9NB,E01016894,531506,104886,1,1,149,4,0.196,VarndeanStringer
BN2 9ND,E01016894,531543,104899,5,3,149,4,0.196,VarndeanStringer
BN2 9NE,E01016947,531528,104822,9,5,151,1,0.354,VarndeanStringer
BN2 9NF,E01016947,531578,104728,7,3,121,1,0.354,VarndeanStringer
BN2 9NG,E01016947,531609,104776,19,10,101,1,0.354,VarndeanStringer
BN2 9NH,E01016947,531639,104805,2,1,101,1,0.354,VarndeanStringer
BN2 9NJ,E01016947,531635,104723,22,12,121,1,0.354,VarndeanStringer
BN2 9NL,E01016947,531671,104768,14,9,116,1,0.354,VarndeanStringer
BN2 9NN,E01016947,531596,104840,15,9,101,1,0.354,VarndeanStringer
BN2 9NP,E01016894,531691,104815,7,5,149,4,0.196,VarndeanStringer
BN2 9NQ,E01016896,531758,104918,5,4,141,8,0.069,VarndeanStringer
BN2 9NR,E01016894,531673,104908,21,11,149,4,0.196,VarndeanStringer
BN2 9NS,E01016896,531741,104867,24,16,141,8,0.069,VarndeanStringer
BN2 9NT,E01016896,531765,104857,9,6,141,8,0.069,VarndeanStringer
BN2 9NU,E01016896,531790,104834,29,17,141,8,0.069,VarndeanStringer
BN2 9NW,E01016897,531822,104706,13,8,137,6,0.125,VarndeanStringer
BN2 9NX,E01016948,531936,104616,6,4,115,5,0.157,VarndeanStringer
BN2 9NY,E01016897,531818,104806,17,11,137,6,0.125,VarndeanStringer
BN2 9NZ,E01016948,531886,104626,3,2,95,5,0.157,VarndeanStringer
BN2 9PA,E01016948,531805,104688,17,14,95,5,0.157,VarndeanStringer
BN2 9PD,E01016948,531814,104635,18,13,95,5,0.157,VarndeanStringer
BN2 9PE,E01016948,531932,104598,7,5,115,5,0.157,VarndeanStringer
BN2 9PF,E01016947,531544,104870,0,0,151,1,0.354,VarndeanStringer
BN2 9PH,E01016947,531542,104725,2,1,151,1,0.354,VarndeanStringer
BN2 9PJ,E01016947,531663,104694,21,12,121,1,0.354,VarndeanStringer
BN2 9PL,E01016947,531682,104723,6,2,116,1,0.354,VarndeanStringer
BN2 9PN,E01016947,531557,104810,3,3,151,1,0.354,VarndeanStringer
BN2 9PP,E01016947,531581,104781,3,3,101,1,0.354,VarndeanStringer
BN2 9QA,E01016947,531426,104479,2,2,177,1,0.354,VarndeanStringer
BN2 9QB,E01016947,531472,104628,3,2,177,1,0.354,VarndeanStringer
BN2 9QE,E01016947,531526,104632,3,2,189,1,0.354,VarndeanStringer
BN2 9QF,E01016947,531443,104493,0,0,177,1,0.354,VarndeanStringer
BN2 9QG,E01016947,531537,104481,56,17,116,1,0.354,VarndeanStringer
BN2 9QH,E01016947,531561,104457,15,16,116,1,0.354,VarndeanStringer
BN2 9QJ,E01016948,531673,104590,17,8,121,5,0.157,VarndeanStringer
BN2 9QN,E01016947,531498,104626,0,0,189,1,0.354,VarndeanStringer
BN2 9QP,E01016947,531623,104593,13,9,189,1,0.354,VarndeanStringer
BN2 9QQ,E01016947,531625,104655,15,9,189,1,0.354,VarndeanStringer
BN2 9QR,E01016947,531552,104588,3,3,189,1,0.354,VarndeanStringer
BN2 9QS,E01016948,531738,104572,18,9,121,5,0.157,VarndeanStringer
BN2 9QT,E01016948,531786,104568,25,14,121,5,0.157,VarndeanStringer
BN2 9QU,E01016948,531808,104560,22,12,121,5,0.157,VarndeanStringer
BN2 9QW,E01016948,531694,104513,7,4,122,5,0.157,VarndeanStringer
BN2 9RA,E01016947,531452,104545,0,0,177,1,0.354,VarndeanStringer
BN2 9RB,E01016947,531654,104645,4,5,121,1,0.354,VarndeanStringer
BN2 9RD,E01016947,531613,104544,2,2,189,1,0.354,VarndeanStringer
BN2 9RE,E01016947,531556,104549,1,3,116,1,0.354,VarndeanStringer
BN2 9RR,E01016947,531648,104535,2,2,189,1,0.354,VarndeanStringer
BN2 9RS,E01016948,531712,104587,1,2,121,5,0.157,VarndeanStringer
BN2 9RU,E01016941,531420,104290,5,3,183,1,0.345,VarndeanStringer
BN2 9SA,E01016894,531584,104986,6,4,188,4,0.196,VarndeanStringer
BN2 9SB,E01016894,531749,105143,7,4,132,4,0.196,VarndeanStringer
BN2 9SD,E01016894,531776,105221,1,0,132,4,0.196,VarndeanStringer
BN2 9SE,E01016894,531922,105201,6,3,132,4,0.196,VarndeanStringer
BN2 9SF,E01016896,532055,105084,14,9,116,8,0.069,VarndeanStringer
BN2 9SG,E01016896,532030,105075,8,6,114,8,0.069,VarndeanStringer
BN2 9SH,E01016894,531891,105199,3,2,132,4,0.196,VarndeanStringer
BN2 9SJ,E01016897,532070,104895,10,6,163,6,0.125,VarndeanStringer
BN2 9SL,E01016893,532110,104889,8,6,123,8,0.071,VarndeanStringer
BN2 9SN,E01016894,531832,105084,18,14,154,4,0.196,VarndeanStringer
BN2 9SP,E01016894,531819,105099,23,12,96,4,0.196,VarndeanStringer
BN2 9SQ,E01016894,531864,105064,36,23,154,4,0.196,VarndeanStringer
BN2 9SR,E01016896,531892,105041,35,22,92,8,0.069,VarndeanStringer
BN2 9SS,E01016894,531779,105116,11,7,188,4,0.196,VarndeanStringer
BN2 9ST,E01016894,531794,105104,17,13,96,4,0.196,VarndeanStringer
BN2 9SU,E01016893,532129,104943,3,2,123,8,0.071,VarndeanStringer
BN2 9SW,E01016894,531807,105240,1,1,132,4,0.196,VarndeanStringer
BN2 9SX,E01016897,532100,104844,4,4,163,6,0.125,VarndeanStringer
BN2 9SY,E01016894,531615,105024,8,7,188,4,0.196,VarndeanStringer
BN2 9TJ,E01016893,532134,105099,17,12,123,8,0.071,VarndeanStringer
BN2 9TL,E01016893,532126,105144,12,8,123,8,0.071,VarndeanStringer
BN2 9TN,E01016896,532084,105162,27,17,116,8,0.069,VarndeanStringer
BN2 9TP,E01016896,532001,105194,15,11,116,8,0.069,VarndeanStringer
BN2 9TQ,E01016891,531956,105214,7,4,150,5,0.134,VarndeanStringer
BN2 9TR,E01016891,531931,105210,1,1,150,5,0.134,VarndeanStringer
BN2 9UA,E01016894,531720,105016,4,3,188,4,0.196,VarndeanStringer
BN2 9UB,E01016894,531735,105096,0,0,188,4,0.196,VarndeanStringer
BN2 9UD,E01016896,531823,104925,12,10,130,8,0.069,VarndeanStringer
BN2 9UE,E01016897,531920,104836,16,9,142,6,0.125,VarndeanStringer
BN2 9UF,E01016897,532018,104750,9,7,143,6,0.125,VarndeanStringer
BN2 9UG,E01016896,531918,105011,13,9,130,8,0.069,VarndeanStringer
BN2 9UH,E01016896,531902,105019,17,11,130,8,0.069,VarndeanStringer
BN2 9UJ,E01016896,531907,104967,4,2,114,8,0.069,VarndeanStringer
BN2 9UL,E01016896,531939,105006,2,1,114,8,0.069,VarndeanStringer
BN2 9UN,E01016896,531980,105049,5,4,114,8,0.069,VarndeanStringer
BN2 9UP,E01016896,531952,104983,13,8,114,8,0.069,VarndeanStringer
BN2 9UQ,E01016896,531964,104963,12,12,102,8,0.069,VarndeanStringer
BN2 9UR,E01016896,531977,104947,15,10,102,8,0.069,VarndeanStringer
BN2 9US,E01016897,531984,104923,19,11,161,6,0.125,VarndeanStringer
BN2 9UT,E01016897,531990,104898,35,20,161,6,0.125,VarndeanStringer
BN2 9UU,E01016897,532029,104860,9,7,161,6,0.125,VarndeanStringer
BN2 9UW,E01016897,531988,104687,26,17,143,6,0.125,VarndeanStringer
BN2 9UX,E01016897,532067,104795,15,9,143,6,0.125,VarndeanStringer
BN2 9UY,E01016897,531950,104711,27,14,143,6,0.125,VarndeanStringer
BN2 9UZ,E01016897,531902,104725,12,9,137,6,0.125,VarndeanStringer
BN2 9WA,E01016897,531857,104770,22,16,142,6,0.125,VarndeanStringer
BN2 9WB,E01016897,531829,104793,23,15,142,6,0.125,VarndeanStringer
BN2 9WD,E01016897,532006,104783,5,4,163,6,0.125,VarndeanStringer
BN2 9WE,E01016897,532047,104819,14,8,163,6,0.125,VarndeanStringer
BN2 9WP,E01016894,531569,104970,2,2,149,4,0.196,VarndeanStringer
BN2 9WQ,E01016894,531600,104948,4,2,149,4,0.196,VarndeanStringer
BN2 9WR,E01016894,531624,104927,23,14,149,4,0.196,VarndeanStringer
BN2 9WY,E01016941,531393,104315,2,1,183,1,0.345,VarndeanStringer
BN2 9XA,E01016893,532197,105135,14,12,142,8,0.071,VarndeanStringer
BN2 9XB,E01016893,532276,105080,22,14,121,8,0.071,VarndeanStringer
BN2 9XD,E01016893,532251,105086,22,12,142,8,0.071,VarndeanStringer
BN2 9XE,E01016893,532185,104968,18,11,142,8,0.071,VarndeanStringer
BN2 9XF,E01016893,532186,104940,25,12,135,8,0.071,VarndeanStringer
BN2 9XG,E01016893,532200,104923,19,12,135,8,0.071,VarndeanStringer
BN2 9XH,E01016893,532206,104902,16,11,135,8,0.071,VarndeanStringer
BN2 9XJ,E01016893,532344,105007,11,7,123,8,0.071,VarndeanStringer
BN2 9XL,E01016893,532469,105129,17,8,120,8,0.071,VarndeanStringer
BN2 9XN,E01016893,532464,105165,8,5,120,8,0.071,VarndeanStringer
BN2 9XP,E01016893,532422,105148,14,8,120,8,0.071,VarndeanStringer
BN2 9XQ,E01016893,532400,105134,9,6,120,8,0.071,VarndeanStringer
BN2 9XR,E01016893,532381,105124,14,8,123,8,0.071,VarndeanStringer
BN2 9XS,E01016893,532359,105116,13,9,123,8,0.071,VarndeanStringer
BN2 9XT,E01016893,532340,105105,15,10,123,8,0.071,VarndeanStringer
BN2 9XU,E01016893,532318,105098,17,12,121,8,0.071,VarndeanStringer
BN2 9XW,E01016893,532299,105077,19,12,121,8,0.071,VarndeanStringer
BN2 9YA,E01016946,532328,104745,20,9,112,9,0.048,VarndeanStringer
BN2 9YB,E01016946,532386,104605,12,9,73,9,0.048,VarndeanStringer
BN2 9YD,E01016946,532544,104695,44,25,108,9,0.048,VarndeanStringer
BN2 9YE,E01016946,532504,104702,38,22,73,9,0.048,VarndeanStringer
BN2 9YF,E01016895,532783,104890,29,13,125,1,0.35,VarndeanStringer
BN2 9YG,E01016895,532746,104844,22,13,125,1,0.35,VarndeanStringer
BN2 9YH,E01016895,532770,104932,43,22,125,1,0.35,VarndeanStringer
BN2 9YJ,E01016895,532634,104925,25,14,110,1,0.35,VarndeanStringer
BN2 9YL,E01016895,532543,104916,14,6,110,1,0.35,VarndeanStringer
BN2 9YN,E01016895,532663,104977,35,18,89,1,0.35,VarndeanStringer
BN2 9YP,E01016895,532534,104996,32,17,89,1,0.35,VarndeanStringer
BN2 9YR,E01016893,532143,105049,1,2,142,8,0.071,VarndeanStringer
BN2 9YU,E01016897,531994,104834,7,6,161,6,0.125,VarndeanStringer
BN2 9YY,E01016946,532411,104624,2,1,73,9,0.048,VarndeanStringer
BN2 9ZA,E01016893,532220,104879,15,10,135,8,0.071,VarndeanStringer
BN2 9ZB,E01016946,532253,104871,14,5,98,9,0.048,VarndeanStringer
BN2 9ZD,E01016946,532293,104854,28,16,227,9,0.048,VarndeanStringer
BN2 9ZE,E01016946,532381,104804,24,14,227,9,0.048,VarndeanStringer
BN2 9ZF,E01016946,532494,104759,38,23,227,9,0.048,VarndeanStringer
BN2 9ZG,E01016946,532419,104848,35,21,227,9,0.048,VarndeanStringer
BN2 9ZH,E01016946,532430,104882,20,12,227,9,0.048,VarndeanStringer
BN2 9ZJ,E01016895,532507,104885,15,10,110,1,0.35,VarndeanStringer
BN2 9ZL,E01016892,532481,105095,33,19,132,6,0.111,VarndeanStringer
BN2 9ZN,E01016895,532593,105108,59,26,178,1,0.35,VarndeanStringer
BN2 9ZP,E01016895,532644,105074,43,24,178,1,0.35,VarndeanStringer
BN2 9ZQ,E01016895,532486,104892,9,5,110,1,0.35,VarndeanStringer
BN3 1AE,E01016850,529963,104469,5,4,173,7,0.076,HoveBlatchington
BN3 1AF,E01016851,529805,104500,7,4,164,8,0.074,HoveBlatchington
BN3 1AG,E01016850,529994,104426,2,1,122,7,0.076,HoveBlatchington
BN3 1AH,E01016850,529921,104336,8,6,134,7,0.076,HoveBlatchington
BN3 1AJ,E01016850,529963,104412,6,3,122,7,0.076,HoveBlatchington
BN3 1AL,E01016850,529964,104444,4,3,122,7,0.076,HoveBlatchington
BN3 1AN,E01016850,529912,104427,10,8,173,7,0.076,HoveBlatchington
BN3 1AP,E01016850,529960,104373,1,1,122,7,0.076,HoveBlatchington
BN3 1AQ,E01016850,529891,104317,10,7,134,7,0.076,HoveBlatchington
BN3 1AR,E01016850,529949,104276,2,1,114,7,0.076,HoveBlatchington
BN3 1AS,E01016850,529896,104451,7,5,173,7,0.076,HoveBlatchington
BN3 1AT,E01016850,529853,104335,15,12,133,7,0.076,HoveBlatchington
BN3 1AU,E01016850,529833,104353,13,8,133,7,0.076,HoveBlatchington
BN3 1AW,E01016851,529840,104476,0,0,164,8,0.074,HoveBlatchington
BN3 1AY,E01016850,529940,104434,5,3,173,7,0.076,HoveBlatchington
BN3 1AZ,E01016850,529949,104363,1,1,122,7,0.076,HoveBlatchington
BN3 1BA,E01016853,529576,104621,1,1,161,6,0.119,HoveBlatchington
BN3 1BB,E01016851,529856,104450,1,1,164,8,0.074,HoveBlatchington
BN3 1BG,E01016850,529966,104389,1,1,122,7,0.076,HoveBlatchington
BN3 1DE,E01016854,529878,104632,17,15,114,4,0.188,HoveBlatchington
BN3 1DF,E01016854,529908,104598,19,9,120,4,0.188,HoveBlatchington
BN3 1DG,E01016854,529940,104584,6,4,119,4,0.188,HoveBlatchington
BN3 1DH,E01016854,529973,104590,17,13,135,4,0.188,HoveBlatchington
BN3 1DJ,E01016854,530011,104589,14,11,106,4,0.188,HoveBlatchington
BN3 1DL,E01016854,530037,104567,16,5,135,4,0.188,HoveBlatchington
BN3 1DN,E01016877,530032,104677,9,4,221,4,0.179,HoveBlatchington
BN3 1DP,E01016854,530077,104638,1,0,135,4,0.188,HoveBlatchington
BN3 1EA,E01016851,529759,104504,3,2,164,8,0.074,HoveBlatchington
BN3 1EB,E01016851,529804,104488,2,2,164,8,0.074,HoveBlatchington
BN3 1ED,E01016851,529737,104477,8,5,114,8,0.074,HoveBlatchington
BN3 1EE,E01016851,529706,104402,9,7,114,8,0.074,HoveBlatchington
BN3 1EF,E01016851,529686,104330,11,6,121,8,0.074,HoveBlatchington
BN3 1EG,E01016850,529815,104303,12,10,133,7,0.076,HoveBlatchington
BN3 1EH,E01016851,529814,104373,11,8,164,8,0.074,HoveBlatchington
BN3 1EJ,E01016851,529826,104444,11,7,164,8,0.074,HoveBlatchington
BN3 1EL,E01016851,529669,104387,12,8,121,8,0.074,HoveBlatchington
BN3 1FA,E01016852,529733,104546,2,2,115,5,0.145,HoveBlatchington
BN3 1FB,E01016852,529748,104642,15,14,115,5,0.145,HoveBlatchington
BN3 1FD,E01016852,529770,104644,3,2,148,5,0.145,HoveBlatchington
BN3 1FE,E01016877,529670,104810,3,2,124,4,0.179,HoveBlatchington
BN3 1FF,E01016852,529675,104772,1,1,215,5,0.145,HoveBlatchington
BN3 1FG,E01016852,529684,104579,6,5,148,5,0.145,HoveBlatchington
BN3 1FH,E01016852,529705,104651,8,6,126,5,0.145,HoveBlatchington
BN3 1FJ,E01016852,529729,104729,8,6,215,5,0.145,HoveBlatchington
BN3 1FL,E01016852,529651,104598,6,5,148,5,0.145,HoveBlatchington
BN3 1FN,E01016852,529673,104673,7,5,126,5,0.145,HoveBlatchington
BN3 1FP,E01016852,529691,104738,6,4,215,5,0.145,HoveBlatchington
BN3 1FQ,E01016852,529633,104639,6,5,148,5,0.145,HoveBlatchington
BN3 1FR,E01016852,529658,104723,7,5,215,5,0.145,HoveBlatchington
BN3 1FS,E01016853,529612,104650,8,8,161,6,0.119,HoveBlatchington
BN3 1FT,E01016853,529634,104741,8,7,161,6,0.119,HoveBlatchington
BN3 1FX,E01016852,529765,104700,4,3,115,5,0.145,HoveBlatchington
BN3 1FY,E01016877,529708,104799,2,3,124,4,0.179,HoveBlatchington
BN3 1FZ,E01016877,529761,104772,1,0,124,4,0.179,HoveBlatchington
BN3 1GB,E01016853,529472,104852,5,3,154,6,0.119,HoveBlatchington
BN3 1GN,E01016876,530309,105072,2,1,144,6,0.117,HoveBlatchington
BN3 1GP,E01016876,530294,105022,2,1,138,6,0.117,HoveBlatchington
BN3 1HA,E01016851,529537,104306,12,11,82,8,0.074,HoveBlatchington
BN3 1HB,E01016851,529582,104374,5,5,158,8,0.074,HoveBlatchington
BN3 1HD,E01016851,529551,104341,6,3,67,8,0.074,HoveBlatchington
BN3 1HE,E01016851,529560,104420,9,6,67,8,0.074,HoveBlatchington
BN3 1HF,E01016852,529615,104469,12,10,172,5,0.145,HoveBlatchington
BN3 1HG,E01016851,529634,104406,14,10,158,8,0.074,HoveBlatchington
BN3 1HH,E01016852,529658,104490,9,6,172,5,0.145,HoveBlatchington
BN3 1HJ,E01016851,529649,104288,12,8,88,8,0.074,HoveBlatchington
BN3 1HL,E01016850,529826,104254,9,6,114,7,0.076,HoveBlatchington
BN3 1HN,E01016850,529917,104233,3,3,114,7,0.076,HoveBlatchington
BN3 1HS,E01016876,529820,105200,7,7,108,6,0.117,HoveBlatchington
BN3 1JB,E01016852,529618,104573,1,1,148,5,0.145,HoveBlatchington
BN3 1JD,E01016852,529623,104534,11,6,172,5,0.145,HoveBlatchington
BN3 1JE,E01016851,529550,104496,7,5,229,8,0.074,HoveBlatchington
BN3 1JF,E01016851,529532,104406,3,2,229,8,0.074,HoveBlatchington
BN3 1JG,E01016851,529587,104479,10,6,67,8,0.074,HoveBlatchington
BN3 1JH,E01016851,529548,104393,3,1,67,8,0.074,HoveBlatchington
BN3 1JJ,E01016849,529512,104473,7,5,100,7,0.086,HoveBlatchington
BN3 1JL,E01016853,529546,104643,0,0,121,6,0.119,HoveBlatchington
BN3 1JN,E01016853,529606,104711,2,2,161,6,0.119,HoveBlatchington
BN3 1JP,E01016877,529635,104893,10,6,124,4,0.179,HoveBlatchington
BN3 1JQ,E01016874,529654,105200,3,4,113,4,0.16,HoveBlatchington
BN3 1JR,E01016874,529649,105165,7,4,100,4,0.16,HoveBlatchington
BN3 1JS,E01016877,529679,105100,3,1,172,4,0.179,HoveBlatchington
BN3 1JT,E01016851,529558,104366,4,2,67,8,0.074,HoveBlatchington
BN3 1JU,E01016874,529620,105020,12,7,101,4,0.16,HoveBlatchington
BN3 1JW,E01016853,529554,104679,13,11,121,6,0.119,HoveBlatchington
BN3 1LU,E01016874,529631,105075,6,6,101,4,0.16,HoveBlatchington
BN3 1NA,E01016854,529823,104580,12,11,109,4,0.188,HoveBlatchington
BN3 1NB,E01016854,529843,104673,10,9,152,4,0.188,HoveBlatchington
BN3 1ND,E01016852,529783,104596,18,12,148,5,0.145,HoveBlatchington
BN3 1NE,E01016854,529796,104684,9,7,152,4,0.188,HoveBlatchington
BN3 1NF,E01016877,529905,104779,14,11,168,4,0.179,HoveBlatchington
BN3 1NG,E01016877,529905,104779,12,10,168,4,0.179,HoveBlatchington
BN3 1NH,E01016877,529905,104779,8,6,168,4,0.179,HoveBlatchington
BN3 1NJ,E01016877,529905,104779,11,9,168,4,0.179,HoveBlatchington
BN3 1PA,E01016877,529834,104815,6,2,124,4,0.179,HoveBlatchington
BN3 1PB,E01016877,529896,104858,6,5,124,4,0.179,HoveBlatchington
BN3 1PD,E01016877,529896,104858,5,3,124,4,0.179,HoveBlatchington
BN3 1PE,E01016877,529896,104858,4,3,124,4,0.179,HoveBlatchington
BN3 1PF,E01016877,529896,104858,6,5,124,4,0.179,HoveBlatchington
BN3 1PG,E01016877,530021,104830,9,7,221,4,0.179,HoveBlatchington
BN3 1PH,E01016877,530092,104745,18,12,221,4,0.179,HoveBlatchington
BN3 1PJ,E01016876,530197,104929,19,12,146,6,0.117,HoveBlatchington
BN3 1PL,E01016876,530040,105074,15,8,146,6,0.117,HoveBlatchington
BN3 1PN,E01016876,530114,104865,3,3,146,6,0.117,HoveBlatchington
BN3 1PP,E01016876,529999,104882,5,3,146,6,0.117,HoveBlatchington
BN3 1PQ,E01016876,530184,105039,2,1,138,6,0.117,HoveBlatchington
BN3 1PR,E01016876,529852,105114,4,3,108,6,0.117,HoveBlatchington
BN3 1PS,E01016877,530150,104847,4,3,221,4,0.179,HoveBlatchington
BN3 1PT,E01016877,530075,104824,5,4,221,4,0.179,HoveBlatchington
BN3 1PU,E01016876,530047,104897,23,18,146,6,0.117,HoveBlatchington
BN3 1PY,E01016876,530195,104984,6,6,138,6,0.117,HoveBlatchington
BN3 1QA,E01016876,530472,105126,13,11,144,6,0.117,HoveBlatchington
BN3 1QB,E01016876,530306,105112,9,7,144,6,0.117,HoveBlatchington
BN3 1QD,E01016876,530326,105070,2,1,144,6,0.117,HoveBlatchington
BN3 1QE,E01016951,530462,105079,1,1,155,5,0.135,HoveBlatchington
BN3 1QG,E01016853,529582,104595,2,2,161,6,0.119,HoveBlatchington
BN3 1RA,E01016876,530148,105127,29,17,128,6,0.117,HoveBlatchington
BN3 1RB,E01016876,530109,105095,21,14,128,6,0.117,HoveBlatchington
BN3 1RD,E01016875,530033,105213,13,9,118,10,0.035,HoveBlatchington
BN3 1RE,E01016876,529849,105199,0,1,108,6,0.117,HoveBlatchington
BN3 1RF,E01016876,529905,105143,3,2,108,6,0.117,HoveBlatchington
BN3 1RH,E01016877,529799,105101,4,3,172,4,0.179,HoveBlatchington
BN3 1RJ,E01016877,529715,105050,7,3,172,4,0.179,HoveBlatchington
BN3 1RL,E01016877,529840,104908,15,11,124,4,0.179,HoveBlatchington
BN3 1RN,E01016877,529778,104829,9,5,124,4,0.179,HoveBlatchington
BN3 1RP,E01016877,529800,105129,5,3,172,4,0.179,HoveBlatchington
BN3 1RQ,E01016877,529669,105059,6,4,172,4,0.179,HoveBlatchington
BN3 1RS,E01016877,529812,104835,1,0,124,4,0.179,HoveBlatchington
BN3 1RT,E01016877,529715,105008,1,1,172,4,0.179,HoveBlatchington
BN3 1RU,E01016877,529720,104784,4,5,124,4,0.179,HoveBlatchington
BN3 1RW,E01016877,529772,105081,20,15,172,4,0.179,HoveBlatchington
BN3 1SJ,E01016876,529864,105147,5,5,108,6,0.117,HoveBlatchington
BN3 1TA,E01016875,530118,105204,15,8,118,10,0.035,HoveBlatchington
BN3 1TB,E01016876,530114,105176,16,8,128,6,0.117,HoveBlatchington
BN3 1TD,E01016876,530220,105140,12,6,138,6,0.117,HoveBlatchington
BN3 1TE,E01016876,530257,105005,8,5,138,6,0.117,HoveBlatchington
BN3 1TF,E01016875,530224,105213,5,4,120,10,0.035,HoveBlatchington
BN3 1TG,E01016876,530327,105192,17,12,110,6,0.117,HoveBlatchington
BN3 1TH,E01016876,530448,105154,12,8,87,6,0.117,HoveBlatchington
BN3 1TJ,E01016876,530517,105184,2,1,87,6,0.117,HoveBlatchington
BN3 1TL,E01016875,530380,105346,8,7,120,10,0.035,HoveBlatchington
BN3 1TN,E01016876,530433,105210,8,4,87,6,0.117,HoveBlatchington
BN3 1TP,E01016876,530324,105217,9,3,110,6,0.117,HoveBlatchington
BN3 1TQ,E01016875,530319,105246,15,8,120,10,0.035,HoveBlatchington
BN3 1TR,E01016875,530129,105230,19,9,118,10,0.035,HoveBlatchington
BN3 1TS,E01016875,530148,105256,23,14,118,10,0.035,HoveBlatchington
BN3 1TT,E01016876,530256,105071,1,0,138,6,0.117,HoveBlatchington
BN3 1UA,E01016876,530405,105213,1,0,87,6,0.117,HoveBlatchington
BN3 1WA,E01016874,529687,105300,2,1,90,4,0.16,HoveBlatchington
BN3 1WB,E01016851,529656,104348,1,1,121,8,0.074,HoveBlatchington
BN3 1WD,E01016877,529714,105097,2,1,172,4,0.179,HoveBlatchington
BN3 1WE,E01016877,529752,105134,7,5,172,4,0.179,HoveBlatchington
BN3 1WF,E01016874,529695,105148,6,6,100,4,0.16,HoveBlatchington
BN3 1WG,E01016874,529708,105185,12,11,100,4,0.16,HoveBlatchington
BN3 1WQ,E01016874,529738,105174,10,8,100,4,0.16,HoveBlatchington
BN3 2AB,E01016860,528434,104833,7,4,193,6,0.115,HoveBlatchington
BN3 2AD,E01016857,528670,104788,1,1,144,5,0.156,HoveBlatchington
BN3 2AE,E01016855,528767,104775,3,2,118,2,0.26,HoveBlatchington
BN3 2AF,E01016855,528861,104758,0,0,109,2,0.26,HoveBlatchington
BN3 2BA,E01016856,529051,104722,5,2,192,5,0.127,HoveBlatchington
BN3 2BB,E01016856,529173,104708,0,0,192,5,0.127,HoveBlatchington
BN3 2BD,E01016849,529248,104695,2,1,130,7,0.086,HoveBlatchington
BN3 2BE,E01016853,529341,104679,1,1,133,6,0.119,HoveBlatchington
BN3 2BH,E01016859,528878,104487,4,3,147,5,0.129,HoveBlatchington
BN3 2DA,E01016857,528463,104754,12,6,124,5,0.156,HoveBlatchington
BN3 2DB,E01016857,528398,104591,12,6,105,5,0.156,HoveBlatchington
BN3 2DD,E01016857,528366,104622,11,4,124,5,0.156,HoveBlatchington
BN3 2DE,E01016857,528350,104705,4,3,124,5,0.156,HoveBlatchington
BN3 2DF,E01016857,528330,104652,5,3,124,5,0.156,HoveBlatchington
BN3 2DG,E01016857,528325,104663,5,5,124,5,0.156,HoveBlatchington
BN3 2DH,E01016988,528306,104727,4,2,161,8,0.07,HoveBlatchington
BN3 2DJ,E01016860,528446,104796,7,5,193,6,0.115,HoveBlatchington
BN3 2DL,E01016857,528633,104760,3,2,144,5,0.156,HoveBlatchington
BN3 2DN,E01016857,528369,104786,9,5,124,5,0.156,HoveBlatchington
BN3 2DW,E01016857,528361,104720,1,1,124,5,0.156,HoveBlatchington
BN3 2EA,E01016858,528759,104732,1,1,145,8,0.071,HoveBlatchington
BN3 2EB,E01016855,528868,104716,3,2,109,2,0.26,HoveBlatchington
BN3 2EZ,E01016849,529328,104558,1,1,135,7,0.086,HoveBlatchington
BN3 2FA,E01016853,529477,104661,10,8,133,6,0.119,HoveBlatchington
BN3 2FB,E01016849,529315,104497,15,9,135,7,0.086,HoveBlatchington
BN3 2FD,E01016849,529286,104370,4,3,135,7,0.086,HoveBlatchington
BN3 2FE,E01016849,529289,104453,8,7,135,7,0.086,HoveBlatchington
BN3 2FF,E01016849,529298,104533,9,6,91,7,0.086,HoveBlatchington
BN3 2FG,E01016849,529231,104445,15,9,129,7,0.086,HoveBlatchington
BN3 2FH,E01016849,529253,104559,16,12,130,7,0.086,HoveBlatchington
BN3 2FJ,E01016849,529321,104614,1,1,91,7,0.086,HoveBlatchington
BN3 2FL,E01016849,529266,104650,3,2,130,7,0.086,HoveBlatchington
BN3 2FN,E01016856,529148,104669,5,4,151,5,0.127,HoveBlatchington
BN3 2FP,E01016856,529024,104691,2,2,151,5,0.127,HoveBlatchington
BN3 2FQ,E01016856,529102,104676,1,1,151,5,0.127,HoveBlatchington
BN3 2FS,E01016856,529062,104684,1,1,151,5,0.127,HoveBlatchington
BN3 2FT,E01016849,529324,104516,1,1,135,7,0.086,HoveBlatchington
BN3 2FX,E01016849,529329,104534,1,1,135,7,0.086,HoveBlatchington
BN3 2GT,E01016849,529267,104362,4,3,135,7,0.086,HoveBlatchington
BN3 2GZ,E01016858,528757,104530,2,1,145,8,0.071,HoveBlatchington
BN3 2HA,E01016853,529517,104655,2,2,133,6,0.119,HoveBlatchington
BN3 2JA,E01016849,529475,104484,5,4,100,7,0.086,HoveBlatchington
BN3 2JB,E01016849,529486,104548,9,6,125,7,0.086,HoveBlatchington
BN3 2JD,E01016851,529473,104340,8,5,82,8,0.074,HoveBlatchington
BN3 2JE,E01016849,529482,104387,6,4,100,7,0.086,HoveBlatchington
BN3 2JF,E01016849,529472,104432,8,5,100,7,0.086,HoveBlatchington
BN3 2JG,E01016849,529365,104461,5,3,120,7,0.086,HoveBlatchington
BN3 2JH,E01016849,529336,104418,14,9,120,7,0.086,HoveBlatchington
BN3 2JJ,E01016849,529325,104370,5,3,120,7,0.086,HoveBlatchington
BN3 2JL,E01016849,529316,104365,4,3,120,7,0.086,HoveBlatchington
BN3 2JN,E01016849,529382,104573,6,4,125,7,0.086,HoveBlatchington
BN3 2JP,E01016849,529372,104520,6,4,125,7,0.086,HoveBlatchington
BN3 2JQ,E01016849,529487,104583,0,0,125,7,0.086,HoveBlatchington
BN3 2LA,E01016859,529113,104479,4,3,102,5,0.129,HoveBlatchington
BN3 2LB,E01016859,529118,104510,1,1,117,5,0.129,HoveBlatchington
BN3 2LD,E01016859,529122,104530,2,2,117,5,0.129,HoveBlatchington
BN3 2LE,E01016859,529122,104530,2,2,117,5,0.129,HoveBlatchington
BN3 2LF,E01016856,529139,104630,5,4,151,5,0.127,HoveBlatchington
BN3 2LG,E01016859,529148,104464,3,2,108,5,0.129,HoveBlatchington
BN3 2LH,E01016859,529168,104568,5,5,117,5,0.129,HoveBlatchington
BN3 2LJ,E01016856,529176,104647,2,1,151,5,0.127,HoveBlatchington
BN3 2LL,E01016849,529215,104548,10,6,129,7,0.086,HoveBlatchington
BN3 2LN,E01016849,529201,104456,10,7,129,7,0.086,HoveBlatchington
BN3 2LP,E01016859,529207,104399,3,2,108,5,0.129,HoveBlatchington
BN3 2LQ,E01016859,529207,104399,3,2,108,5,0.129,HoveBlatchington
BN3 2LR,E01016859,529207,104399,4,3,108,5,0.129,HoveBlatchington
BN3 2LT,E01016849,529252,104619,3,2,130,7,0.086,HoveBlatchington
BN3 2LY,E01016858,528760,104553,2,1,145,8,0.071,HoveBlatchington
BN3 2NA,E01016856,529055,104660,3,2,151,5,0.127,HoveBlatchington
BN3 2NB,E01016859,529021,104601,3,2,121,5,0.129,HoveBlatchington
BN3 2ND,E01016859,529021,104601,3,2,121,5,0.129,HoveBlatchington
BN3 2NE,E01016859,529021,104601,3,2,121,5,0.129,HoveBlatchington
BN3 2NF,E01016859,529021,104601,3,2,121,5,0.129,HoveBlatchington
BN3 2NG,E01016859,529020,104558,4,3,121,5,0.129,HoveBlatchington
BN3 2NH,E01016859,529014,104521,3,2,121,5,0.129,HoveBlatchington
BN3 2NJ,E01016859,529005,104494,4,3,102,5,0.129,HoveBlatchington
BN3 2NL,E01016859,529003,104462,3,1,102,5,0.129,HoveBlatchington
BN3 2NN,E01016859,529003,104462,2,1,102,5,0.129,HoveBlatchington
BN3 2NP,E01016859,529002,104425,2,1,102,5,0.129,HoveBlatchington
BN3 2NQ,E01016859,529002,104425,2,1,102,5,0.129,HoveBlatchington
BN3 2NR,E01016856,529058,104675,1,1,151,5,0.127,HoveBlatchington
BN3 2PA,E01016856,529003,104647,1,1,151,5,0.127,HoveBlatchington
BN3 2PB,E01016859,528969,104507,9,6,147,5,0.129,HoveBlatchington
BN3 2PD,E01016859,528930,104586,11,6,147,5,0.129,HoveBlatchington
BN3 2PE,E01016859,528976,104404,6,4,123,5,0.129,HoveBlatchington
BN3 2PF,E01016859,528899,104428,6,3,123,5,0.129,HoveBlatchington
BN3 2PG,E01016858,528864,104429,5,4,113,8,0.071,HoveBlatchington
BN3 2PH,E01016858,528831,104517,11,7,111,8,0.071,HoveBlatchington
BN3 2PJ,E01016855,528853,104634,2,2,109,2,0.26,HoveBlatchington
BN3 2PL,E01016858,528887,104524,7,6,111,8,0.071,HoveBlatchington
BN3 2PN,E01016855,528905,104635,5,5,109,2,0.26,HoveBlatchington
BN3 2PP,E01016856,529038,104665,0,0,151,5,0.127,HoveBlatchington
BN3 2PQ,E01016855,528843,104670,1,1,109,2,0.26,HoveBlatchington
BN3 2PR,E01016858,528823,104442,4,2,113,8,0.071,HoveBlatchington
BN3 2PS,E01016858,528837,104590,2,2,145,8,0.071,HoveBlatchington
BN3 2PT,E01016855,528915,104697,1,1,109,2,0.26,HoveBlatchington
BN3 2PU,E01016857,528462,104413,4,3,144,5,0.156,HoveBlatchington
BN3 2RA,E01016858,528668,104623,6,4,130,8,0.071,HoveBlatchington
BN3 2RB,E01016858,528651,104666,10,7,130,8,0.071,HoveBlatchington
BN3 2RD,E01016858,528616,104523,4,4,144,8,0.071,HoveBlatchington
BN3 2RE,E01016858,528593,104551,4,3,144,8,0.071,HoveBlatchington
BN3 2RF,E01016858,528660,104565,3,3,130,8,0.071,HoveBlatchington
BN3 2RG,E01016857,528638,104480,2,2,144,5,0.156,HoveBlatchington
BN3 2RH,E01016857,528559,104485,9,6,144,5,0.156,HoveBlatchington
BN3 2RJ,E01016858,528677,104542,9,9,130,8,0.071,HoveBlatchington
BN3 2RL,E01016855,528713,104686,7,4,118,2,0.26,HoveBlatchington
BN3 2RN,E01016858,528746,104626,8,4,145,8,0.071,HoveBlatchington
BN3 2RP,E01016859,528711,104487,5,3,120,5,0.129,HoveBlatchington
BN3 2RQ,E01016859,528704,104449,12,8,120,5,0.129,HoveBlatchington
BN3 2RR,E01016858,528790,104423,4,3,113,8,0.071,HoveBlatchington
BN3 2RS,E01016858,528798,104511,12,9,113,8,0.071,HoveBlatchington
BN3 2RT,E01016858,528811,104640,6,4,145,8,0.071,HoveBlatchington
BN3 2RU,E01016858,528752,104515,4,3,145,8,0.071,HoveBlatchington
BN3 2RW,E01016858,528772,104640,5,3,145,8,0.071,HoveBlatchington
BN3 2RX,E01016858,528685,104724,1,1,130,8,0.071,HoveBlatchington
BN3 2RY,E01016855,528690,104680,1,1,118,2,0.26,HoveBlatchington
BN3 2SB,E01016857,528639,104512,3,2,144,5,0.156,HoveBlatchington
BN3 2TA,E01016857,528387,104488,6,5,111,5,0.156,HoveBlatchington
BN3 2TB,E01016857,528440,104504,6,4,75,5,0.156,HoveBlatchington
BN3 2TD,E01016857,528487,104590,10,9,105,5,0.156,HoveBlatchington
BN3 2TE,E01016857,528550,104715,11,9,144,5,0.156,HoveBlatchington
BN3 2TF,E01016857,528408,104548,0,0,105,5,0.156,HoveBlatchington
BN3 2TG,E01016857,528481,104491,4,3,75,5,0.156,HoveBlatchington
BN3 2TH,E01016858,528511,104538,4,4,92,8,0.071,HoveBlatchington
BN3 2TJ,E01016858,528564,104640,11,7,137,8,0.071,HoveBlatchington
BN3 2TL,E01016857,528596,104708,11,9,144,5,0.156,HoveBlatchington
BN3 2TN,E01016858,528565,104544,14,11,144,8,0.071,HoveBlatchington
BN3 2TP,E01016858,528635,104684,15,7,137,8,0.071,HoveBlatchington
BN3 2TQ,E01016857,528284,104510,7,7,111,5,0.156,HoveBlatchington
BN3 2TR,E01016857,528289,104572,2,2,111,5,0.156,HoveBlatchington
BN3 2TS,E01016986,528251,104596,4,4,127,6,0.111,HoveBlatchington
BN3 2TU,E01016986,528233,104561,5,3,127,6,0.111,HoveBlatchington
BN3 2WA,E01016857,528565,104359,0,0,131,5,0.156,HoveBlatchington
BN3 2WB,E01016857,528567,104416,8,6,144,5,0.156,HoveBlatchington
BN3 2WD,E01016857,528544,104396,3,2,131,5,0.156,HoveBlatchington
BN3 2WE,E01016857,528560,104384,1,1,131,5,0.156,HoveBlatchington
BN3 2WF,E01016859,528702,104379,4,2,120,5,0.129,HoveBlatchington
BN3 2WG,E01016859,528761,104347,3,2,123,5,0.129,HoveBlatchington
BN3 2WH,E01016859,528761,104347,3,2,123,5,0.129,HoveBlatchington
BN3 2WJ,E01016859,528810,104355,5,3,123,5,0.129,HoveBlatchington
BN3 2WL,E01016857,528627,104378,5,4,131,5,0.156,HoveBlatchington
BN3 2WP,E01016857,528522,104371,6,4,131,5,0.156,HoveBlatchington
BN3 2WQ,E01016857,528451,104372,2,1,131,5,0.156,HoveBlatchington
BN3 2WR,E01016857,528572,104357,3,2,131,5,0.156,HoveBlatchington
BN3 2WS,E01016857,528596,104352,2,2,131,5,0.156,HoveBlatchington
BN3 3AA,E01016853,529432,104810,24,14,154,6,0.119,HoveBlatchington
BN3 3AB,E01016853,529377,104721,8,7,133,6,0.119,HoveBlatchington
BN3 3AD,E01016853,529393,104804,13,10,154,6,0.119,HoveBlatchington
BN3 3AE,E01016853,529410,104900,6,5,145,6,0.119,HoveBlatchington
BN3 3AF,E01016874,529404,104958,5,3,145,4,0.16,HoveBlatchington
BN3 3AG,E01016853,529343,104800,9,7,145,6,0.119,HoveBlatchington
BN3 3AH,E01016853,529362,104896,4,4,145,6,0.119,HoveBlatchington
BN3 3AJ,E01016853,529294,104768,12,6,99,6,0.119,HoveBlatchington
BN3 3AL,E01016853,529316,104892,10,6,112,6,0.119,HoveBlatchington
BN3 3AP,E01016855,528867,104854,1,0,120,2,0.26,HoveBlatchington
BN3 3AQ,E01016874,529384,105004,22,13,145,4,0.16,HoveBlatchington
BN3 3AR,E01016874,529384,105004,20,14,145,4,0.16,HoveBlatchington
BN3 3AS,E01016877,529460,104979,10,8,124,4,0.179,HoveBlatchington
BN3 3AU,E01016853,529532,104798,2,1,138,6,0.119,HoveBlatchington
BN3 3AW,E01016853,529527,104740,4,3,138,6,0.119,HoveBlatchington
BN3 3AX,E01016853,529578,104795,7,4,121,6,0.119,HoveBlatchington
BN3 3AY,E01016853,529533,104730,6,4,121,6,0.119,HoveBlatchington
BN3 3AZ,E01016853,529426,104770,4,3,154,6,0.119,HoveBlatchington
BN3 3BA,E01016856,529022,104810,11,10,123,5,0.127,HoveBlatchington
BN3 3BB,E01016856,529045,104942,15,12,133,5,0.127,HoveBlatchington
BN3 3BE,E01016855,528897,104862,6,3,120,2,0.26,HoveBlatchington
BN3 3BF,E01016855,528923,104967,13,10,79,2,0.26,HoveBlatchington
BN3 3BG,E01016855,528949,104890,4,3,120,2,0.26,HoveBlatchington
BN3 3BH,E01016855,528963,104974,5,3,184,2,0.26,HoveBlatchington
BN3 3BJ,E01016855,528986,104869,3,2,120,2,0.26,HoveBlatchington
BN3 3BL,E01016855,529003,104946,8,7,184,2,0.26,HoveBlatchington
BN3 3DA,E01016855,528834,105002,5,5,119,2,0.26,HoveBlatchington
BN3 3DB,E01016855,528798,104868,21,12,132,2,0.26,HoveBlatchington
BN3 3DD,E01016855,528757,104869,11,7,118,2,0.26,HoveBlatchington
BN3 3DE,E01016855,528788,104991,5,4,119,2,0.26,HoveBlatchington
BN3 3DF,E01016855,528822,104866,18,10,132,2,0.26,HoveBlatchington
BN3 3DG,E01016855,528858,104997,10,8,107,2,0.26,HoveBlatchington
BN3 3DH,E01016855,528848,104837,7,4,120,2,0.26,HoveBlatchington
BN3 3DJ,E01016855,528887,104969,10,5,107,2,0.26,HoveBlatchington
BN3 3DL,E01016855,528844,105054,0,0,119,2,0.26,HoveBlatchington
BN3 3DU,E01016874,529659,105247,2,1,113,4,0.16,HoveBlatchington
BN3 3DW,E01016873,528474,105532,1,1,157,3,0.252,HoveBlatchington
BN3 3DX,E01016874,529557,105265,5,5,113,4,0.16,HoveBlatchington
BN3 3EA,E01016873,529076,105375,28,20,118,3,0.252,HoveBlatchington
BN3 3EB,E01016871,529267,105337,10,8,135,5,0.137,HoveBlatchington
BN3 3ED,E01016870,529279,105392,21,14,191,6,0.112,HoveBlatchington
BN3 3EE,E01016871,529382,105308,4,3,135,5,0.137,HoveBlatchington
BN3 3EF,E01016874,529526,105226,12,9,113,4,0.16,HoveBlatchington
BN3 3EG,E01016874,529456,105243,10,7,115,4,0.16,HoveBlatchington
BN3 3EH,E01016874,529432,105240,7,6,115,4,0.16,HoveBlatchington
BN3 3EJ,E01016874,529441,105330,6,5,107,4,0.16,HoveBlatchington
BN3 3EL,E01016870,529492,105357,23,15,148,6,0.112,HoveBlatchington
BN3 3EN,E01016874,529553,105313,15,8,107,4,0.16,HoveBlatchington
BN3 3EP,E01016874,529669,105286,10,7,90,4,0.16,HoveBlatchington
BN3 3EQ,E01016874,529570,105301,2,0,107,4,0.16,HoveBlatchington
BN3 3ER,E01016874,529521,105278,9,7,107,4,0.16,HoveBlatchington
BN3 3ES,E01016874,529620,105251,4,3,113,4,0.16,HoveBlatchington
BN3 3ET,E01016874,529411,105324,3,4,107,4,0.16,HoveBlatchington
BN3 3EX,E01016871,529256,105281,1,0,82,5,0.137,HoveBlatchington
BN3 3EY,E01016871,529204,105282,2,1,82,5,0.137,HoveBlatchington
BN3 3EZ,E01016870,529267,105421,9,5,191,6,0.112,HoveBlatchington
BN3 3FA,E01016988,528361,104936,9,7,145,8,0.07,HoveBlatchington
BN3 3FB,E01016988,528392,105090,8,8,124,8,0.07,HoveBlatchington
BN3 3FD,E01016988,528405,105186,5,4,124,8,0.07,HoveBlatchington
BN3 3FE,E01016988,528358,104919,1,1,145,8,0.07,HoveBlatchington
BN3 3FF,E01016988,528378,105015,1,1,145,8,0.07,HoveBlatchington
BN3 3FG,E01016860,528711,104960,1,1,155,6,0.115,HoveBlatchington
BN3 3FH,E01016874,529564,105088,4,4,144,4,0.16,HoveBlatchington
BN3 3GA,E01016853,529456,104757,12,10,138,6,0.119,HoveBlatchington
BN3 3GB,E01016853,529496,104759,8,5,138,6,0.119,HoveBlatchington
BN3 3GD,E01016853,529482,104891,2,2,154,6,0.119,HoveBlatchington
BN3 3GE,E01016874,529519,105048,9,7,144,4,0.16,HoveBlatchington
BN3 3GF,E01016874,529570,105045,22,14,144,4,0.16,HoveBlatchington
BN3 3GG,E01016877,529552,104977,5,4,124,4,0.179,HoveBlatchington
BN3 3GH,E01016877,529552,104977,7,4,124,4,0.179,HoveBlatchington
BN3 3GJ,E01016856,529184,104773,2,1,170,5,0.127,HoveBlatchington
BN3 3GL,E01016856,529184,104773,2,1,170,5,0.127,HoveBlatchington
BN3 3GN,E01016856,529193,104826,1,1,170,5,0.127,HoveBlatchington
BN3 3GP,E01016856,529193,104826,2,1,170,5,0.127,HoveBlatchington
BN3 3GQ,E01016853,529483,104677,2,2,133,6,0.119,HoveBlatchington
BN3 3GR,E01016874,529522,105093,6,4,145,4,0.16,HoveBlatchington
BN3 3GT,E01016853,529387,104769,1,1,154,6,0.119,HoveBlatchington
BN3 3HA,E01016991,528421,105290,9,6,126,6,0.102,HoveBlatchington
BN3 3HB,E01016991,528434,105372,4,3,126,6,0.102,HoveBlatchington
BN3 3HD,E01016873,528473,105547,2,1,157,3,0.252,HoveBlatchington
BN3 3HE,E01016990,528436,105529,7,7,134,8,0.064,HoveBlatchington
BN3 3HF,E01016990,528429,105595,6,4,115,8,0.064,HoveBlatchington
BN3 3HT,E01016853,529568,104746,4,4,121,6,0.119,HoveBlatchington
BN3 3HZ,E01016991,528437,105415,2,2,126,6,0.102,HoveBlatchington
BN3 3JA,E01016856,529063,104766,5,4,192,5,0.127,HoveBlatchington
BN3 3JB,E01016856,529069,104809,5,4,123,5,0.127,HoveBlatchington
BN3 3JD,E01016856,529084,104922,16,8,192,5,0.127,HoveBlatchington
BN3 3JE,E01016856,529138,104881,15,9,192,5,0.127,HoveBlatchington
BN3 3JF,E01016856,529141,104917,11,7,161,5,0.127,HoveBlatchington
BN3 3JG,E01016856,529145,104958,8,5,161,5,0.127,HoveBlatchington
BN3 3JH,E01016856,529204,104841,6,4,192,5,0.127,HoveBlatchington
BN3 3JJ,E01016856,529219,104898,6,4,161,5,0.127,HoveBlatchington
BN3 3JL,E01016856,529225,104949,6,4,161,5,0.127,HoveBlatchington
BN3 3JN,E01016853,529249,104751,10,7,99,6,0.119,HoveBlatchington
BN3 3JP,E01016853,529269,104890,10,6,112,6,0.119,HoveBlatchington
BN3 3JQ,E01016856,529181,104916,13,6,161,5,0.127,HoveBlatchington
BN3 3JR,E01016860,528501,104863,0,0,193,6,0.115,HoveBlatchington
BN3 3JX,E01016856,529096,104973,5,6,133,5,0.127,HoveBlatchington
BN3 3JZ,E01016860,528492,104839,2,1,193,6,0.115,HoveBlatchington
BN3 3LA,E01016873,528528,105582,5,3,157,3,0.252,HoveBlatchington
BN3 3LB,E01016873,528541,105613,3,2,157,3,0.252,HoveBlatchington
BN3 3LL,E01016873,528850,105464,0,0,133,3,0.252,HoveBlatchington
BN3 3LP,E01016873,528670,105452,3,2,119,3,0.252,HoveBlatchington
BN3 3LS,E01016873,528593,105464,3,1,117,3,0.252,HoveBlatchington
BN3 3LW,E01016873,528572,105544,1,1,157,3,0.252,HoveBlatchington
BN3 3NF,E01016873,529056,105407,5,3,157,3,0.252,HoveBlatchington
BN3 3NT,E01016877,529537,104869,2,2,124,4,0.179,HoveBlatchington
BN3 3PA,E01016874,529304,105123,18,10,107,4,0.16,HoveBlatchington
BN3 3PB,E01016871,529251,105125,18,15,111,5,0.137,HoveBlatchington
BN3 3PD,E01016871,529168,105070,10,6,121,5,0.137,HoveBlatchington
BN3 3PE,E01016871,529179,105140,12,8,126,5,0.137,HoveBlatchington
BN3 3PF,E01016871,529106,105103,20,12,121,5,0.137,HoveBlatchington
BN3 3PG,E01016871,529122,105204,14,10,126,5,0.137,HoveBlatchington
BN3 3PH,E01016873,529129,105406,8,3,157,3,0.252,HoveBlatchington
BN3 3PJ,E01016855,528979,105027,4,3,184,2,0.26,HoveBlatchington
BN3 3PL,E01016871,528972,105077,9,6,114,5,0.137,HoveBlatchington
BN3 3PN,E01016871,529197,105360,1,1,135,5,0.137,HoveBlatchington
BN3 3PP,E01016856,529179,104981,0,0,161,5,0.127,HoveBlatchington
BN3 3PQ,E01016871,529064,105047,4,2,114,5,0.137,HoveBlatchington
BN3 3PR,E01016871,529194,105229,7,5,111,5,0.137,HoveBlatchington
BN3 3PS,E01016871,529184,105165,10,8,126,5,0.137,HoveBlatchington
BN3 3PT,E01016871,529135,105294,23,12,133,5,0.137,HoveBlatchington
BN3 3PY,E01016874,529322,105237,0,0,107,4,0.16,HoveBlatchington
BN3 3QB,E01016871,529141,105320,7,5,133,5,0.137,HoveBlatchington
BN3 3QD,E01016871,529102,105325,11,6,133,5,0.137,HoveBlatchington
BN3 3RA,E01016860,528544,105189,14,9,135,6,0.115,HoveBlatchington
BN3 3RB,E01016860,528707,105154,19,11,151,6,0.115,HoveBlatchington
BN3 3RD,E01016860,528733,105192,7,4,151,6,0.115,HoveBlatchington
BN3 3RE,E01016860,528559,105228,10,6,123,6,0.115,HoveBlatchington
BN3 3RF,E01016872,528783,105140,2,1,130,6,0.108,HoveBlatchington
BN3 3RG,E01016872,528571,105287,15,14,169,6,0.108,HoveBlatchington
BN3 3RH,E01016872,528571,105258,15,15,169,6,0.108,HoveBlatchington
BN3 3RJ,E01016860,528656,105226,2,1,123,6,0.115,HoveBlatchington
BN3 3RL,E01016872,528685,105385,4,2,175,6,0.108,HoveBlatchington
BN3 3RN,E01016872,528736,105256,14,11,144,6,0.108,HoveBlatchington
BN3 3RP,E01016872,528732,105227,9,6,130,6,0.108,HoveBlatchington
BN3 3RQ,E01016872,528802,105216,8,5,130,6,0.108,HoveBlatchington
BN3 3RR,E01016872,528847,105206,9,6,119,6,0.108,HoveBlatchington
BN3 3RS,E01016872,528824,105330,12,8,119,6,0.108,HoveBlatchington
BN3 3RT,E01016872,528873,105331,11,6,119,6,0.108,HoveBlatchington
BN3 3RU,E01016873,528856,105450,8,5,133,3,0.252,HoveBlatchington
BN3 3RW,E01016873,528895,105432,14,10,133,3,0.252,HoveBlatchington
BN3 3RX,E01016873,528910,105495,9,6,133,3,0.252,HoveBlatchington
BN3 3TA,E01016872,528858,105092,1,0,130,6,0.108,HoveBlatchington
BN3 3TB,E01016873,528860,105160,4,3,166,3,0.252,HoveBlatchington
BN3 3TD,E01016873,528927,105294,18,11,166,3,0.252,HoveBlatchington
BN3 3TE,E01016873,528962,105253,18,13,166,3,0.252,HoveBlatchington
BN3 3TH,E01016873,528963,105447,9,5,157,3,0.252,HoveBlatchington
BN3 3TJ,E01016873,529009,105457,17,11,157,3,0.252,HoveBlatchington
BN3 3TL,E01016871,528992,105165,3,3,163,5,0.137,HoveBlatchington
BN3 3TN,E01016871,529005,105235,9,7,163,5,0.137,HoveBlatchington
BN3 3TP,E01016871,529056,105179,6,5,163,5,0.137,HoveBlatchington
BN3 3TQ,E01016871,529052,105192,4,2,126,5,0.137,HoveBlatchington
BN3 3TR,E01016872,528883,105095,6,4,130,6,0.108,HoveBlatchington
BN3 3TS,E01016871,528984,105151,3,3,114,5,0.137,HoveBlatchington
BN3 3TT,E01016871,528998,105174,3,2,163,5,0.137,HoveBlatchington
BN3 3TU,E01016871,529062,105219,6,3,163,5,0.137,HoveBlatchington
BN3 3TX,E01016873,528919,105407,6,4,133,3,0.252,HoveBlatchington
BN3 3TZ,E01016873,529012,105325,8,6,118,3,0.252,HoveBlatchington
BN3 3UA,E01016871,529032,105111,5,5,114,5,0.137,HoveBlatchington
BN3 3UB,E01016871,529066,105267,8,6,163,5,0.137,HoveBlatchington
BN3 3UL,E01016871,529029,105071,5,4,114,5,0.137,HoveBlatchington
BN3 3WA,E01016860,528398,104914,11,7,193,6,0.115,HoveBlatchington
BN3 3WB,E01016860,528447,104886,14,8,193,6,0.115,HoveBlatchington
BN3 3WD,E01016860,528433,105085,22,16,111,6,0.115,HoveBlatchington
BN3 3WE,E01016860,528459,105245,5,3,123,6,0.115,HoveBlatchington
BN3 3WF,E01016873,528477,105378,13,9,157,3,0.252,HoveBlatchington
BN3 3WG,E01016872,528573,105317,20,12,144,6,0.108,HoveBlatchington
BN3 3WH,E01016872,528572,105342,22,12,166,6,0.108,HoveBlatchington
BN3 3WJ,E01016872,528755,105282,23,13,144,6,0.108,HoveBlatchington
BN3 3WL,E01016872,528588,105371,19,14,166,6,0.108,HoveBlatchington
BN3 3WN,E01016872,528590,105397,23,14,166,6,0.108,HoveBlatchington
BN3 3WP,E01016872,528760,105366,20,14,175,6,0.108,HoveBlatchington
BN3 3WQ,E01016872,528596,105427,17,9,175,6,0.108,HoveBlatchington
BN3 3WR,E01016873,528494,105491,15,13,157,3,0.252,HoveBlatchington
BN3 3WS,E01016872,528767,105394,12,7,175,6,0.108,HoveBlatchington
BN3 3WW,E01016873,528566,105482,14,8,117,3,0.252,HoveBlatchington
BN3 3WX,E01016873,528641,105448,13,9,117,3,0.252,HoveBlatchington
BN3 3WY,E01016873,528719,105433,8,5,119,3,0.252,HoveBlatchington
BN3 3WZ,E01016873,528782,105429,7,5,119,3,0.252,HoveBlatchington
BN3 3XR,E01016874,529298,105019,3,2,107,4,0.16,HoveBlatchington
BN3 3YB,E01016855,528762,105006,1,1,119,2,0.26,HoveBlatchington
BN3 3YE,E01016855,528706,104917,1,1,118,2,0.26,HoveBlatchington
BN3 3YF,E01016860,528759,105076,1,1,151,6,0.115,HoveBlatchington
BN3 3YG,E01016860,528699,105122,12,6,151,6,0.115,HoveBlatchington
BN3 3YH,E01016860,528645,105103,3,2,151,6,0.115,HoveBlatchington
BN3 3YJ,E01016860,528606,105146,8,4,151,6,0.115,HoveBlatchington
BN3 3YL,E01016860,528548,105160,3,2,135,6,0.115,HoveBlatchington
BN3 3YN,E01016860,528501,105138,5,3,135,6,0.115,HoveBlatchington
BN3 3YP,E01016860,528484,105177,4,2,123,6,0.115,HoveBlatchington
BN3 3YQ,E01016860,528710,105017,7,3,155,6,0.115,HoveBlatchington
BN3 3YS,E01016860,528593,105029,21,11,155,6,0.115,HoveBlatchington
BN3 3YU,E01016860,528503,104973,27,19,155,6,0.115,HoveBlatchington
BN3 3YW,E01016860,528569,105048,29,15,155,6,0.115,HoveBlatchington
BN3 3YX,E01016860,528479,105066,21,11,111,6,0.115,HoveBlatchington
BN3 3ZN,E01016860,528456,105062,1,1,111,6,0.115,HoveBlatchington
BN3 4AA,E01016988,528321,104872,4,3,161,8,0.07,HoveBlatchington
BN3 4AB,E01016988,528252,104891,5,4,161,8,0.07,HoveBlatchington
BN3 4AD,E01016986,528102,104922,1,1,130,6,0.111,HoveBlatchington
BN3 4AE,E01016986,527910,104985,6,5,120,6,0.111,HoveBlatchington
BN3 4AF,E01016986,527910,104985,9,5,120,6,0.111,HoveBlatchington
BN3 4AJ,E01016988,528225,104896,14,9,145,8,0.07,HoveBlatchington
BN3 4AP,E01016994,526303,104912,2,1,190,6,0.123,HoveBlatchington
BN3 4AY,E01016992,526833,104803,25,17,164,9,0.04,HoveBlatchington
BN3 4BA,E01016987,527796,104990,2,1,158,7,0.077,HoveBlatchington
BN3 4BB,E01016987,527554,105039,10,1,129,7,0.077,HoveBlatchington
BN3 4BD,E01016995,527369,105070,8,4,117,10,0.03,HoveBlatchington
BN3 4BE,E01016995,527230,105095,12,7,117,10,0.03,HoveBlatchington
BN3 4BF,E01016987,527837,104986,3,3,158,7,0.077,HoveBlatchington
BN3 4BH,E01016987,527880,104973,2,2,158,7,0.077,HoveBlatchington
BN3 4BP,E01016987,527813,105049,1,1,129,7,0.077,HoveBlatchington
BN3 4BS,E01016987,527771,104995,4,4,158,7,0.077,HoveBlatchington
BN3 4DA,E01016997,526847,105172,12,6,118,9,0.039,HoveBlatchington
BN3 4DB,E01016992,527058,105130,16,8,122,9,0.04,HoveBlatchington
BN3 4DL,E01016986,527975,104895,3,1,210,6,0.111,HoveBlatchington
BN3 4DN,E01016986,527948,104899,4,2,210,6,0.111,HoveBlatchington
BN3 4EA,E01016997,526761,105142,12,6,115,9,0.039,HoveBlatchington
BN3 4EB,E01016994,526474,105203,29,18,156,6,0.123,HoveBlatchington
BN3 4ED,E01016997,526640,105218,14,3,115,9,0.039,HoveBlatchington
BN3 4EE,E01016994,526417,105263,19,13,156,6,0.123,HoveBlatchington
BN3 4EF,E01016994,526318,105130,24,14,190,6,0.123,HoveBlatchington
BN3 4EG,E01016994,526308,104944,14,7,190,6,0.123,HoveBlatchington
BN3 4EH,E01016994,526285,104910,9,6,190,6,0.123,HoveBlatchington
BN3 4FB,E01016986,527798,104556,6,5,127,6,0.111,HoveBlatchington
BN3 4FD,E01016989,527695,104558,8,7,148,8,0.066,HoveBlatchington
BN3 4FE,E01016989,527835,104787,19,9,114,8,0.066,HoveBlatchington
BN3 4FF,E01016989,527782,104764,27,14,164,8,0.066,HoveBlatchington
BN3 4FG,E01016986,527474,104593,11,6,124,6,0.111,HoveBlatchington
BN3 4FH,E01016988,528292,104826,15,7,161,8,0.07,HoveBlatchington
BN3 4FJ,E01016986,528093,104866,5,2,130,6,0.111,HoveBlatchington
BN3 4FL,E01016987,527810,104927,1,1,158,7,0.077,HoveBlatchington
BN3 4FN,E01016987,527644,104960,1,1,158,7,0.077,HoveBlatchington
BN3 4FP,E01016989,527719,104660,11,7,147,8,0.066,HoveBlatchington
BN3 4FQ,E01016989,527748,104838,12,8,164,8,0.066,HoveBlatchington
BN3 4FR,E01016989,527679,104684,9,4,147,8,0.066,HoveBlatchington
BN3 4FS,E01016989,527703,104830,14,9,164,8,0.066,HoveBlatchington
BN3 4FT,E01016989,527618,104581,9,5,148,8,0.066,HoveBlatchington
BN3 4FU,E01016989,527662,104569,8,5,148,8,0.066,HoveBlatchington
BN3 4FW,E01016989,527804,104600,6,5,114,8,0.066,HoveBlatchington
BN3 4FX,E01016989,527720,104555,2,1,148,8,0.066,HoveBlatchington
BN3 4FZ,E01016986,528022,104542,5,5,127,6,0.111,HoveBlatchington
BN3 4GA,E01016986,528264,104729,10,6,130,6,0.111,HoveBlatchington
BN3 4GB,E01016988,528222,104748,11,6,161,8,0.07,HoveBlatchington
BN3 4GD,E01016986,528224,104633,6,3,130,6,0.111,HoveBlatchington
BN3 4GE,E01016986,528164,104763,12,5,130,6,0.111,HoveBlatchington
BN3 4GF,E01016986,528010,104813,5,4,210,6,0.111,HoveBlatchington
BN3 4GG,E01016986,527988,104659,11,7,210,6,0.111,HoveBlatchington
BN3 4GH,E01016989,527871,104732,15,8,114,8,0.066,HoveBlatchington
BN3 4GJ,E01016986,527920,104748,16,9,127,6,0.111,HoveBlatchington
BN3 4GL,E01016986,527927,104547,11,8,127,6,0.111,HoveBlatchington
BN3 4GN,E01016986,528032,104737,17,12,130,6,0.111,HoveBlatchington
BN3 4GQ,E01016986,527946,104702,16,12,210,6,0.111,HoveBlatchington
BN3 4GR,E01016986,528145,104522,4,0,127,6,0.111,HoveBlatchington
BN3 4GS,E01016986,528138,104610,9,6,130,6,0.111,HoveBlatchington
BN3 4GT,E01016988,528274,104660,4,3,161,8,0.07,HoveBlatchington
BN3 4GW,E01016988,528194,104685,0,0,161,8,0.07,HoveBlatchington
BN3 4HA,E01016989,527514,104799,24,10,119,8,0.066,HoveBlatchington
BN3 4HB,E01016995,527477,104806,34,20,111,10,0.03,HoveBlatchington
BN3 4HD,E01016995,527334,104621,17,12,136,10,0.03,HoveBlatchington
BN3 4HE,E01016995,527412,104604,3,1,136,10,0.03,HoveBlatchington
BN3 4HF,E01016986,527580,104576,14,8,124,6,0.111,HoveBlatchington
BN3 4HG,E01016986,527528,104689,9,5,124,6,0.111,HoveBlatchington
BN3 4HH,E01016989,527558,104877,9,6,119,8,0.066,HoveBlatchington
BN3 4HJ,E01016989,527566,104692,8,5,147,8,0.066,HoveBlatchington
BN3 4HL,E01016989,527595,104869,10,7,119,8,0.066,HoveBlatchington
BN3 4HN,E01016989,527590,104659,9,6,147,8,0.066,HoveBlatchington
BN3 4HP,E01016989,527625,104853,12,8,119,8,0.066,HoveBlatchington
BN3 4HQ,E01016989,527634,104686,8,5,147,8,0.066,HoveBlatchington
BN3 4HR,E01016989,527665,104858,11,7,164,8,0.066,HoveBlatchington
BN3 4JA,E01016989,527540,104982,4,3,119,8,0.066,HoveBlatchington
BN3 4JB,E01016995,527383,105015,7,5,117,10,0.03,HoveBlatchington
BN3 4JD,E01016992,527167,105057,15,7,122,9,0.04,HoveBlatchington
BN3 4JE,E01016992,526927,105106,4,2,122,9,0.04,HoveBlatchington
BN3 4JF,E01016995,527415,104720,11,6,136,10,0.03,HoveBlatchington
BN3 4JG,E01016995,527446,104897,18,10,111,10,0.03,HoveBlatchington
BN3 4JH,E01016995,527381,104736,10,5,136,10,0.03,HoveBlatchington
BN3 4JJ,E01016995,527411,104912,13,8,111,10,0.03,HoveBlatchington
BN3 4JL,E01016995,527297,104737,12,4,136,10,0.03,HoveBlatchington
BN3 4JN,E01016995,527330,104916,12,7,117,10,0.03,HoveBlatchington
BN3 4JP,E01016995,527338,104750,13,6,136,10,0.03,HoveBlatchington
BN3 4JQ,E01016995,527368,104913,14,10,111,10,0.03,HoveBlatchington
BN3 4JR,E01016995,527318,104627,2,1,136,10,0.03,HoveBlatchington
BN3 4JS,E01016992,526968,105099,10,6,122,9,0.04,HoveBlatchington
BN3 4JT,E01016997,526894,105115,11,7,118,9,0.039,HoveBlatchington
BN3 4JU,E01016995,527317,104646,1,2,136,10,0.03,HoveBlatchington
BN3 4LA,E01016992,526882,104928,16,9,151,9,0.04,HoveBlatchington
BN3 4LB,E01016992,526922,104940,18,9,151,9,0.04,HoveBlatchington
BN3 4LD,E01016992,526894,104788,1,1,151,9,0.04,HoveBlatchington
BN3 4LE,E01016992,526946,104852,13,6,131,9,0.04,HoveBlatchington
BN3 4LF,E01016992,526975,104994,9,4,151,9,0.04,HoveBlatchington
BN3 4LG,E01016992,527042,104872,15,7,131,9,0.04,HoveBlatchington
BN3 4LH,E01016992,527169,104832,24,10,131,9,0.04,HoveBlatchington
BN3 4LJ,E01016995,527239,104654,12,5,117,10,0.03,HoveBlatchington
BN3 4LL,E01016995,527219,104733,18,10,117,10,0.03,HoveBlatchington
BN3 4LN,E01016995,527294,104924,16,10,117,10,0.03,HoveBlatchington
BN3 4LP,E01016995,527165,104747,14,8,117,10,0.03,HoveBlatchington
BN3 4LQ,E01016995,527119,104699,6,5,117,10,0.03,HoveBlatchington
BN3 4LR,E01016995,527138,104758,19,9,117,10,0.03,HoveBlatchington
BN3 4LS,E01016992,527082,104780,20,11,131,9,0.04,HoveBlatchington
BN3 4LT,E01016992,527017,104746,7,4,131,9,0.04,HoveBlatchington
BN3 4LU,E01016992,527003,104812,9,6,131,9,0.04,HoveBlatchington
BN3 4LW,E01016992,526805,104760,5,4,151,9,0.04,HoveBlatchington
BN3 4ND,E01016992,526932,104795,7,9,151,9,0.04,HoveBlatchington
BN3 4PA,E01016992,526848,104962,28,13,164,9,0.04,HoveBlatchington
BN3 4PB,E01016992,526812,104961,24,12,164,9,0.04,HoveBlatchington
BN3 4PD,E01016992,526708,104818,12,6,126,9,0.04,HoveBlatchington
BN3 4PE,E01016992,526774,104968,21,14,164,9,0.04,HoveBlatchington
BN3 4PF,E01016992,526740,104973,17,9,164,9,0.04,HoveBlatchington
BN3 4PG,E01016992,526717,105117,10,5,164,9,0.04,HoveBlatchington
BN3 4PH,E01016992,526712,104989,18,9,126,9,0.04,HoveBlatchington
BN3 4PJ,E01016992,526678,104995,13,8,126,9,0.04,HoveBlatchington
BN3 4PL,E01016992,526670,104861,9,5,126,9,0.04,HoveBlatchington
BN3 4PN,E01016992,526646,104994,14,8,126,9,0.04,HoveBlatchington
BN3 4PP,E01016992,526610,105003,25,12,126,9,0.04,HoveBlatchington
BN3 4QA,E01016994,526565,105003,25,13,131,6,0.123,HoveBlatchington
BN3 4QB,E01016994,526531,105006,29,15,131,6,0.123,HoveBlatchington
BN3 4QD,E01016994,526473,104834,11,10,151,6,0.123,HoveBlatchington
BN3 4QE,E01016994,526332,104864,9,7,190,6,0.123,HoveBlatchington
BN3 4QF,E01016994,526493,105006,17,12,131,6,0.123,HoveBlatchington
BN3 4QG,E01016994,526469,105001,31,16,128,6,0.123,HoveBlatchington
BN3 4QH,E01016994,526425,104897,14,11,151,6,0.123,HoveBlatchington
BN3 4QJ,E01016994,526458,105057,21,12,128,6,0.123,HoveBlatchington
BN3 4QL,E01016994,526395,104904,21,14,151,6,0.123,HoveBlatchington
BN3 4QN,E01016994,526428,105035,21,14,128,6,0.123,HoveBlatchington
BN3 4QP,E01016994,526391,104974,18,12,151,6,0.123,HoveBlatchington
BN3 4QQ,E01016994,526423,105133,15,9,156,6,0.123,HoveBlatchington
BN3 4QR,E01016994,526345,104966,16,8,190,6,0.123,HoveBlatchington
BN3 4QS,E01016994,526386,105122,15,9,190,6,0.123,HoveBlatchington
BN3 4QT,E01016994,526581,104786,0,0,151,6,0.123,HoveBlatchington
BN3 4QU,E01016994,526518,105125,3,3,131,6,0.123,HoveBlatchington
BN3 4RA,E01016986,528206,104511,2,2,127,6,0.111,HoveBlatchington
BN3 4RB,E01016986,528206,104511,4,3,127,6,0.111,HoveBlatchington
BN3 5AA,E01016991,528118,105525,13,8,130,6,0.102,HoveBlatchington
BN3 5AB,E01016990,528305,105535,18,12,136,8,0.064,HoveBlatchington
BN3 5AD,E01016990,528311,105503,19,12,136,8,0.064,HoveBlatchington
BN3 5AE,E01016990,528241,105596,8,5,134,8,0.064,HoveBlatchington
BN3 5AF,E01016990,528326,105633,11,5,115,8,0.064,HoveBlatchington
BN3 5AG,E01016990,528332,105546,36,24,134,8,0.064,HoveBlatchington
BN3 5AH,E01016990,528294,105602,4,3,115,8,0.064,HoveBlatchington
BN3 5AJ,E01016990,528359,105598,10,4,115,8,0.064,HoveBlatchington
BN3 5AT,E01016996,527576,105405,7,5,169,7,0.086,HoveBlatchington
BN3 5AX,E01016991,528311,105433,4,2,140,6,0.102,HoveBlatchington
BN3 5AY,E01016990,528313,105452,2,1,136,8,0.064,HoveBlatchington
BN3 5BA,E01016990,528374,105443,16,12,134,8,0.064,HoveBlatchington
BN3 5BB,E01016990,528264,105488,21,13,136,8,0.064,HoveBlatchington
BN3 5BD,E01016991,528100,105466,23,16,130,6,0.102,HoveBlatchington
BN3 5BE,E01016991,528253,105412,22,15,140,6,0.102,HoveBlatchington
BN3 5BF,E01016991,528372,105395,19,12,140,6,0.102,HoveBlatchington
BN3 5BG,E01016991,528374,105344,15,10,126,6,0.102,HoveBlatchington
BN3 5BH,E01016991,528246,105363,28,20,140,6,0.102,HoveBlatchington
BN3 5BJ,E01016991,528096,105416,20,13,140,6,0.102,HoveBlatchington
BN3 5BL,E01016991,528078,105342,22,13,129,6,0.102,HoveBlatchington
BN3 5BN,E01016991,528247,105341,31,20,140,6,0.102,HoveBlatchington
BN3 5BP,E01016991,528371,105324,11,12,114,6,0.102,HoveBlatchington
BN3 5BQ,E01016991,528128,105487,3,2,130,6,0.102,HoveBlatchington
BN3 5BT,E01016990,528420,105439,6,5,134,8,0.064,HoveBlatchington
BN3 5BU,E01016991,528427,105418,3,2,126,6,0.102,HoveBlatchington
BN3 5DA,E01016988,528266,104947,14,5,145,8,0.07,HoveBlatchington
BN3 5DB,E01016988,528282,105109,18,8,124,8,0.07,HoveBlatchington
BN3 5DD,E01016988,528224,105137,8,4,124,8,0.07,HoveBlatchington
BN3 5DE,E01016988,528341,105021,13,4,145,8,0.07,HoveBlatchington
BN3 5DF,E01016988,528184,105159,15,10,131,8,0.07,HoveBlatchington
BN3 5DG,E01016988,528244,105049,9,4,124,8,0.07,HoveBlatchington
BN3 5DH,E01016988,528366,105178,8,6,131,8,0.07,HoveBlatchington
BN3 5DJ,E01016991,528359,105227,8,9,114,6,0.102,HoveBlatchington
BN3 5DL,E01016988,528210,105248,10,8,131,8,0.07,HoveBlatchington
BN3 5DN,E01016991,528062,105272,17,10,129,6,0.102,HoveBlatchington
BN3 5DP,E01016991,528079,105311,18,9,129,6,0.102,HoveBlatchington
BN3 5DQ,E01016988,528245,105283,6,6,131,8,0.07,HoveBlatchington
BN3 5DR,E01016991,528385,105262,9,4,114,6,0.102,HoveBlatchington
BN3 5DY,E01016988,528153,104987,4,2,109,8,0.07,HoveBlatchington
BN3 5EW,E01016996,527929,105658,8,4,134,7,0.086,HoveBlatchington
BN3 5EX,E01016990,528039,105654,2,1,135,8,0.064,HoveBlatchington
BN3 5EY,E01016990,528214,105613,8,6,135,8,0.064,HoveBlatchington
BN3 5EZ,E01016990,528137,105624,14,10,135,8,0.064,HoveBlatchington
BN3 5FA,E01016991,528145,105376,23,14,140,6,0.102,HoveBlatchington
BN3 5FB,E01016990,528195,105516,20,16,135,8,0.064,HoveBlatchington
BN3 5FD,E01016991,528112,105596,7,5,130,6,0.102,HoveBlatchington
BN3 5FE,E01016990,528031,105551,31,19,124,8,0.064,HoveBlatchington
BN3 5FF,E01016991,528002,105400,28,16,129,6,0.102,HoveBlatchington
BN3 5FG,E01016990,528014,105641,25,13,124,8,0.064,HoveBlatchington
BN3 5FH,E01016996,527923,105569,34,24,134,7,0.086,HoveBlatchington
BN3 5FJ,E01016990,527926,105403,22,12,116,8,0.064,HoveBlatchington
BN3 5FL,E01016990,527998,105588,14,10,124,8,0.064,HoveBlatchington
BN3 5FN,E01016990,527976,105513,19,12,116,8,0.064,HoveBlatchington
BN3 5FP,E01016990,527972,105488,9,7,116,8,0.064,HoveBlatchington
BN3 5FQ,E01016990,527980,105394,41,23,116,8,0.064,HoveBlatchington
BN3 5FR,E01016996,527853,105392,8,5,169,7,0.086,HoveBlatchington
BN3 5FS,E01016996,527681,105449,19,12,160,7,0.086,HoveBlatchington
BN3 5FT,E01016996,527675,105416,24,12,169,7,0.086,HoveBlatchington
BN3 5GD,E01016987,527932,105347,0,0,115,7,0.077,HoveBlatchington
BN3 5HA,E01016996,527897,105564,40,26,134,7,0.086,HoveBlatchington
BN3 5HB,E01016996,527830,105647,27,17,134,7,0.086,HoveBlatchington
BN3 5HD,E01016996,527718,105648,28,20,160,7,0.086,HoveBlatchington
BN3 5HE,E01016996,527661,105477,5,3,153,7,0.086,HoveBlatchington
BN3 5HF,E01016996,527738,105566,28,17,153,7,0.086,HoveBlatchington
BN3 5HG,E01016996,527659,105560,33,20,160,7,0.086,HoveBlatchington
BN3 5HH,E01016996,527697,105478,23,14,153,7,0.086,HoveBlatchington
BN3 5HJ,E01016996,527820,105487,24,17,169,7,0.086,HoveBlatchington
BN3 5HL,E01016996,527782,105451,5,4,160,7,0.086,HoveBlatchington
BN3 5HN,E01016996,527783,105399,10,5,169,7,0.086,HoveBlatchington
BN3 5HP,E01016993,527407,105538,22,14,134,4,0.194,HoveBlatchington
BN3 5HQ,E01016993,527434,105538,24,16,134,4,0.194,HoveBlatchington
BN3 5HR,E01016996,527533,105642,22,9,160,7,0.086,HoveBlatchington
BN3 5HS,E01016996,527549,105570,22,12,131,7,0.086,HoveBlatchington
BN3 5HT,E01016996,527525,105552,11,8,131,7,0.086,HoveBlatchington
BN3 5HU,E01016996,527448,105488,30,19,131,7,0.086,HoveBlatchington
BN3 5HW,E01016996,527467,105589,15,12,131,7,0.086,HoveBlatchington
BN3 5HX,E01016996,527572,105520,2,1,160,7,0.086,HoveBlatchington
BN3 5HY,E01016996,527766,105570,27,17,153,7,0.086,HoveBlatchington
BN3 5HZ,E01016996,527818,105569,24,15,153,7,0.086,HoveBlatchington
BN3 5JA,E01016996,527577,105394,23,14,169,7,0.086,HoveBlatchington
BN3 5JD,E01016996,527676,105647,4,3,160,7,0.086,HoveBlatchington
BN3 5LA,E01016993,527386,105427,2,1,113,4,0.194,HoveBlatchington
BN3 5LB,E01016993,527305,105595,23,18,143,4,0.194,HoveBlatchington
BN3 5LD,E01016997,527032,105479,5,3,125,9,0.039,HoveBlatchington
BN3 5LE,E01016997,526945,105542,2,1,125,9,0.039,HoveBlatchington
BN3 5LF,E01016997,527026,105439,16,7,125,9,0.039,HoveBlatchington
BN3 5LG,E01016997,526945,105340,18,10,125,9,0.039,HoveBlatchington
BN3 5LH,E01016997,526910,105328,17,10,125,9,0.039,HoveBlatchington
BN3 5LJ,E01016997,526970,105205,6,3,118,9,0.039,HoveBlatchington
BN3 5LL,E01016997,527013,105336,18,10,125,9,0.039,HoveBlatchington
BN3 5LN,E01016997,527043,105323,19,10,118,9,0.039,HoveBlatchington
BN3 5LP,E01016993,527164,105424,4,4,125,4,0.194,HoveBlatchington
BN3 5LS,E01016995,527260,105158,3,2,117,10,0.03,HoveBlatchington
BN3 5LT,E01016992,527026,105200,2,1,122,9,0.04,HoveBlatchington
BN3 5LX,E01016993,527339,105478,38,17,113,4,0.194,HoveBlatchington
BN3 5LY,E01016993,527250,105488,27,20,143,4,0.194,HoveBlatchington
BN3 5LZ,E01016993,527194,105489,35,21,125,4,0.194,HoveBlatchington
BN3 5NA,E01016993,527273,105254,19,10,135,4,0.194,HoveBlatchington
BN3 5NB,E01016995,527314,105245,28,14,144,10,0.03,HoveBlatchington
BN3 5ND,E01016995,527356,105268,29,13,144,10,0.03,HoveBlatchington
BN3 5NE,E01016993,527247,105287,15,9,135,4,0.194,HoveBlatchington
BN3 5NF,E01016993,527202,105288,13,7,135,4,0.194,HoveBlatchington
BN3 5NG,E01016993,527164,105313,16,9,135,4,0.194,HoveBlatchington
BN3 5NL,E01016992,527122,105311,16,10,122,9,0.04,HoveBlatchington
BN3 5NN,E01016992,527080,105264,24,11,122,9,0.04,HoveBlatchington
BN3 5NP,E01016992,527136,105170,8,4,122,9,0.04,HoveBlatchington
BN3 5NQ,E01016993,527323,105398,26,12,113,4,0.194,HoveBlatchington
BN3 5NR,E01016993,527360,105583,30,22,134,4,0.194,HoveBlatchington
BN3 5NS,E01016993,527113,105598,4,4,100,4,0.194,HoveBlatchington
BN3 5NU,E01016993,527196,105616,8,6,100,4,0.194,HoveBlatchington
BN3 5NW,E01016993,527175,105566,7,6,100,4,0.194,HoveBlatchington
BN3 5NY,E01016993,527095,105507,17,13,125,4,0.194,HoveBlatchington
BN3 5PA,E01016986,527926,105041,8,4,120,6,0.111,HoveBlatchington
BN3 5PB,E01016987,527958,105196,21,16,117,7,0.077,HoveBlatchington
BN3 5PD,E01016987,527998,105166,21,11,101,7,0.077,HoveBlatchington
BN3 5PE,E01016988,528108,105036,16,14,109,8,0.07,HoveBlatchington
BN3 5PF,E01016988,528141,105197,9,7,81,8,0.07,HoveBlatchington
BN3 5PG,E01016988,528090,105094,10,7,109,8,0.07,HoveBlatchington
BN3 5PH,E01016988,528110,105190,11,8,81,8,0.07,HoveBlatchington
BN3 5PL,E01016987,528057,105076,12,9,101,7,0.077,HoveBlatchington
BN3 5PN,E01016987,528080,105191,11,8,101,7,0.077,HoveBlatchington
BN3 5PP,E01016986,528016,105086,15,9,120,6,0.111,HoveBlatchington
BN3 5PQ,E01016987,528040,105205,10,8,101,7,0.077,HoveBlatchington
BN3 5QA,E01016987,527824,105113,9,7,117,7,0.077,HoveBlatchington
BN3 5QB,E01016987,527805,105077,11,9,129,7,0.077,HoveBlatchington
BN3 5QD,E01016987,527635,105112,2,2,129,7,0.077,HoveBlatchington
BN3 5QE,E01016987,527628,105153,9,6,120,7,0.077,HoveBlatchington
BN3 5QF,E01016987,527914,105188,11,7,117,7,0.077,HoveBlatchington
BN3 5QG,E01016987,527873,105192,9,6,117,7,0.077,HoveBlatchington
BN3 5QH,E01016987,527991,105323,1,1,115,7,0.077,HoveBlatchington
BN3 5QJ,E01016996,527773,105364,16,11,169,7,0.086,HoveBlatchington
BN3 5QL,E01016987,527925,105296,18,7,115,7,0.077,HoveBlatchington
BN3 5QN,E01016987,527763,105329,15,7,115,7,0.077,HoveBlatchington
BN3 5QP,E01016987,527844,105211,18,10,115,7,0.077,HoveBlatchington
BN3 5QQ,E01016987,527805,105212,12,7,115,7,0.077,HoveBlatchington
BN3 5QR,E01016987,527769,105228,15,8,120,7,0.077,HoveBlatchington
BN3 5QS,E01016987,527734,105215,15,10,120,7,0.077,HoveBlatchington
BN3 5QT,E01016995,527588,105350,22,11,144,10,0.03,HoveBlatchington
BN3 5QU,E01016993,527426,105384,16,6,113,4,0.194,HoveBlatchington
BN3 5RA,E01016987,527647,105043,3,2,129,7,0.077,HoveBlatchington
BN3 5RB,E01016987,527704,105058,6,5,129,7,0.077,HoveBlatchington
BN3 5RD,E01016995,527460,105157,31,19,144,10,0.03,HoveBlatchington
BN3 5RE,E01016995,527514,105275,28,16,144,10,0.03,HoveBlatchington
BN3 5RF,E01016995,527412,105136,15,8,117,10,0.03,HoveBlatchington
BN3 5RG,E01016987,527568,105116,7,7,129,7,0.077,HoveBlatchington
BN3 5RH,E01016987,527598,105253,28,14,120,7,0.077,HoveBlatchington
BN3 5RJ,E01016987,527690,105236,22,12,120,7,0.077,HoveBlatchington
BN3 5RL,E01016987,527638,105080,1,0,129,7,0.077,HoveBlatchington
BN3 5SA,E01016997,526844,105333,25,15,125,9,0.039,HoveBlatchington
BN3 5SB,E01016997,526809,105347,19,12,174,9,0.039,HoveBlatchington
BN3 5SD,E01016997,526891,105460,5,3,174,9,0.039,HoveBlatchington
BN3 5SE,E01016997,526865,105516,15,11,174,9,0.039,HoveBlatchington
BN3 5SF,E01016997,526672,105518,4,3,174,9,0.039,HoveBlatchington
BN3 5SG,E01016997,526562,105531,16,9,174,9,0.039,HoveBlatchington
BN3 5SH,E01016997,526649,105480,10,4,174,9,0.039,HoveBlatchington
BN3 5SJ,E01016997,526515,105502,7,4,129,9,0.039,HoveBlatchington
BN3 5SL,E01016997,526744,105340,26,14,115,9,0.039,HoveBlatchington
BN3 5SN,E01016997,526714,105374,12,7,115,9,0.039,HoveBlatchington
BN3 5SP,E01016997,526562,105360,17,12,115,9,0.039,HoveBlatchington
BN3 5SQ,E01016997,526528,105370,17,11,129,9,0.039,HoveBlatchington
BN3 5SR,E01016997,526665,105409,15,8,174,9,0.039,HoveBlatchington
BN3 5SS,E01016997,526676,105234,6,4,115,9,0.039,HoveBlatchington
BN3 5SW,E01016997,526805,105416,1,1,174,9,0.039,HoveBlatchington
BN3 5TA,E01016997,526480,105386,26,14,129,9,0.039,HoveBlatchington
BN3 5TB,E01016997,526451,105395,26,16,129,9,0.039,HoveBlatchington
BN3 5TD,E01016994,526401,105396,22,13,156,6,0.123,HoveBlatchington
BN3 5UA,E01016997,526879,105192,8,8,118,9,0.039,HoveBlatchington
BN3 5UB,E01016997,526864,105231,5,4,118,9,0.039,HoveBlatchington
BN3 5UD,E01016993,527248,105404,15,14,135,4,0.194,HoveBlatchington
BN3 6AA,E01016878,528854,105708,11,7,165,8,0.057,HoveBlatchington
BN3 6AB,E01016878,528826,105672,14,8,165,8,0.057,HoveBlatchington
BN3 6AJ,E01016980,528916,105973,9,6,51,9,0.051,HoveBlatchington
BN3 6AL,E01016980,528889,105982,6,4,51,9,0.051,HoveBlatchington
BN3 6AN,E01016980,528869,105988,11,9,206,9,0.051,HoveBlatchington
BN3 6AZ,E01016873,529112,105548,6,2,157,3,0.252,HoveBlatchington
BN3 6BA,E01016982,528424,106833,15,7,117,8,0.064,HoveBlatchington
BN3 6BB,E01016982,528506,106864,10,5,117,8,0.064,HoveBlatchington
BN3 6BD,E01016985,528246,106948,26,13,115,8,0.058,HoveBlatchington
BN3 6BE,E01016985,528189,106937,17,10,115,8,0.058,HoveBlatchington
BN3 6BF,E01016985,528039,107099,11,5,142,8,0.058,HoveBlatchington
BN3 6BG,E01016985,528062,107150,17,8,142,8,0.058,HoveBlatchington
BN3 6BH,E01016982,528603,106989,15,7,117,8,0.064,HoveBlatchington
BN3 6BJ,E01016983,528517,107525,34,18,157,10,0.035,HoveBlatchington
BN3 6BL,E01016982,528551,106972,15,7,117,8,0.064,HoveBlatchington
BN3 6BN,E01016983,528482,107466,24,14,157,10,0.035,HoveBlatchington
BN3 6BP,E01016982,528585,106881,3,2,117,8,0.064,HoveBlatchington
BN3 6DA,E01016983,528934,107705,20,5,118,10,0.035,HoveBlatchington
BN3 6DB,E01016983,528964,107528,7,4,118,10,0.035,HoveBlatchington
BN3 6DD,E01016983,528827,107692,9,6,118,10,0.035,HoveBlatchington
BN3 6DE,E01016983,528675,107583,25,13,141,10,0.035,HoveBlatchington
BN3 6DF,E01016983,528716,107536,13,9,118,10,0.035,HoveBlatchington
BN3 6DG,E01016983,528747,107258,12,6,134,10,0.035,HoveBlatchington
BN3 6DH,E01016983,528732,107040,17,10,141,10,0.035,HoveBlatchington
BN3 6DJ,E01016983,528660,107186,11,6,141,10,0.035,HoveBlatchington
BN3 6DL,E01016983,528669,106954,16,7,141,10,0.035,HoveBlatchington
BN3 6DN,E01016983,528716,107881,9,7,141,10,0.035,HoveBlatchington
BN3 6DP,E01016983,528665,107828,10,8,141,10,0.035,HoveBlatchington
BN3 6DQ,E01016983,528680,107906,9,7,157,10,0.035,HoveBlatchington
BN3 6DR,E01016984,528742,107135,4,2,116,7,0.082,HoveBlatchington
BN3 6DS,E01016985,528332,106741,2,1,120,8,0.058,HoveBlatchington
BN3 6EA,E01016875,530081,105350,10,6,93,10,0.035,HoveBlatchington
BN3 6EB,E01016875,530137,105318,10,6,93,10,0.035,HoveBlatchington
BN3 6ED,E01016875,530234,105317,21,15,109,10,0.035,HoveBlatchington
BN3 6EE,E01016875,530339,105314,13,9,120,10,0.035,HoveBlatchington
BN3 6EF,E01016875,530295,105382,11,5,120,10,0.035,HoveBlatchington
BN3 6EJ,E01016875,530234,105395,19,13,109,10,0.035,HoveBlatchington
BN3 6EL,E01016875,530202,105393,25,15,109,10,0.035,HoveBlatchington
BN3 6EN,E01016875,530111,105417,23,14,93,10,0.035,HoveBlatchington
BN3 6EP,E01016875,530040,105404,26,12,94,10,0.035,HoveBlatchington
BN3 6EQ,E01016875,529993,105482,4,3,94,10,0.035,HoveBlatchington
BN3 6ER,E01016875,529979,105428,19,11,94,10,0.035,HoveBlatchington
BN3 6ES,E01016875,529919,105429,21,14,86,10,0.035,HoveBlatchington
BN3 6ET,E01016870,529872,105512,9,6,88,6,0.112,HoveBlatchington
BN3 6EU,E01016870,529857,105439,17,10,88,6,0.112,HoveBlatchington
BN3 6EZ,E01016870,529700,105477,0,0,119,6,0.112,HoveBlatchington
BN3 6FA,E01016875,529961,105331,23,12,94,10,0.035,HoveBlatchington
BN3 6FB,E01016875,529852,105346,28,18,86,10,0.035,HoveBlatchington
BN3 6FD,E01016870,529739,105390,20,10,119,6,0.112,HoveBlatchington
BN3 6FE,E01016870,529824,105450,17,11,88,6,0.112,HoveBlatchington
BN3 6FF,E01016870,529736,105435,7,6,119,6,0.112,HoveBlatchington
BN3 6FG,E01016870,529798,105528,2,1,119,6,0.112,HoveBlatchington
BN3 6FH,E01016870,529718,105536,18,9,119,6,0.112,HoveBlatchington
BN3 6FJ,E01016870,529624,105460,23,12,119,6,0.112,HoveBlatchington
BN3 6FL,E01016870,529502,105438,8,4,148,6,0.112,HoveBlatchington
BN3 6FN,E01016870,529640,105566,6,3,150,6,0.112,HoveBlatchington
BN3 6FP,E01016870,529596,105557,11,7,150,6,0.112,HoveBlatchington
BN3 6FQ,E01016870,529552,105554,10,6,150,6,0.112,HoveBlatchington
BN3 6FR,E01016874,529718,105356,1,1,90,4,0.16,HoveBlatchington
BN3 6FS,E01016870,529798,105480,2,2,88,6,0.112,HoveBlatchington
BN3 6FT,E01016870,529437,105447,10,5,148,6,0.112,HoveBlatchington
BN3 6FU,E01016878,529194,105805,5,4,125,8,0.057,HoveBlatchington
BN3 6FX,E01016878,529377,105519,8,6,174,8,0.057,HoveBlatchington
BN3 6FY,E01016878,529180,105624,4,4,125,8,0.057,HoveBlatchington
BN3 6FZ,E01016874,529613,105387,5,4,90,4,0.16,HoveBlatchington
BN3 6GB,E01016870,529506,105555,12,8,150,6,0.112,HoveBlatchington
BN3 6GD,E01016870,529440,105523,20,16,150,6,0.112,HoveBlatchington
BN3 6GE,E01016878,529179,105666,13,13,125,8,0.057,HoveBlatchington
BN3 6GF,E01016878,529368,105719,8,3,174,8,0.057,HoveBlatchington
BN3 6GH,E01016870,529341,105517,18,11,191,6,0.112,HoveBlatchington
BN3 6GJ,E01016870,529378,105470,8,6,191,6,0.112,HoveBlatchington
BN3 6GN,E01016878,529343,105561,8,5,174,8,0.057,HoveBlatchington
BN3 6GP,E01016878,529250,105708,8,2,174,8,0.057,HoveBlatchington
BN3 6GQ,E01016878,529307,105683,6,3,174,8,0.057,HoveBlatchington
BN3 6GR,E01016878,529417,105629,14,13,174,8,0.057,HoveBlatchington
BN3 6GS,E01016874,529377,105348,2,3,107,4,0.16,HoveBlatchington
BN3 6GT,E01016870,529238,105506,16,10,191,6,0.112,HoveBlatchington
BN3 6GU,E01016878,529236,105623,7,5,174,8,0.057,HoveBlatchington
BN3 6HB,E01016878,528827,105847,24,15,117,8,0.057,HoveBlatchington
BN3 6HD,E01016878,528787,105861,30,21,117,8,0.057,HoveBlatchington
BN3 6HE,E01016878,528894,105832,11,8,144,8,0.057,HoveBlatchington
BN3 6HF,E01016878,528866,105736,15,9,144,8,0.057,HoveBlatchington
BN3 6HG,E01016878,528969,105790,10,7,144,8,0.057,HoveBlatchington
BN3 6HH,E01016878,529014,105787,11,9,149,8,0.057,HoveBlatchington
BN3 6HL,E01016878,528928,105919,6,4,144,8,0.057,HoveBlatchington
BN3 6HP,E01016878,528948,105624,6,5,165,8,0.057,HoveBlatchington
BN3 6HQ,E01016878,529105,105723,14,5,149,8,0.057,HoveBlatchington
BN3 6HR,E01016878,528994,105611,13,11,165,8,0.057,HoveBlatchington
BN3 6HS,E01016878,529095,105604,10,5,149,8,0.057,HoveBlatchington
BN3 6HT,E01016878,529223,105572,7,5,174,8,0.057,HoveBlatchington
BN3 6HX,E01016878,528875,105634,2,1,165,8,0.057,HoveBlatchington
BN3 6HY,E01016878,529078,105761,15,11,149,8,0.057,HoveBlatchington
BN3 6HZ,E01016878,528774,105665,3,2,165,8,0.057,HoveBlatchington
BN3 6JB,E01016870,529168,105530,8,6,191,6,0.112,HoveBlatchington
BN3 6LA,E01016981,529682,106135,9,5,134,10,0.035,HoveBlatchington
BN3 6LB,E01016981,529718,106076,5,3,129,10,0.035,HoveBlatchington
BN3 6LD,E01016981,529577,106170,3,2,154,10,0.035,HoveBlatchington
BN3 6LE,E01016981,529468,106306,7,4,154,10,0.035,HoveBlatchington
BN3 6LF,E01016981,529548,106342,10,5,154,10,0.035,HoveBlatchington
BN3 6LG,E01016981,529428,106228,8,5,154,10,0.035,HoveBlatchington
BN3 6LH,E01016981,529415,106153,9,4,154,10,0.035,HoveBlatchington
BN3 6LJ,E01016981,529461,106110,10,5,123,10,0.035,HoveBlatchington
BN3 6LL,E01016980,529165,106192,8,4,206,9,0.051,HoveBlatchington
BN3 6LN,E01016980,528982,106216,5,3,206,9,0.051,HoveBlatchington
BN3 6LP,E01016980,528980,106096,4,1,206,9,0.051,HoveBlatchington
BN3 6LQ,E01016980,528909,106110,5,3,206,9,0.051,HoveBlatchington
BN3 6LR,E01016980,528944,106353,10,5,206,9,0.051,HoveBlatchington
BN3 6LS,E01016984,528761,106691,17,7,110,7,0.082,HoveBlatchington
BN3 6LT,E01016981,529375,106250,4,3,154,10,0.035,HoveBlatchington
BN3 6LU,E01016981,529647,106272,0,0,154,10,0.035,HoveBlatchington
BN3 6LX,E01016980,528887,106055,5,3,206,9,0.051,HoveBlatchington
BN3 6LY,E01016980,528931,106023,11,7,51,9,0.051,HoveBlatchington
BN3 6LZ,E01016981,529474,106008,5,4,123,10,0.035,HoveBlatchington
BN3 6NA,E01016981,529812,105904,5,4,129,10,0.035,HoveBlatchington
BN3 6NB,E01016981,529793,105815,1,1,129,10,0.035,HoveBlatchington
BN3 6NE,E01016981,529955,105932,6,6,134,10,0.035,HoveBlatchington
BN3 6NF,E01016981,529986,105887,12,11,129,10,0.035,HoveBlatchington
BN3 6NH,E01016981,529537,105859,11,6,129,10,0.035,HoveBlatchington
BN3 6NJ,E01016981,529663,106038,9,5,129,10,0.035,HoveBlatchington
BN3 6NL,E01016981,529513,105974,18,11,123,10,0.035,HoveBlatchington
BN3 6NN,E01016981,529392,105893,12,7,123,10,0.035,HoveBlatchington
BN3 6NP,E01016981,529368,106017,16,9,123,10,0.035,HoveBlatchington
BN3 6NQ,E01016981,529285,105998,13,8,123,10,0.035,HoveBlatchington
BN3 6NR,E01016981,529327,105793,11,4,123,10,0.035,HoveBlatchington
BN3 6NS,E01016981,529772,105908,6,3,129,10,0.035,HoveBlatchington
BN3 6NT,E01016981,529838,106010,23,13,134,10,0.035,HoveBlatchington
BN3 6NU,E01016981,529849,105989,6,3,134,10,0.035,HoveBlatchington
BN3 6NW,E01016981,529786,106068,6,4,134,10,0.035,HoveBlatchington
BN3 6NX,E01016981,529738,105897,6,3,129,10,0.035,HoveBlatchington
BN3 6PA,E01016981,529840,106133,8,5,134,10,0.035,HoveBlatchington
BN3 6PB,E01016981,529738,106280,5,3,154,10,0.035,HoveBlatchington
BN3 6PD,E01016981,529667,106437,15,7,154,10,0.035,HoveBlatchington
BN3 6PE,E01016984,529622,106630,6,4,115,7,0.082,HoveBlatchington
BN3 6PF,E01016984,529498,106736,9,5,115,7,0.082,HoveBlatchington
BN3 6PG,E01016984,529342,106686,7,4,115,7,0.082,HoveBlatchington
BN3 6PH,E01016984,529134,106620,16,7,113,7,0.082,HoveBlatchington
BN3 6PJ,E01016984,528951,106562,5,3,113,7,0.082,HoveBlatchington
BN3 6PL,E01016984,529133,106709,7,5,113,7,0.082,HoveBlatchington
BN3 6PN,E01016981,529212,106484,20,11,128,10,0.035,HoveBlatchington
BN3 6PP,E01016981,529229,106325,5,2,128,10,0.035,HoveBlatchington
BN3 6PQ,E01016981,529196,106249,9,5,128,10,0.035,HoveBlatchington
BN3 6PR,E01016981,529093,106378,19,10,128,10,0.035,HoveBlatchington
BN3 6PS,E01016980,529017,106299,8,4,206,9,0.051,HoveBlatchington
BN3 6PT,E01016981,529050,106445,8,5,128,10,0.035,HoveBlatchington
BN3 6PU,E01016981,529109,106464,5,3,128,10,0.035,HoveBlatchington
BN3 6PW,E01016981,529049,106549,11,6,128,10,0.035,HoveBlatchington
BN3 6QA,E01016984,529465,107030,12,5,119,7,0.082,HoveBlatchington
BN3 6QB,E01016983,529134,107272,14,8,134,10,0.035,HoveBlatchington
BN3 6QD,E01016983,529213,107375,5,2,118,10,0.035,HoveBlatchington
BN3 6QE,E01016984,528910,107106,19,11,116,7,0.082,HoveBlatchington
BN3 6QF,E01016983,528963,107389,7,5,134,10,0.035,HoveBlatchington
BN3 6QG,E01016983,528915,107472,16,9,118,10,0.035,HoveBlatchington
BN3 6QH,E01016983,528797,107530,8,4,118,10,0.035,HoveBlatchington
BN3 6QJ,E01016983,528792,107348,11,8,134,10,0.035,HoveBlatchington
BN3 6QL,E01016983,528983,107349,23,10,134,10,0.035,HoveBlatchington
BN3 6QN,E01016984,528866,107178,14,8,116,7,0.082,HoveBlatchington
BN3 6QP,E01016984,528804,107057,2,2,116,7,0.082,HoveBlatchington
BN3 6QQ,E01016984,529007,107032,10,5,116,7,0.082,HoveBlatchington
BN3 6QR,E01016984,529362,107091,11,8,119,7,0.082,HoveBlatchington
BN3 6QS,E01016984,529342,107009,3,1,119,7,0.082,HoveBlatchington
BN3 6QT,E01016983,529186,107375,3,3,118,10,0.035,HoveBlatchington
BN3 6QW,E01016984,529252,107169,1,1,119,7,0.082,HoveBlatchington
BN3 6RW,E01016983,528934,107656,2,1,118,10,0.035,HoveBlatchington
BN3 6SE,E01016870,529551,105636,5,2,150,6,0.112,HoveBlatchington
BN3 6TA,E01016981,529514,106542,10,6,154,10,0.035,HoveBlatchington
BN3 6TB,E01016981,529430,106425,12,6,154,10,0.035,HoveBlatchington
BN3 6TD,E01016984,529447,106607,11,6,115,7,0.082,HoveBlatchington
BN3 6TE,E01016984,529581,106782,3,2,115,7,0.082,HoveBlatchington
BN3 6TF,E01016984,529513,106841,7,3,115,7,0.082,HoveBlatchington
BN3 6TG,E01016984,529491,106788,3,2,115,7,0.082,HoveBlatchington
BN3 6TH,E01016984,529370,106829,5,3,115,7,0.082,HoveBlatchington
BN3 6TJ,E01016984,529401,106974,11,8,119,7,0.082,HoveBlatchington
BN3 6TL,E01016984,529298,106828,14,8,119,7,0.082,HoveBlatchington
BN3 6TN,E01016983,529196,107071,20,10,134,10,0.035,HoveBlatchington
BN3 6TP,E01016984,529290,107007,3,2,119,7,0.082,HoveBlatchington
BN3 6TQ,E01016984,529447,106881,3,3,119,7,0.082,HoveBlatchington
BN3 6UA,E01016981,529313,106241,10,5,128,10,0.035,HoveBlatchington
BN3 6UB,E01016984,529332,106490,9,6,115,7,0.082,HoveBlatchington
BN3 6UD,E01016984,529276,106481,10,5,115,7,0.082,HoveBlatchington
BN3 6UE,E01016984,529256,106740,13,5,113,7,0.082,HoveBlatchington
BN3 6UF,E01016984,529188,106743,9,5,113,7,0.082,HoveBlatchington
BN3 6UG,E01016984,529180,106890,6,3,113,7,0.082,HoveBlatchington
BN3 6UH,E01016984,528991,106697,13,7,113,7,0.082,HoveBlatchington
BN3 6UJ,E01016984,529020,106912,8,4,116,7,0.082,HoveBlatchington
BN3 6UL,E01016984,529006,106859,8,4,116,7,0.082,HoveBlatchington
BN3 6UN,E01016984,528879,106810,3,2,110,7,0.082,HoveBlatchington
BN3 6UP,E01016984,528874,106928,9,4,110,7,0.082,HoveBlatchington
BN3 6UQ,E01016984,528782,106857,12,5,110,7,0.082,HoveBlatchington
BN3 6UR,E01016984,528704,106827,2,1,110,7,0.082,HoveBlatchington
BN3 6US,E01016984,528963,106782,6,3,110,7,0.082,HoveBlatchington
BN3 6UT,E01016984,528852,106709,10,5,110,7,0.082,HoveBlatchington
BN3 6WA,E01016982,528497,107081,11,8,123,8,0.064,HoveBlatchington
BN3 6WB,E01016982,528299,107012,27,15,113,8,0.064,HoveBlatchington
BN3 6WD,E01016985,528273,106987,20,13,115,8,0.058,HoveBlatchington
BN3 6WE,E01016982,528344,107043,23,15,113,8,0.064,HoveBlatchington
BN3 6WF,E01016982,528367,107067,23,14,113,8,0.064,HoveBlatchington
BN3 6WG,E01016982,528405,107106,20,12,113,8,0.064,HoveBlatchington
BN3 6WH,E01016982,528489,107136,3,1,123,8,0.064,HoveBlatchington
BN3 6WJ,E01016982,528311,107158,3,3,113,8,0.064,HoveBlatchington
BN3 6WL,E01016985,528205,107140,18,9,142,8,0.058,HoveBlatchington
BN3 6WN,E01016985,528185,107220,26,9,142,8,0.058,HoveBlatchington
BN3 6WP,E01016985,528198,107290,11,7,142,8,0.058,HoveBlatchington
BN3 6WQ,E01016985,528132,107262,14,7,142,8,0.058,HoveBlatchington
BN3 6WR,E01016982,528176,107171,9,5,123,8,0.064,HoveBlatchington
BN3 6WS,E01016985,528044,107252,18,11,142,8,0.058,HoveBlatchington
BN3 6WT,E01016982,528413,107245,4,3,123,8,0.064,HoveBlatchington
BN3 6WW,E01016982,528451,107302,8,3,123,8,0.064,HoveBlatchington
BN3 6XA,E01016982,528309,107209,4,3,123,8,0.064,HoveBlatchington
BN3 6XB,E01016982,528429,107201,8,3,123,8,0.064,HoveBlatchington
BN3 6XD,E01016982,528392,107409,42,25,146,8,0.064,HoveBlatchington
BN3 6XE,E01016982,528286,107331,12,7,146,8,0.064,HoveBlatchington
BN3 6XF,E01016982,528375,107527,47,31,146,8,0.064,HoveBlatchington
BN3 6XG,E01016982,528442,107396,4,3,123,8,0.064,HoveBlatchington
BN3 6XH,E01016982,528385,107322,8,4,123,8,0.064,HoveBlatchington
BN3 7AA,E01016979,528418,105708,8,5,179,7,0.085,HoveBlatchington
BN3 7AB,E01016979,528340,105682,28,16,179,7,0.085,HoveBlatchington
BN3 7AD,E01016979,528265,105747,15,11,115,7,0.085,HoveBlatchington
BN3 7AE,E01016979,528282,105870,14,9,119,7,0.085,HoveBlatchington
BN3 7AF,E01016979,528344,105782,30,20,115,7,0.085,HoveBlatchington
BN3 7AG,E01016979,528401,105829,11,6,179,7,0.085,HoveBlatchington
BN3 7AH,E01016979,528348,105806,22,15,115,7,0.085,HoveBlatchington
BN3 7AJ,E01016979,528338,105871,20,12,119,7,0.085,HoveBlatchington
BN3 7AL,E01016979,528385,105904,3,1,179,7,0.085,HoveBlatchington
BN3 7AP,E01016979,528342,105938,9,6,179,7,0.085,HoveBlatchington
BN3 7AQ,E01016979,528309,105988,18,10,119,7,0.085,HoveBlatchington
BN3 7AW,E01016980,528660,106270,17,12,206,9,0.051,HoveBlatchington
BN3 7AZ,E01016980,528595,106262,7,6,206,9,0.051,HoveBlatchington
BN3 7BB,E01016878,528749,105848,20,13,117,8,0.057,HoveBlatchington
BN3 7BE,E01016980,528540,105982,17,8,136,9,0.051,HoveBlatchington
BN3 7BF,E01016980,528647,106098,14,6,206,9,0.051,HoveBlatchington
BN3 7BG,E01016980,528531,106188,5,3,206,9,0.051,HoveBlatchington
BN3 7BH,E01016980,528582,106080,22,12,136,9,0.051,HoveBlatchington
BN3 7BJ,E01016980,528559,106117,14,7,136,9,0.051,HoveBlatchington
BN3 7BL,E01016980,528465,106132,24,12,136,9,0.051,HoveBlatchington
BN3 7BP,E01016980,528394,106127,10,6,136,9,0.051,HoveBlatchington
BN3 7BQ,E01016980,528354,106111,23,12,136,9,0.051,HoveBlatchington
BN3 7BS,E01016980,528356,106260,12,8,123,9,0.051,HoveBlatchington
BN3 7BT,E01016980,528389,106426,25,15,122,9,0.051,HoveBlatchington
BN3 7DG,E01016881,526700,105805,4,2,142,4,0.165,HoveBlatchington
BN3 7DR,E01016980,528621,106256,3,1,206,9,0.051,HoveBlatchington
BN3 7EA,E01016980,528071,105977,21,13,123,9,0.051,HoveBlatchington
BN3 7EB,E01016979,527813,105954,26,14,137,7,0.085,HoveBlatchington
BN3 7EF,E01016879,527519,105836,1,0,137,3,0.206,HoveBlatchington
BN3 7EG,E01016979,527820,105912,20,11,137,7,0.085,HoveBlatchington
BN3 7EH,E01016979,528035,105932,14,6,119,7,0.085,HoveBlatchington
BN3 7EJ,E01016979,527882,105841,23,12,137,7,0.085,HoveBlatchington
BN3 7EL,E01016979,528023,105803,24,12,119,7,0.085,HoveBlatchington
BN3 7EN,E01016979,527996,105833,21,13,131,7,0.085,HoveBlatchington
BN3 7EP,E01016979,527875,105766,25,14,131,7,0.085,HoveBlatchington
BN3 7EQ,E01016979,527951,105831,37,20,131,7,0.085,HoveBlatchington
BN3 7ER,E01016979,527856,105741,35,22,131,7,0.085,HoveBlatchington
BN3 7FA,E01016880,526705,105966,24,11,129,2,0.315,HoveBlatchington
BN3 7FB,E01016880,526724,105946,23,9,129,2,0.315,HoveBlatchington
BN3 7FD,E01016880,526930,106012,24,12,113,2,0.315,HoveBlatchington
BN3 7FE,E01016881,526962,106013,20,9,116,4,0.165,HoveBlatchington
BN3 7FF,E01016879,526976,106206,27,17,115,3,0.206,HoveBlatchington
BN3 7FG,E01016880,526971,106338,21,10,129,2,0.315,HoveBlatchington
BN3 7FH,E01016880,526842,106284,17,9,129,2,0.315,HoveBlatchington
BN3 7FJ,E01016880,526903,106116,34,15,113,2,0.315,HoveBlatchington
BN3 7FL,E01016880,526873,106128,28,14,113,2,0.315,HoveBlatchington
BN3 7FN,E01016880,526827,106125,30,12,129,2,0.315,HoveBlatchington
BN3 7FP,E01016880,526798,106134,28,13,117,2,0.315,HoveBlatchington
BN3 7FQ,E01016880,526710,106101,31,21,117,2,0.315,HoveBlatchington
BN3 7FR,E01016880,526747,106122,25,17,117,2,0.315,HoveBlatchington
BN3 7FS,E01016880,526830,106374,24,12,129,2,0.315,HoveBlatchington
BN3 7FT,E01016880,526850,106352,17,8,129,2,0.315,HoveBlatchington
BN3 7FU,E01016880,526869,106328,10,7,129,2,0.315,HoveBlatchington
BN3 7FW,E01016880,526741,106010,10,8,129,2,0.315,HoveBlatchington
BN3 7FX,E01016881,526916,105856,7,8,116,4,0.165,HoveBlatchington
BN3 7FY,E01016880,527005,106447,26,12,129,2,0.315,HoveBlatchington
BN3 7GA,E01016881,526476,105612,4,2,125,4,0.165,HoveBlatchington
BN3 7GB,E01016881,526521,105715,14,12,125,4,0.165,HoveBlatchington
BN3 7GE,E01016881,526541,105953,18,10,120,4,0.165,HoveBlatchington
BN3 7GF,E01016881,526635,106163,16,9,120,4,0.165,HoveBlatchington
BN3 7GG,E01016881,526604,105980,16,10,120,4,0.165,HoveBlatchington
BN3 7GH,E01016881,526676,106165,17,9,120,4,0.165,HoveBlatchington
BN3 7GJ,E01016881,526617,105786,2,1,142,4,0.165,HoveBlatchington
BN3 7GL,E01016881,526585,105739,9,5,142,4,0.165,HoveBlatchington
BN3 7GN,E01016881,526554,105635,20,11,125,4,0.165,HoveBlatchington
BN3 7GP,E01016881,526668,105638,26,14,125,4,0.165,HoveBlatchington
BN3 7GQ,E01016881,526764,105747,10,5,142,4,0.165,HoveBlatchington
BN3 7GR,E01016881,526690,105736,4,2,142,4,0.165,HoveBlatchington
BN3 7GS,E01016881,526771,105874,9,4,116,4,0.165,HoveBlatchington
BN3 7GT,E01016881,526660,105767,1,1,142,4,0.165,HoveBlatchington
BN3 7GU,E01016881,526875,105682,15,9,114,4,0.165,HoveBlatchington
BN3 7GW,E01016881,526863,105649,22,13,125,4,0.165,HoveBlatchington
BN3 7GX,E01016881,526871,105746,31,18,114,4,0.165,HoveBlatchington
BN3 7GY,E01016881,526974,105782,11,5,114,4,0.165,HoveBlatchington
BN3 7GZ,E01016881,527056,105742,19,11,114,4,0.165,HoveBlatchington
BN3 7HA,E01016881,526867,105806,21,8,116,4,0.165,HoveBlatchington
BN3 7HB,E01016881,527036,105839,6,3,116,4,0.165,HoveBlatchington
BN3 7HF,E01016880,526764,105963,4,4,129,2,0.315,HoveBlatchington
BN3 7HJ,E01016881,526631,105870,6,6,142,4,0.165,HoveBlatchington
BN3 7HN,E01016881,526566,105861,2,3,142,4,0.165,HoveBlatchington
BN3 7JA,E01016879,527260,106128,45,28,137,3,0.206,HoveBlatchington
BN3 7JB,E01016879,527133,106308,19,9,183,3,0.206,HoveBlatchington
BN3 7JD,E01016879,527244,106420,17,9,183,3,0.206,HoveBlatchington
BN3 7JE,E01016879,527208,106410,21,11,183,3,0.206,HoveBlatchington
BN3 7JF,E01016879,527132,106197,21,12,115,3,0.206,HoveBlatchington
BN3 7JG,E01016879,527118,106156,35,18,115,3,0.206,HoveBlatchington
BN3 7JH,E01016879,527071,106387,36,18,183,3,0.206,HoveBlatchington
BN3 7JJ,E01016879,527339,106022,24,16,137,3,0.206,HoveBlatchington
BN3 7JL,E01016879,527205,106184,21,14,137,3,0.206,HoveBlatchington
BN3 7JN,E01016980,527956,106018,3,1,123,9,0.051,HoveBlatchington
BN3 7JP,E01016979,527809,106045,30,16,137,7,0.085,HoveBlatchington
BN3 7JQ,E01016979,527813,106012,21,11,137,7,0.085,HoveBlatchington
BN3 7JR,E01016979,527728,105983,2,1,137,7,0.085,HoveBlatchington
BN3 7JS,E01016888,527565,106076,27,14,144,10,0.035,HoveBlatchington
BN3 7JT,E01016888,527602,106016,12,6,144,10,0.035,HoveBlatchington
BN3 7JU,E01016879,527530,105998,14,8,137,3,0.206,HoveBlatchington
BN3 7JW,E01016879,527381,106228,29,11,129,3,0.206,HoveBlatchington
BN3 7JX,E01016879,527287,106411,34,19,129,3,0.206,HoveBlatchington
BN3 7JY,E01016879,527377,106404,35,20,129,3,0.206,HoveBlatchington
BN3 7JZ,E01016879,527127,106449,12,15,183,3,0.206,HoveBlatchington
BN3 7LA,E01016888,527659,105997,20,11,144,10,0.035,HoveBlatchington
BN3 7LB,E01016888,527701,106234,20,11,137,10,0.035,HoveBlatchington
BN3 7LD,E01016888,527667,106258,22,11,137,10,0.035,HoveBlatchington
BN3 7LE,E01016888,527772,106503,21,12,137,10,0.035,HoveBlatchington
BN3 7LF,E01016888,527849,106683,21,11,172,10,0.035,HoveBlatchington
BN3 7LG,E01016888,527915,106749,4,3,172,10,0.035,HoveBlatchington
BN3 7LH,E01016884,527913,106819,15,11,136,4,0.16,HoveBlatchington
BN3 7LJ,E01016884,527767,106818,15,8,136,4,0.16,HoveBlatchington
BN3 7LL,E01016885,527894,106974,8,4,145,2,0.292,HoveBlatchington
BN3 7LN,E01016884,527764,106922,20,11,136,4,0.16,HoveBlatchington
BN3 7LP,E01016884,527448,106738,23,12,130,4,0.16,HoveBlatchington
BN3 7LQ,E01016884,527735,106867,17,7,136,4,0.16,HoveBlatchington
BN3 7LR,E01016888,527505,106721,34,16,124,10,0.035,HoveBlatchington
BN3 7LS,E01016886,527178,106516,14,6,122,6,0.101,HoveBlatchington
BN3 7LT,E01016884,527110,106552,8,4,130,4,0.16,HoveBlatchington
BN3 7LU,E01016884,527164,106565,3,3,130,4,0.16,HoveBlatchington
BN3 7LW,E01016888,527490,106138,45,25,144,10,0.035,HoveBlatchington
BN3 7NA,E01016980,528144,106269,29,15,123,9,0.051,HoveBlatchington
BN3 7NB,E01016980,528146,106316,37,16,122,9,0.051,HoveBlatchington
BN3 7ND,E01016980,527865,106343,17,7,123,9,0.051,HoveBlatchington
BN3 7NE,E01016980,527852,106395,28,11,122,9,0.051,HoveBlatchington
BN3 7NF,E01016888,527604,106472,13,7,137,10,0.035,HoveBlatchington
BN3 7NG,E01016888,527411,106509,19,11,124,10,0.035,HoveBlatchington
BN3 7NH,E01016888,527592,106438,13,8,137,10,0.035,HoveBlatchington
BN3 7NJ,E01016888,527632,106592,10,6,172,10,0.035,HoveBlatchington
BN3 7NL,E01016888,527616,106624,15,7,172,10,0.035,HoveBlatchington
BN3 7NN,E01016888,527723,106688,12,7,172,10,0.035,HoveBlatchington
BN3 7NP,E01016884,527635,106771,9,5,136,4,0.16,HoveBlatchington
BN3 7NQ,E01016888,527539,106630,32,21,124,10,0.035,HoveBlatchington
BN3 7NR,E01016888,527649,106502,16,8,137,10,0.035,HoveBlatchington
BN3 7NS,E01016980,527775,106369,5,4,122,9,0.051,HoveBlatchington
BN3 7NU,E01016879,527109,106369,5,3,183,3,0.206,HoveBlatchington
BN3 7PA,E01016985,528152,106913,17,10,115,8,0.058,HoveBlatchington
BN3 7PB,E01016985,528164,106868,7,4,120,8,0.058,HoveBlatchington
BN3 7PD,E01016982,528491,106785,3,2,117,8,0.064,HoveBlatchington
BN3 7QA,E01016980,528527,106552,0,0,122,9,0.051,HoveBlatchington
BN3 7QB,E01016985,528398,106582,9,6,129,8,0.058,HoveBlatchington
BN3 7QD,E01016985,528327,106579,4,3,129,8,0.058,HoveBlatchington
BN3 7QE,E01016985,528348,106673,12,7,129,8,0.058,HoveBlatchington
BN3 7QF,E01016985,528296,106621,6,3,129,8,0.058,HoveBlatchington
BN3 7QG,E01016985,528248,106695,12,7,129,8,0.058,HoveBlatchington
BN3 7QH,E01016985,528303,106748,1,1,120,8,0.058,HoveBlatchington
BN3 7QJ,E01016985,528212,106674,5,3,129,8,0.058,HoveBlatchington
BN3 7QL,E01016985,528287,106796,7,5,120,8,0.058,HoveBlatchington
BN3 7QN,E01016985,528161,106811,8,5,120,8,0.058,HoveBlatchington
BN3 7QP,E01016985,528030,107017,13,11,120,8,0.058,HoveBlatchington
BN3 7QQ,E01016985,528092,106820,6,3,120,8,0.058,HoveBlatchington
BN3 7QR,E01016985,528040,106787,27,15,129,8,0.058,HoveBlatchington
BN3 7QS,E01016980,528131,106707,7,4,122,9,0.051,HoveBlatchington
BN3 7QT,E01016985,528052,106740,5,3,129,8,0.058,HoveBlatchington
BN3 7QU,E01016985,527939,106898,8,7,110,8,0.058,HoveBlatchington
BN3 7QW,E01016985,527994,106924,9,7,110,8,0.058,HoveBlatchington
BN3 7QX,E01016985,527993,106991,10,7,110,8,0.058,HoveBlatchington
BN3 7QY,E01016985,527947,106959,11,9,110,8,0.058,HoveBlatchington
BN3 7QZ,E01016985,528006,106873,3,3,110,8,0.058,HoveBlatchington
BN3 7RA,E01016985,528530,106736,6,4,129,8,0.058,HoveBlatchington
BN3 7RB,E01016985,528511,106694,2,1,129,8,0.058,HoveBlatchington
BN3 7RD,E01016982,528404,106744,12,7,117,8,0.064,HoveBlatchington
BN3 7RE,E01016888,527508,106205,10,8,144,10,0.035,HoveBlatchington
BN3 7RF,E01016888,527950,106760,7,8,172,10,0.035,HoveBlatchington
BN3 7RJ,E01016979,528677,105745,23,16,179,7,0.085,HoveBlatchington
BN3 7RN,E01016979,528681,105786,4,2,179,7,0.085,HoveBlatchington
BN3 7SA,E01016881,526659,106279,2,1,120,4,0.165,HoveBlatchington
BN3 7SB,E01016887,526719,106443,11,9,134,7,0.076,HoveBlatchington
BN3 7SD,E01016887,526767,106439,6,6,134,7,0.076,HoveBlatchington
BN3 7SE,E01016887,526706,106402,5,4,134,7,0.076,HoveBlatchington
BN3 7SF,E01016887,526791,106405,25,15,134,7,0.076,HoveBlatchington
BN3 7SG,E01016886,527032,106543,8,8,122,6,0.101,HoveBlatchington
BN3 7SH,E01016886,526908,106499,4,2,122,6,0.101,HoveBlatchington
BN3 8AA,E01016881,526665,106388,9,5,120,4,0.165,HoveBlatchington
BN3 8AB,E01016887,526790,106487,6,3,134,7,0.076,HoveBlatchington
BN3 8AD,E01016887,526588,106620,13,9,134,7,0.076,HoveBlatchington
BN3 8AE,E01016887,526587,106722,9,6,133,7,0.076,HoveBlatchington
BN3 8AF,E01016887,526675,106747,15,8,133,7,0.076,HoveBlatchington
BN3 8AG,E01016887,526720,106748,11,6,133,7,0.076,HoveBlatchington
BN3 8AH,E01016883,526575,106898,9,5,146,6,0.112,HoveBlatchington
BN3 8AJ,E01016883,526528,106862,7,3,146,6,0.112,HoveBlatchington
BN3 8AN,E01016883,526452,106840,2,2,146,6,0.112,HoveBlatchington
BN3 8AP,E01016883,526383,106966,10,6,146,6,0.112,HoveBlatchington
BN3 8AR,E01016883,526390,107154,3,2,129,6,0.112,HoveBlatchington
BN3 8AS,E01016883,526520,107087,2,1,146,6,0.112,HoveBlatchington
BN3 8AT,E01016883,526453,107064,2,1,146,6,0.112,HoveBlatchington
BN3 8AY,E01016882,527037,107690,2,2,153,3,0.238,HoveBlatchington
BN3 8BA,E01016883,526842,107076,18,11,129,6,0.112,HoveBlatchington
BN3 8BB,E01016883,526811,107113,30,18,129,6,0.112,HoveBlatchington
BN3 8BD,E01016887,526874,107077,13,9,109,7,0.076,HoveBlatchington
BN3 8BE,E01016883,526918,107152,20,11,129,6,0.112,HoveBlatchington
BN3 8BF,E01016882,526930,107320,9,6,109,3,0.238,HoveBlatchington
BN3 8BG,E01016882,526923,107355,21,10,123,3,0.238,HoveBlatchington
BN3 8BH,E01016882,526976,107298,7,5,109,3,0.238,HoveBlatchington
BN3 8BJ,E01016882,527067,107402,27,14,131,3,0.238,HoveBlatchington
BN3 8BL,E01016882,527173,107547,31,20,153,3,0.238,HoveBlatchington
BN3 8BN,E01016885,527358,107502,18,9,135,2,0.292,HoveBlatchington
BN3 8BP,E01016882,527146,107627,13,8,153,3,0.238,HoveBlatchington
BN3 8BQ,E01016885,527280,107495,13,8,105,2,0.292,HoveBlatchington
BN3 8BR,E01016885,527292,107468,26,16,105,2,0.292,HoveBlatchington
BN3 8BS,E01016885,527417,107450,17,11,135,2,0.292,HoveBlatchington
BN3 8BT,E01016885,527256,107441,36,20,105,2,0.292,HoveBlatchington
BN3 8BU,E01016885,527304,107377,44,20,135,2,0.292,HoveBlatchington
BN3 8BW,E01016882,527160,107414,28,12,131,3,0.238,HoveBlatchington
BN3 8BX,E01016887,526950,107181,14,7,109,7,0.076,HoveBlatchington
BN3 8BY,E01016887,526955,107081,2,1,109,7,0.076,HoveBlatchington
BN3 8BZ,E01016882,526977,107197,15,9,109,3,0.238,HoveBlatchington
BN3 8DA,E01016882,526813,107277,10,5,123,3,0.238,HoveBlatchington
BN3 8DB,E01016885,527451,107374,4,1,135,2,0.292,HoveBlatchington
BN3 8DD,E01016882,527032,107661,2,1,153,3,0.238,HoveBlatchington
BN3 8DE,E01016882,527029,107641,2,1,153,3,0.238,HoveBlatchington
BN3 8EA,E01016883,526611,107125,7,6,146,6,0.112,HoveBlatchington
BN3 8EB,E01016883,526471,107008,4,2,146,6,0.112,HoveBlatchington
BN3 8ED,E01016883,526520,107209,14,9,146,6,0.112,HoveBlatchington
BN3 8EE,E01016883,526334,107267,14,8,129,6,0.112,HoveBlatchington
BN3 8EF,E01016883,526462,107292,2,1,129,6,0.112,HoveBlatchington
BN3 8EG,E01016883,526447,107505,14,8,129,6,0.112,HoveBlatchington
BN3 8EH,E01016883,526490,107427,2,1,129,6,0.112,HoveBlatchington
BN3 8EJ,E01016883,526568,107512,17,10,132,6,0.112,HoveBlatchington
BN3 8EL,E01016883,526651,107473,17,9,132,6,0.112,HoveBlatchington
BN3 8EN,E01016883,526651,107321,3,2,132,6,0.112,HoveBlatchington
BN3 8EP,E01016883,526582,107218,14,7,132,6,0.112,HoveBlatchington
BN3 8EQ,E01016883,526765,107097,13,9,129,6,0.112,HoveBlatchington
BN3 8ER,E01016882,526876,107372,12,9,123,3,0.238,HoveBlatchington
BN3 8ES,E01016882,526983,107479,11,7,153,3,0.238,HoveBlatchington
BN3 8ET,E01016882,527045,107631,35,21,153,3,0.238,HoveBlatchington
BN3 8EU,E01016882,527004,107639,48,21,110,3,0.238,HoveBlatchington
BN3 8EW,E01016883,526691,107467,13,9,121,6,0.112,HoveBlatchington
BN3 8EY,E01016882,526912,107438,6,5,123,3,0.238,HoveBlatchington
BN3 8EZ,E01016882,526894,107588,46,23,110,3,0.238,HoveBlatchington
BN3 8FA,E01016882,526857,107715,3,2,110,3,0.238,HoveBlatchington
BN3 8FB,E01016883,526761,107637,2,2,121,6,0.112,HoveBlatchington
BN3 8FD,E01016883,526476,107518,3,2,132,6,0.112,HoveBlatchington
BN3 8FE,E01016883,526798,107592,18,11,121,6,0.112,HoveBlatchington
BN3 8FG,E01016883,526405,107222,4,3,129,6,0.112,HoveBlatchington
BN3 8GA,E01016885,527836,107033,15,8,128,2,0.292,HoveBlatchington
BN3 8GB,E01016885,527886,107076,18,10,145,2,0.292,HoveBlatchington
BN3 8GD,E01016884,527705,107040,25,13,111,4,0.16,HoveBlatchington
BN3 8GE,E01016885,527808,107112,7,5,128,2,0.292,HoveBlatchington
BN3 8GF,E01016885,527862,107102,16,9,145,2,0.292,HoveBlatchington
BN3 8GG,E01016884,527509,106942,22,12,117,4,0.16,HoveBlatchington
BN3 8GH,E01016885,527930,107032,10,7,145,2,0.292,HoveBlatchington
BN3 8GJ,E01016885,527766,107266,22,13,145,2,0.292,HoveBlatchington
BN3 8GL,E01016885,527604,107461,13,8,100,2,0.292,HoveBlatchington
BN3 8GN,E01016885,527580,107433,21,14,100,2,0.292,HoveBlatchington
BN3 8GP,E01016885,527683,107349,8,5,100,2,0.292,HoveBlatchington
BN3 8GQ,E01016886,527523,107324,13,6,135,6,0.101,HoveBlatchington
BN3 8GR,E01016885,527740,107250,43,19,128,2,0.292,HoveBlatchington
BN3 8GS,E01016885,527674,107202,29,16,128,2,0.292,HoveBlatchington
BN3 8GT,E01016886,527595,107284,9,5,135,6,0.101,HoveBlatchington
BN3 8GU,E01016886,527558,107365,10,5,135,6,0.101,HoveBlatchington
BN3 8GW,E01016884,527546,107126,30,17,111,4,0.16,HoveBlatchington
BN3 8GX,E01016884,527628,107095,22,10,111,4,0.16,HoveBlatchington
BN3 8GY,E01016884,527580,107046,9,5,117,4,0.16,HoveBlatchington
BN3 8GZ,E01016884,527582,107160,15,6,111,4,0.16,HoveBlatchington
BN3 8JA,E01016884,527575,106882,42,22,134,4,0.16,HoveBlatchington
BN3 8JB,E01016884,527631,106954,29,15,134,4,0.16,HoveBlatchington
BN3 8JD,E01016884,527371,106690,22,13,130,4,0.16,HoveBlatchington
BN3 8JE,E01016884,527387,106798,15,12,134,4,0.16,HoveBlatchington
BN3 8JF,E01016884,527255,106694,18,10,130,4,0.16,HoveBlatchington
BN3 8JG,E01016884,527279,106607,4,3,130,4,0.16,HoveBlatchington
BN3 8JH,E01016886,527259,106813,3,3,118,6,0.101,HoveBlatchington
BN3 8JJ,E01016886,527332,106868,24,14,118,6,0.101,HoveBlatchington
BN3 8JL,E01016886,527240,106986,7,5,118,6,0.101,HoveBlatchington
BN3 8JN,E01016886,527324,107010,11,6,118,6,0.101,HoveBlatchington
BN3 8JP,E01016884,527445,107138,53,24,117,4,0.16,HoveBlatchington
BN3 8JQ,E01016886,527493,107402,29,14,135,6,0.101,HoveBlatchington
BN3 8JR,E01016884,527501,107178,8,5,117,4,0.16,HoveBlatchington
BN3 8JS,E01016886,527389,106916,20,9,118,6,0.101,HoveBlatchington
BN3 8LA,E01016887,526919,106589,9,5,108,7,0.076,HoveBlatchington
BN3 8LB,E01016886,526904,106548,19,9,122,6,0.101,HoveBlatchington
BN3 8LD,E01016886,527146,106607,9,4,122,6,0.101,HoveBlatchington
BN3 8LE,E01016886,527143,106732,21,16,108,6,0.101,HoveBlatchington
BN3 8LF,E01016887,527104,106790,18,12,126,7,0.076,HoveBlatchington
BN3 8LG,E01016887,526993,106891,21,13,126,7,0.076,HoveBlatchington
BN3 8LH,E01016887,526785,106880,7,5,133,7,0.076,HoveBlatchington
BN3 8LJ,E01016887,526811,106830,4,2,133,7,0.076,HoveBlatchington
BN3 8LL,E01016887,526951,106820,14,9,126,7,0.076,HoveBlatchington
BN3 8LN,E01016887,526926,106795,14,10,133,7,0.076,HoveBlatchington
BN3 8LP,E01016887,526813,106785,9,5,133,7,0.076,HoveBlatchington
BN3 8LQ,E01016887,526932,106684,5,4,108,7,0.076,HoveBlatchington
BN3 8LR,E01016887,526798,106742,7,3,108,7,0.076,HoveBlatchington
BN3 8LS,E01016887,526945,106737,10,5,126,7,0.076,HoveBlatchington
BN3 8LT,E01016887,526835,106627,19,11,108,7,0.076,HoveBlatchington
BN3 8LU,E01016887,526742,106608,3,2,108,7,0.076,HoveBlatchington
BN3 8PA,E01016886,527378,107062,4,2,118,6,0.101,HoveBlatchington
BN3 8PB,E01016886,527328,107148,18,12,135,6,0.101,HoveBlatchington
BN3 8PD,E01016884,527407,107186,7,4,117,4,0.16,HoveBlatchington
BN3 8PE,E01016886,527379,107286,24,15,135,6,0.101,HoveBlatchington
BN3 8PF,E01016882,527259,107261,12,7,131,3,0.238,HoveBlatchington
BN3 8PG,E01016886,527199,107192,14,11,136,6,0.101,HoveBlatchington
BN3 8PH,E01016882,527128,107302,13,7,131,3,0.238,HoveBlatchington
BN3 8PJ,E01016882,527081,107228,10,6,109,3,0.238,HoveBlatchington
BN3 8PL,E01016882,527022,107407,10,6,123,3,0.238,HoveBlatchington
BN3 8PN,E01016882,527042,107240,20,11,109,3,0.238,HoveBlatchington
BN3 8PP,E01016887,526967,107004,18,11,109,7,0.076,HoveBlatchington
BN3 8PQ,E01016886,527247,107086,24,11,136,6,0.101,HoveBlatchington
BN3 8PR,E01016886,527193,107066,13,5,136,6,0.101,HoveBlatchington
BN3 8PS,E01016886,527168,106956,33,15,136,6,0.101,HoveBlatchington
BN3 8PT,E01016886,527211,106934,20,11,136,6,0.101,HoveBlatchington
BN3 8PU,E01016886,527193,106792,3,1,108,6,0.101,HoveBlatchington
BN3 8PW,E01016887,527054,107121,4,4,109,7,0.076,HoveBlatchington
BN3 8PX,E01016886,527182,106711,18,9,108,6,0.101,HoveBlatchington
BN3 8PY,E01016882,526984,107414,5,3,123,3,0.238,HoveBlatchington
BN41 1AB,E01016974,526222,105217,9,6,183,4,0.179,PACA
BN41 1AD,E01016974,526208,105186,19,10,136,4,0.179,PACA
BN41 1AE,E01016975,526133,105241,17,8,157,3,0.244,PACA
BN41 1AF,E01016974,526222,105295,22,13,183,4,0.179,PACA
BN41 1AG,E01016974,526304,105222,6,4,177,4,0.179,PACA
BN41 1AT,E01016978,525716,105663,2,1,172,4,0.191,PACA
BN41 1AU,E01016974,526272,105234,5,2,183,4,0.179,PACA
BN41 1AX,E01016975,526077,105233,13,7,157,3,0.244,PACA
BN41 1AY,E01016975,526104,105276,7,3,157,3,0.244,PACA
BN41 1BA,E01016974,526325,105498,17,13,177,4,0.179,PACA
BN41 1BB,E01016978,525621,105604,2,2,126,4,0.191,PACA
BN41 1BE,E01016974,526222,104942,2,1,141,4,0.179,PACA
BN41 1DA,E01016974,526199,105141,14,9,136,4,0.179,PACA
BN41 1DB,E01016974,526146,105120,25,16,136,4,0.179,PACA
BN41 1DD,E01016974,525973,105160,15,8,141,4,0.179,PACA
BN41 1DE,E01016975,526021,105180,24,13,157,3,0.244,PACA
BN41 1DF,E01016974,526263,105029,14,10,136,4,0.179,PACA
BN41 1DG,E01016974,526165,105016,1,1,141,4,0.179,PACA
BN41 1DH,E01016974,526071,104998,3,1,141,4,0.179,PACA
BN41 1DN,E01016974,526130,104892,9,6,141,4,0.179,PACA
BN41 1DP,E01016974,525960,104968,1,2,141,4,0.179,PACA
BN41 1DQ,E01016974,525957,105109,17,11,141,4,0.179,PACA
BN41 1GA,E01016974,526380,105453,10,4,177,4,0.179,PACA
BN41 1GB,E01016974,526331,105318,3,2,177,4,0.179,PACA
BN41 1GD,E01016974,526197,105476,24,12,177,4,0.179,PACA
BN41 1GE,E01016975,526005,105434,16,7,121,3,0.244,PACA
BN41 1GF,E01016974,526306,105447,14,7,177,4,0.179,PACA
BN41 1GG,E01016975,526072,105415,9,7,157,3,0.244,PACA
BN41 1GJ,E01016975,526094,105361,18,12,157,3,0.244,PACA
BN41 1GL,E01016974,526231,105391,12,6,183,4,0.179,PACA
BN41 1GN,E01016974,526167,105378,26,14,183,4,0.179,PACA
BN41 1GP,E01016974,526233,105337,6,4,183,4,0.179,PACA
BN41 1GQ,E01016975,525887,105361,6,5,121,3,0.244,PACA
BN41 1GR,E01016978,525697,105581,15,12,116,4,0.191,PACA
BN41 1GS,E01016978,525650,105697,12,8,126,4,0.191,PACA
BN41 1GT,E01016978,525724,105590,11,5,116,4,0.191,PACA
BN41 1GU,E01016978,525689,105732,18,15,118,4,0.191,PACA
BN41 1GW,E01016975,525928,105425,4,4,121,3,0.244,PACA
BN41 1HA,E01016975,525870,105423,8,4,121,3,0.244,PACA
BN41 1HS,E01016974,526271,105363,3,3,183,4,0.179,PACA
BN41 1HT,E01016974,526263,105330,5,4,183,4,0.179,PACA
BN41 1LA,E01016975,525861,105204,17,9,116,3,0.244,PACA
BN41 1LB,E01016975,525896,105157,17,9,116,3,0.244,PACA
BN41 1LD,E01016975,525803,105494,14,9,121,3,0.244,PACA
BN41 1LE,E01016978,525572,105526,18,12,116,4,0.191,PACA
BN41 1LF,E01016978,525633,105497,20,9,116,4,0.191,PACA
BN41 1LG,E01016975,525537,105453,21,11,124,3,0.244,PACA
BN41 1LH,E01016975,525682,105449,28,14,124,3,0.244,PACA
BN41 1LJ,E01016975,525671,105374,42,21,124,3,0.244,PACA
BN41 1LL,E01016975,525707,105285,22,18,112,3,0.244,PACA
BN41 1LN,E01016975,525768,105251,22,16,112,3,0.244,PACA
BN41 1LP,E01016974,525702,105146,25,13,141,4,0.179,PACA
BN41 1LQ,E01016975,525804,105164,20,11,116,3,0.244,PACA
BN41 1LR,E01016975,525797,105101,22,8,116,3,0.244,PACA
BN41 1LS,E01016974,525791,105070,13,6,141,4,0.179,PACA
BN41 1LT,E01016975,525920,105139,2,1,116,3,0.244,PACA
BN41 1LU,E01016975,525906,105243,2,3,157,3,0.244,PACA
BN41 1NN,E01016978,526085,105771,5,2,172,4,0.191,PACA
BN41 1PB,E01016975,525648,105247,8,5,112,3,0.244,PACA
BN41 1SA,E01016978,525647,105560,17,11,126,4,0.191,PACA
BN41 1SB,E01016978,525547,105706,23,12,118,4,0.191,PACA
BN41 1SD,E01016978,525526,105689,33,22,118,4,0.191,PACA
BN41 1SE,E01016978,525610,105631,10,7,126,4,0.191,PACA
BN41 1SG,E01016978,525617,105693,14,8,126,4,0.191,PACA
BN41 1SH,E01016973,525471,105721,25,14,131,5,0.134,PACA
BN41 1SJ,E01016973,525498,105718,20,12,131,5,0.134,PACA
BN41 1SN,E01016973,525475,105879,14,7,130,5,0.134,PACA
BN41 1SP,E01016973,525259,105879,1,1,130,5,0.134,PACA
BN41 1SQ,E01016973,525261,105922,6,4,130,5,0.134,PACA
BN41 1SR,E01016973,525368,105786,10,7,130,5,0.134,PACA
BN41 1SS,E01016973,525424,105700,29,18,127,5,0.134,PACA
BN41 1ST,E01016973,525446,105714,30,16,131,5,0.134,PACA
BN41 1SU,E01016973,525399,105632,9,4,127,5,0.134,PACA
BN41 1SW,E01016973,525376,105714,13,7,127,5,0.134,PACA
BN41 1SX,E01016973,525490,105566,28,19,127,5,0.134,PACA
BN41 1SY,E01016973,525526,105544,2,1,127,5,0.134,PACA
BN41 1SZ,E01016978,525628,105539,2,2,126,4,0.191,PACA
BN41 1TD,E01016973,525503,105628,6,7,131,5,0.134,PACA
BN41 1UA,E01016978,525898,105925,7,3,172,4,0.191,PACA
BN41 1UB,E01016978,525877,105885,17,11,172,4,0.191,PACA
BN41 1UY,E01016992,526430,104783,0,0,151,9,0.04,PACA
BN41 1WE,E01016992,526719,104547,5,2,151,9,0.04,PACA
BN41 1XA,E01016978,525711,105753,16,8,172,4,0.191,PACA
BN41 1XB,E01016975,525874,105634,27,15,121,3,0.244,PACA
BN41 1XD,E01016974,526097,105653,3,1,177,4,0.179,PACA
BN41 1XE,E01016978,526093,105719,8,4,172,4,0.191,PACA
BN41 1XF,E01016974,526461,105668,18,15,145,4,0.179,PACA
BN41 1XG,E01016974,526356,105706,15,8,145,4,0.179,PACA
BN41 1XH,E01016974,526320,105701,15,8,145,4,0.179,PACA
BN41 1XJ,E01016974,526279,105760,5,3,145,4,0.179,PACA
BN41 1XL,E01016974,526256,105703,3,3,177,4,0.179,PACA
BN41 1XN,E01016974,526396,105677,12,9,145,4,0.179,PACA
BN41 1XP,E01016974,526382,105590,7,4,177,4,0.179,PACA
BN41 1XR,E01016976,526121,105812,13,6,135,8,0.066,PACA
BN41 1XS,E01016974,526346,105798,15,7,145,4,0.179,PACA
BN41 1XT,E01016976,526197,105852,11,8,135,8,0.066,PACA
BN41 1XU,E01016976,526081,105858,5,3,135,8,0.066,PACA
BN41 1XW,E01016974,526497,105797,4,3,145,4,0.179,PACA
BN41 1XX,E01016974,526338,105608,9,6,177,4,0.179,PACA
BN41 2AA,E01016973,525494,105972,4,5,130,5,0.134,PACA
BN41 2AB,E01016978,525510,106027,4,3,148,4,0.191,PACA
BN41 2AD,E01016978,525551,106014,15,8,148,4,0.191,PACA
BN41 2AE,E01016978,525511,106087,6,6,148,4,0.191,PACA
BN41 2AF,E01016978,525865,105930,13,11,172,4,0.191,PACA
BN41 2AP,E01016916,524759,107817,2,1,107,6,0.1,PACA
BN41 2BA,E01016978,525946,105942,12,6,172,4,0.191,PACA
BN41 2BB,E01016976,526015,106004,10,6,120,8,0.066,PACA
BN41 2BD,E01016976,526063,105998,9,6,120,8,0.066,PACA
BN41 2BE,E01016976,526002,106220,22,13,103,8,0.066,PACA
BN41 2BF,E01016976,526041,106245,21,14,103,8,0.066,PACA
BN41 2BG,E01016977,525921,106402,17,10,129,4,0.161,PACA
BN41 2BH,E01016976,525911,106176,13,8,120,8,0.066,PACA
BN41 2BJ,E01016976,525952,106190,17,12,103,8,0.066,PACA
BN41 2BL,E01016976,525862,106098,8,5,120,8,0.066,PACA
BN41 2BN,E01016976,525832,106037,19,10,120,8,0.066,PACA
BN41 2BP,E01016978,525852,105995,15,7,107,4,0.191,PACA
BN41 2BQ,E01016976,526116,105967,4,5,135,8,0.066,PACA
BN41 2BS,E01016978,525758,106048,13,11,107,4,0.191,PACA
BN41 2DA,E01016976,526198,105957,17,10,135,8,0.066,PACA
BN41 2DB,E01016976,526139,106101,14,7,135,8,0.066,PACA
BN41 2DD,E01016976,526130,106002,7,4,135,8,0.066,PACA
BN41 2DE,E01016976,526106,106272,18,8,126,8,0.066,PACA
BN41 2DF,E01016976,526135,106301,16,9,126,8,0.066,PACA
BN41 2DG,E01016976,526186,106310,14,10,126,8,0.066,PACA
BN41 2DH,E01016977,526018,106498,13,8,141,4,0.161,PACA
BN41 2DJ,E01016976,526037,106435,1,1,126,8,0.066,PACA
BN41 2DL,E01016976,526266,106241,15,8,120,8,0.066,PACA
BN41 2DN,E01016976,526311,106226,14,9,120,8,0.066,PACA
BN41 2DP,E01016976,526253,106491,28,15,120,8,0.066,PACA
BN41 2DQ,E01016977,526089,106488,6,4,141,4,0.161,PACA
BN41 2DR,E01016977,526186,106482,17,10,141,4,0.161,PACA
BN41 2DS,E01016976,526158,106420,24,12,126,8,0.066,PACA
BN41 2EN,E01016920,525734,106805,4,2,153,8,0.07,PACA
BN41 2EP,E01016920,525654,106849,20,12,153,8,0.07,PACA
BN41 2EQ,E01016920,525713,106825,9,6,153,8,0.07,PACA
BN41 2ER,E01016920,525661,106759,22,12,153,8,0.07,PACA
BN41 2ES,E01016920,525612,106720,18,11,153,8,0.07,PACA
BN41 2ET,E01016920,525581,106857,7,5,109,8,0.07,PACA
BN41 2EU,E01016920,525626,106891,9,6,109,8,0.07,PACA
BN41 2EY,E01016919,525758,107078,38,23,77,4,0.184,PACA
BN41 2EZ,E01016919,525965,107085,3,2,126,4,0.184,PACA
BN41 2FA,E01016977,525763,106284,4,2,129,4,0.161,PACA
BN41 2FB,E01016977,525817,106426,9,6,129,4,0.161,PACA
BN41 2FD,E01016977,525715,106483,39,23,129,4,0.161,PACA
BN41 2FE,E01016977,525879,106537,14,5,96,4,0.161,PACA
BN41 2FF,E01016977,525798,106482,14,9,129,4,0.161,PACA
BN41 2FG,E01016977,525832,106603,5,4,96,4,0.161,PACA
BN41 2FH,E01016977,525936,106585,32,18,141,4,0.161,PACA
BN41 2FJ,E01016977,526014,106578,28,17,141,4,0.161,PACA
BN41 2FL,E01016977,526083,106620,17,10,139,4,0.161,PACA
BN41 2FN,E01016977,526114,106630,22,12,139,4,0.161,PACA
BN41 2FP,E01016977,525992,106620,8,5,141,4,0.161,PACA
BN41 2FQ,E01016977,525988,106693,3,3,139,4,0.161,PACA
BN41 2FR,E01016977,526103,106730,4,2,139,4,0.161,PACA
BN41 2FS,E01016977,526163,106645,12,7,139,4,0.161,PACA
BN41 2FT,E01016977,525840,106657,22,16,96,4,0.161,PACA
BN41 2FU,E01016977,525715,106583,11,5,96,4,0.161,PACA
BN41 2FW,E01016977,526199,106652,12,9,139,4,0.161,PACA
BN41 2FX,E01016976,526224,106673,15,10,120,8,0.066,PACA
BN41 2FY,E01016919,525795,106734,5,4,104,4,0.184,PACA
BN41 2FZ,E01016920,525795,106827,3,2,153,8,0.07,PACA
BN41 2GA,E01016977,525656,106530,3,1,96,4,0.161,PACA
BN41 2GB,E01016916,525619,107705,1,1,107,6,0.1,PACA
BN41 2GE,E01016919,525758,106713,2,2,104,4,0.184,PACA
BN41 2GH,E01016919,525890,106819,10,6,104,4,0.184,PACA
BN41 2GL,E01016919,525870,106788,3,3,104,4,0.184,PACA
BN41 2GN,E01016919,525841,106853,7,3,124,4,0.184,PACA
BN41 2GP,E01016919,525908,106726,9,6,104,4,0.184,PACA
BN41 2GQ,E01016919,526006,106773,18,11,104,4,0.184,PACA
BN41 2GR,E01016919,526025,107129,9,6,126,4,0.184,PACA
BN41 2GS,E01016919,525995,107210,24,15,126,4,0.184,PACA
BN41 2GT,E01016920,525630,106622,12,7,153,8,0.07,PACA
BN41 2GU,E01016919,526023,106868,14,8,113,4,0.184,PACA
BN41 2GW,E01016919,525930,107187,22,13,126,4,0.184,PACA
BN41 2GX,E01016919,525931,107104,13,9,126,4,0.184,PACA
BN41 2GY,E01016919,526018,107016,15,9,113,4,0.184,PACA
BN41 2GZ,E01016919,525990,106964,30,18,124,4,0.184,PACA
BN41 2HA,E01016922,525397,106497,20,12,146,3,0.23,PACA
BN41 2HB,E01016922,525305,106643,19,11,135,3,0.23,PACA
BN41 2HD,E01016922,525342,106650,20,10,135,3,0.23,PACA
BN41 2HE,E01016922,525321,106511,10,7,135,3,0.23,PACA
BN41 2HF,E01016920,525227,106927,21,15,149,8,0.07,PACA
BN41 2HG,E01016920,525276,106932,23,16,149,8,0.07,PACA
BN41 2HH,E01016920,525343,107018,18,12,134,8,0.07,PACA
BN41 2HJ,E01016920,525321,106907,26,17,149,8,0.07,PACA
BN41 2HL,E01016922,525432,106626,36,23,146,3,0.23,PACA
BN41 2HN,E01016922,525405,106597,30,19,146,3,0.23,PACA
BN41 2HP,E01016920,525413,106951,13,8,109,8,0.07,PACA
BN41 2HQ,E01016920,525468,106834,15,9,109,8,0.07,PACA
BN41 2HR,E01016920,525351,107152,10,7,134,8,0.07,PACA
BN41 2HS,E01016920,525306,107101,3,2,134,8,0.07,PACA
BN41 2HT,E01016920,525766,106749,13,9,153,8,0.07,PACA
BN41 2HW,E01016919,526126,106815,4,2,113,4,0.184,PACA
BN41 2HY,E01016919,526055,107025,13,13,113,4,0.184,PACA
BN41 2JA,E01016919,525857,106977,56,28,124,4,0.184,PACA
BN41 2JB,E01016920,525564,106983,38,24,89,8,0.07,PACA
BN41 2JD,E01016920,525470,107124,22,14,134,8,0.07,PACA
BN41 2JE,E01016920,525555,106902,8,4,109,8,0.07,PACA
BN41 2JF,E01016920,525502,107111,14,10,89,8,0.07,PACA
BN41 2LA,E01016978,525677,106082,3,2,107,4,0.191,PACA
BN41 2LB,E01016973,525610,105980,8,5,130,5,0.134,PACA
BN41 2LD,E01016978,525598,106102,11,6,107,4,0.191,PACA
BN41 2LE,E01016977,525429,106304,8,7,124,4,0.161,PACA
BN41 2LF,E01016977,525415,106258,2,1,124,4,0.161,PACA
BN41 2LG,E01016977,525429,106348,5,4,124,4,0.161,PACA
BN41 2LH,E01016977,525447,106378,3,3,124,4,0.161,PACA
BN41 2LJ,E01016973,525349,106230,9,5,142,5,0.134,PACA
BN41 2LL,E01016977,525394,106254,8,5,124,4,0.161,PACA
BN41 2LN,E01016973,525309,106164,14,9,142,5,0.134,PACA
BN41 2LP,E01016973,525289,106084,7,4,115,5,0.134,PACA
BN41 2LQ,E01016973,525337,105952,6,4,130,5,0.134,PACA
BN41 2LR,E01016973,525203,106189,6,4,142,5,0.134,PACA
BN41 2LS,E01016973,525156,106048,14,8,115,5,0.134,PACA
BN41 2LT,E01016973,525174,106083,9,5,115,5,0.134,PACA
BN41 2LU,E01016973,525210,106102,6,5,115,5,0.134,PACA
BN41 2LY,E01016978,525462,106150,5,3,148,4,0.191,PACA
BN41 2LZ,E01016978,525493,106199,2,2,148,4,0.191,PACA
BN41 2PA,E01016977,525400,106416,15,9,124,4,0.161,PACA
BN41 2PB,E01016977,525299,106354,1,1,124,4,0.161,PACA
BN41 2PD,E01016973,525266,106336,4,2,142,5,0.134,PACA
BN41 2PE,E01016973,525218,106319,2,1,142,5,0.134,PACA
BN41 2PF,E01016973,525102,106262,8,4,142,5,0.134,PACA
BN41 2PG,E01016973,525165,106222,2,1,142,5,0.134,PACA
BN41 2PH,E01016973,525067,106313,15,8,142,5,0.134,PACA
BN41 2PJ,E01016921,525071,106445,25,13,144,2,0.269,PACA
BN41 2PL,E01016921,524970,106721,46,24,123,2,0.269,PACA
BN41 2PN,E01016921,524962,106505,27,14,144,2,0.269,PACA
BN41 2PP,E01016918,524828,107011,25,12,118,2,0.272,PACA
BN41 2PQ,E01016921,525123,106605,17,9,109,2,0.269,PACA
BN41 2PR,E01016921,525064,106686,5,3,109,2,0.269,PACA
BN41 2PS,E01016921,525037,106590,53,28,109,2,0.269,PACA
BN41 2PT,E01016921,525007,106401,24,15,144,2,0.269,PACA
BN41 2PU,E01016921,524942,106618,19,12,159,2,0.269,PACA
BN41 2PY,E01016921,524849,106792,3,2,159,2,0.269,PACA
BN41 2PZ,E01016921,524891,106601,11,8,159,2,0.269,PACA
BN41 2QA,E01016921,524880,106634,8,7,159,2,0.269,PACA
BN41 2QB,E01016921,524832,106706,13,10,159,2,0.269,PACA
BN41 2QD,E01016921,524819,106856,16,10,123,2,0.269,PACA
BN41 2QE,E01016919,526122,106854,8,5,113,4,0.184,PACA
BN41 2QG,E01016921,524793,106763,27,11,159,2,0.269,PACA
BN41 2RA,E01016918,524544,107345,44,24,137,2,0.272,PACA
BN41 2RB,E01016918,524608,107162,30,16,137,2,0.272,PACA
BN41 2RD,E01016916,524451,107478,22,12,107,6,0.1,PACA
BN41 2RE,E01016916,524405,107754,8,4,111,6,0.1,PACA
BN41 2RF,E01016916,524242,107978,1,1,107,6,0.1,PACA
BN41 2RG,E01016918,524627,107288,23,11,117,2,0.272,PACA
BN41 2RH,E01016918,524572,107417,14,8,137,2,0.272,PACA
BN41 2RJ,E01016916,524393,107460,7,6,107,6,0.1,PACA
BN41 2RL,E01016916,524411,107370,8,5,97,6,0.1,PACA
BN41 2RN,E01016916,524467,107210,6,4,97,6,0.1,PACA
BN41 2RP,E01016916,524383,107360,18,13,97,6,0.1,PACA
BN41 2RQ,E01016916,524388,107489,5,4,107,6,0.1,PACA
BN41 2RR,E01016916,524340,107565,13,6,111,6,0.1,PACA
BN41 2RS,E01016916,524304,107623,8,4,111,6,0.1,PACA
BN41 2RT,E01016916,524298,107658,7,4,111,6,0.1,PACA
BN41 2RU,E01016916,524312,107729,9,6,111,6,0.1,PACA
BN41 2RW,E01016916,524376,107685,12,6,111,6,0.1,PACA
BN41 2RX,E01016918,524552,107150,10,5,137,2,0.272,PACA
BN41 2RY,E01016918,524722,107225,2,1,117,2,0.272,PACA
BN41 2RZ,E01016916,524501,107164,2,1,97,6,0.1,PACA
BN41 2SA,E01016916,524384,107583,1,2,107,6,0.1,PACA
BN41 2SD,E01016916,524491,107298,3,2,107,6,0.1,PACA
BN41 2TA,E01016921,525164,106561,72,38,128,2,0.269,PACA
BN41 2TB,E01016922,525155,106797,15,8,120,3,0.23,PACA
BN41 2TD,E01016922,525075,106869,29,15,120,3,0.23,PACA
BN41 2TE,E01016922,525025,106837,27,15,123,3,0.23,PACA
BN41 2TF,E01016921,524990,106813,28,16,128,2,0.269,PACA
BN41 2TG,E01016921,524965,106882,18,8,123,2,0.269,PACA
BN41 2TH,E01016918,524899,107091,18,14,118,2,0.272,PACA
BN41 2TJ,E01016922,525036,107062,24,18,123,3,0.23,PACA
BN41 2TL,E01016922,525229,106857,11,7,123,3,0.23,PACA
BN41 2TN,E01016922,525092,106965,16,12,123,3,0.23,PACA
BN41 2TP,E01016922,525224,106663,32,19,120,3,0.23,PACA
BN41 2TQ,E01016922,525271,106598,35,17,135,3,0.23,PACA
BN41 2UZ,E01016918,525376,107262,32,19,108,2,0.272,PACA
BN41 2WA,E01016918,524924,106961,9,4,118,2,0.272,PACA
BN41 2WB,E01016918,524862,107082,28,15,118,2,0.272,PACA
BN41 2WD,E01016921,524770,107112,5,3,123,2,0.269,PACA
BN41 2WE,E01016921,524756,107081,8,5,123,2,0.269,PACA
BN41 2WF,E01016918,524934,107251,15,9,118,2,0.272,PACA
BN41 2WG,E01016918,524764,107210,2,2,117,2,0.272,PACA
BN41 2WH,E01016916,524682,107419,15,13,149,6,0.1,PACA
BN41 2WJ,E01016918,524668,107389,12,6,117,2,0.272,PACA
BN41 2WL,E01016916,524788,107552,41,22,140,6,0.1,PACA
BN41 2WN,E01016916,524828,107547,60,31,140,6,0.1,PACA
BN41 2WP,E01016916,524518,107597,5,3,107,6,0.1,PACA
BN41 2WQ,E01016918,524569,107494,13,7,117,2,0.272,PACA
BN41 2WR,E01016918,524683,107176,3,2,117,2,0.272,PACA
BN41 2WT,E01016917,524965,107302,11,6,106,8,0.064,PACA
BN41 2WU,E01016918,524895,107242,3,3,118,2,0.272,PACA
BN41 2WY,E01016918,525306,107240,33,18,108,2,0.272,PACA
BN41 2XY,E01016918,525222,107296,2,1,118,2,0.272,PACA
BN41 2YA,E01016917,525030,107589,34,18,129,8,0.064,PACA
BN41 2YB,E01016917,524912,107607,17,13,129,8,0.064,PACA
BN41 2YD,E01016917,525118,107542,13,9,97,8,0.064,PACA
BN41 2YE,E01016917,524917,107545,18,9,129,8,0.064,PACA
BN41 2YF,E01016917,524931,107769,17,12,130,8,0.064,PACA
BN41 2YG,E01016917,524936,107738,11,8,130,8,0.064,PACA
BN41 2YH,E01016917,525099,107801,10,6,130,8,0.064,PACA
BN41 2YJ,E01016917,525177,107542,35,18,112,8,0.064,PACA
BN41 2YL,E01016917,525212,107552,25,18,112,8,0.064,PACA
BN41 2YN,E01016917,524951,107717,17,10,130,8,0.064,PACA
BN41 2YP,E01016917,524955,107686,20,12,97,8,0.064,PACA
BN41 2YQ,E01016917,525045,107633,33,21,97,8,0.064,PACA
BN41 2YR,E01016916,524762,107529,32,19,149,6,0.1,PACA
BN41 2YS,E01016916,524727,107539,9,6,149,6,0.1,PACA
BN41 2YT,E01016916,524720,107486,9,5,149,6,0.1,PACA
BN41 2YU,E01016917,525152,107440,41,23,106,8,0.064,PACA
BN41 2YW,E01016917,525180,107487,10,7,106,8,0.064,PACA
BN41 2YX,E01016917,524800,107714,11,7,130,8,0.064,PACA
BN41 2YY,E01016917,525216,107409,11,6,106,8,0.064,PACA
