lsoa,ward,easting,northing,catch_pre2024,catch_optionZ,zone
E01016969,E05015415,531040,104624,DS_Varndean,DS_Varndean,E01016969|DS_Varndean|DS_Varndean
E01016952,E05015411,530981,104247,DS_Varndean,DS_Varndean,E01016952|DS_Varndean|DS_Varndean
E01016952,E05015411,530956,104106,DS_Varndean,DS_Varndean,E01016952|DS_Varndean|DS_Varndean
E01016952,E05015411,530988,104072,DS_Varndean,DS_Varndean,E01016952|DS_Varndean|DS_Varndean
E01016952,E05015411,530996,104202,DS_Varndean,DS_Varndean,E01016952|DS_Varndean|DS_Varndean
E01016952,E05015411,530905,104241,DS_Varndean,DS_Varndean,E01016952|DS_Varndean|DS_Varndean
E01016952,E05015411,530904,104221,DS_Varndean,DS_Varndean,E01016952|DS_Varndean|DS_Varndean
E01016952,E05015411,530931,104078,DS_Varndean,DS_Varndean,E01016952|DS_Varndean|DS_Varndean
E01016952,E05015411,530901,104068,DS_Varndean,DS_Varndean,E01016952|DS_Varndean|DS_Varndean
E01016952,E05015411,530863,104147,DS_Varndean,DS_Varndean,E01016952|DS_Varndean|DS_Varndean
E01016952,E05015411,530852,104004,DS_Varndean,DS_Varndean,E01016952|DS_Varndean|DS_Varndean
E01016952,E05015411,530877,104257,DS_Varndean,DS_Varndean,E01016952|DS_Varndean|DS_Varndean
E01033328,E05015415,531045,104821,DS_Varndean,DS_Varndean,E01033328|DS_Varndean|DS_Varndean
E01016952,E05015411,530959,104175,DS_Varndean,DS_Varndean,E01016952|DS_Varndean|DS_Varndean
E01016969,E05015415,531136,104237,DS_Varndean,DS_Varndean,E01016969|DS_Varndean|DS_Varndean
E01016952,E05015411,531235,104062,DS_Varndean,DS_Varndean,E01016952|DS_Varndean|DS_Varndean
E01016952,E05015411,530921,104249,DS_Varndean,DS_Varndean,E01016952|DS_Varndean|DS_Varndean
E01016969,E05015415,531228,104131,DS_Varndean,DS_Varndean,E01016969|DS_Varndean|DS_Varndean
E01016969,E05015415,531146,104215,DS_Varndean,DS_Varndean,E01016969|DS_Varndean|DS_Varndean
E01016952,E05015411,531102,104194,DS_Varndean,DS_Varndean,E01016952|DS_Varndean|DS_Varndean
E01016969,E05015415,531159,104225,DS_Varndean,DS_Varndean,E01016969|DS_Varndean|DS_Varndean
E01016969,E05015415,531234,104146,DS_Varndean,DS_Varndean,E01016969|DS_Varndean|DS_Varndean
E01016969,E05015415,531266,104109,DS_Varndean,DS_Varndean,E01016969|DS_Varndean|DS_Varndean
E01016952,E05015411,531241,104076,DS_Varndean,DS_Varndean,E01016952|DS_Varndean|DS_Varndean
E01016969,E05015415,531282,104106,DS_Varndean,DS_Varndean,E01016969|DS_Varndean|DS_Varndean
E01016941,E05015405,531376,104097,DS_Varndean,Longhill,E01016941|DS_Varndean|Longhill
E01016941,E05015405,531370,103984,DS_Varndean,Longhill,E01016941|DS_Varndean|Longhill
E01016941,E05015405,531364,104038,DS_Varndean,Longhill,E01016941|DS_Varndean|Longhill
E01016952,E05015411,531047,104220,DS_Varndean,DS_Varndean,E01016952|DS_Varndean|DS_Varndean
E01016969,E05015415,531125,104326,DS_Varndean,DS_Varndean,E01016969|DS_Varndean|DS_Varndean
E01016969,E05015415,531103,104239,DS_Varndean,DS_Varndean,E01016969|DS_Varndean|DS_Varndean
E01016941,E05015405,531369,103952,DS_Varndean,Longhill,E01016941|DS_Varndean|Longhill
E01016969,E05015415,531269,104188,DS_Varndean,DS_Varndean,E01016969|DS_Varndean|DS_Varndean
E01016952,E05015411,531115,103951,DS_Varndean,DS_Varndean,E01016952|DS_Varndean|DS_Varndean
E01016952,E05015411,531230,104048,DS_Varndean,DS_Varndean,E01016952|DS_Varndean|DS_Varndean
E01016952,E05015411,531200,103831,DS_Varndean,DS_Varndean,E01016952|DS_Varndean|DS_Varndean
E01016941,E05015405,531380,104146,DS_Varndean,Longhill,E01016941|DS_Varndean|Longhill
E01016969,E05015415,530995,104352,DS_Varndean,DS_Varndean,E01016969|DS_Varndean|DS_Varndean
E01016969,E05015415,531183,104478,DS_Varndean,DS_Varndean,E01016969|DS_Varndean|DS_Varndean
E01016969,E05015415,531193,104166,DS_Varndean,DS_Varndean,E01016969|DS_Varndean|DS_Varndean
E01016952,E05015411,531101,104163,DS_Varndean,DS_Varndean,E01016952|DS_Varndean|DS_Varndean
E01016952,E05015411,531046,104204,DS_Varndean,DS_Varndean,E01016952|DS_Varndean|DS_Varndean
E01016969,E05015415,531209,104402,DS_Varndean,DS_Varndean,E01016969|DS_Varndean|DS_Varndean
E01016952,E05015411,531019,104162,DS_Varndean,DS_Varndean,E01016952|DS_Varndean|DS_Varndean
E01016952,E05015411,531056,104160,DS_Varndean,DS_Varndean,E01016952|DS_Varndean|DS_Varndean
E01016952,E05015411,531084,104157,DS_Varndean,DS_Varndean,E01016952|DS_Varndean|DS_Varndean
E01016952,E05015411,531024,104071,DS_Varndean,DS_Varndean,E01016952|DS_Varndean|DS_Varndean
E01016952,E05015411,531050,104062,DS_Varndean,DS_Varndean,E01016952|DS_Varndean|DS_Varndean
E01016952,E05015411,531133,104033,DS_Varndean,DS_Varndean,E01016952|DS_Varndean|DS_Varndean
E01016952,E05015411,531128,104084,DS_Varndean,DS_Varndean,E01016952|DS_Varndean|DS_Varndean
E01016952,E05015411,531122,104109,DS_Varndean,DS_Varndean,E01016952|DS_Varndean|DS_Varndean
E01016952,E05015411,531161,104086,DS_Varndean,DS_Varndean,E01016952|DS_Varndean|DS_Varndean
E01016952,E05015411,531190,104049,DS_Varndean,DS_Varndean,E01016952|DS_Varndean|DS_Varndean
E01016952,E05015411,531158,103954,DS_Varndean,DS_Varndean,E01016952|DS_Varndean|DS_Varndean
E01016952,E05015411,531178,103967,DS_Varndean,DS_Varndean,E01016952|DS_Varndean|DS_Varndean
E01016952,E05015411,531133,104037,DS_Varndean,DS_Varndean,E01016952|DS_Varndean|DS_Varndean
E01016952,E05015411,531189,104002,DS_Varndean,DS_Varndean,E01016952|DS_Varndean|DS_Varndean
E01016952,E05015411,531143,103952,DS_Varndean,DS_Varndean,E01016952|DS_Varndean|DS_Varndean
E01016952,E05015411,531196,104011,DS_Varndean,DS_Varndean,E01016952|DS_Varndean|DS_Varndean
E01016952,E05015411,531068,104082,DS_Varndean,DS_Varndean,E01016952|DS_Varndean|DS_Varndean
E01016952,E05015411,531033,104107,DS_Varndean,DS_Varndean,E01016952|DS_Varndean|DS_Varndean
E01016952,E05015411,531111,104014,DS_Varndean,DS_Varndean,E01016952|DS_Varndean|DS_Varndean
E01016952,E05015411,531044,104015,DS_Varndean,DS_Varndean,E01016952|DS_Varndean|DS_Varndean
E01016952,E05015411,530923,104061,DS_Varndean,DS_Varndean,E01016952|DS_Varndean|DS_Varndean
E01016952,E05015411,531115,103951,DS_Varndean,DS_Varndean,E01016952|DS_Varndean|DS_Varndean
E01016952,E05015411,531111,104013,DS_Varndean,DS_Varndean,E01016952|DS_Varndean|DS_Varndean
E01016969,E05015415,531040,104624,DS_Varndean,DS_Varndean,E01016969|DS_Varndean|DS_Varndean
E01016952,E05015411,530884,103974,DS_Varndean,DS_Varndean,E01016952|DS_Varndean|DS_Varndean
E01016952,E05015411,530956,103917,DS_Varndean,DS_Varndean,E01016952|DS_Varndean|DS_Varndean
E01016952,E05015411,531014,104041,DS_Varndean,DS_Varndean,E01016952|DS_Varndean|DS_Varndean
E01016952,E05015411,531143,103928,DS_Varndean,DS_Varndean,E01016952|DS_Varndean|DS_Varndean
E01016952,E05015411,531195,103886,DS_Varndean,DS_Varndean,E01016952|DS_Varndean|DS_Varndean
E01016952,E05015411,531245,103954,DS_Varndean,DS_Varndean,E01016952|DS_Varndean|DS_Varndean
E01016952,E05015411,531207,103941,DS_Varndean,DS_Varndean,E01016952|DS_Varndean|DS_Varndean
E01016952,E05015411,530996,104057,DS_Varndean,DS_Varndean,E01016952|DS_Varndean|DS_Varndean
E01016952,E05015411,531207,103953,DS_Varndean,DS_Varndean,E01016952|DS_Varndean|DS_Varndean
E01016952,E05015411,531009,103994,DS_Varndean,DS_Varndean,E01016952|DS_Varndean|DS_Varndean
E01016952,E05015411,531150,103885,DS_Varndean,DS_Varndean,E01016952|DS_Varndean|DS_Varndean
E01016952,E05015411,531303,103903,DS_Varndean,DS_Varndean,E01016952|DS_Varndean|DS_Varndean
E01016952,E05015411,531208,103967,DS_Varndean,DS_Varndean,E01016952|DS_Varndean|DS_Varndean
E01016952,E05015411,531230,104048,DS_Varndean,DS_Varndean,E01016952|DS_Varndean|DS_Varndean
E01016952,E05015411,531226,103879,DS_Varndean,DS_Varndean,E01016952|DS_Varndean|DS_Varndean
E01016952,E05015411,531218,103881,DS_Varndean,DS_Varndean,E01016952|DS_Varndean|DS_Varndean
E01016969,E05015415,531040,104624,DS_Varndean,DS_Varndean,E01016969|DS_Varndean|DS_Varndean
E01016969,E05015415,531016,104429,DS_Varndean,DS_Varndean,E01016969|DS_Varndean|DS_Varndean
E01016969,E05015415,531102,104327,DS_Varndean,DS_Varndean,E01016969|DS_Varndean|DS_Varndean
E01016969,E05015415,531026,104288,DS_Varndean,DS_Varndean,E01016969|DS_Varndean|DS_Varndean
E01016969,E05015415,531038,104423,DS_Varndean,DS_Varndean,E01016969|DS_Varndean|DS_Varndean
E01016969,E05015415,530940,104316,DS_Varndean,DS_Varndean,E01016969|DS_Varndean|DS_Varndean
E01016952,E05015411,530926,104272,DS_Varndean,DS_Varndean,E01016952|DS_Varndean|DS_Varndean
E01016969,E05015415,530929,104422,DS_Varndean,DS_Varndean,E01016969|DS_Varndean|DS_Varndean
E01016969,E05015415,530940,104475,DS_Varndean,DS_Varndean,E01016969|DS_Varndean|DS_Varndean
E01016969,E05015415,530987,104386,DS_Varndean,DS_Varndean,E01016969|DS_Varndean|DS_Varndean
E01016969,E05015415,531069,104327,DS_Varndean,DS_Varndean,E01016969|DS_Varndean|DS_Varndean
E01016969,E05015415,530956,104356,DS_Varndean,DS_Varndean,E01016969|DS_Varndean|DS_Varndean
E01016952,E05015411,530866,104294,DS_Varndean,DS_Varndean,E01016952|DS_Varndean|DS_Varndean
E01016969,E05015415,530905,104392,DS_Varndean,DS_Varndean,E01016969|DS_Varndean|DS_Varndean
E01016969,E05015415,531081,104349,DS_Varndean,DS_Varndean,E01016969|DS_Varndean|DS_Varndean
E01016969,E05015415,530984,104339,DS_Varndean,DS_Varndean,E01016969|DS_Varndean|DS_Varndean
E01016969,E05015415,531111,104303,DS_Varndean,DS_Varndean,E01016969|DS_Varndean|DS_Varndean
E01016969,E05015415,531040,104624,DS_Varndean,DS_Varndean,E01016969|DS_Varndean|DS_Varndean
E01016969,E05015415,531091,104536,DS_Varndean,DS_Varndean,E01016969|DS_Varndean|DS_Varndean
E01016969,E05015415,531088,104441,DS_Varndean,DS_Varndean,E01016969|DS_Varndean|DS_Varndean
E01016969,E05015415,531053,104542,DS_Varndean,DS_Varndean,E01016969|DS_Varndean|DS_Varndean
E01033328,E05015415,531334,104548,DS_Varndean,DS_Varndean,E01033328|DS_Varndean|DS_Varndean
E01016969,E05015415,531308,104441,DS_Varndean,DS_Varndean,E01016969|DS_Varndean|DS_Varndean
E01016969,E05015415,531218,104378,DS_Varndean,DS_Varndean,E01016969|DS_Varndean|DS_Varndean
E01016969,E05015415,531234,104335,DS_Varndean,DS_Varndean,E01016969|DS_Varndean|DS_Varndean
E01016969,E05015415,531134,104312,DS_Varndean,DS_Varndean,E01016969|DS_Varndean|DS_Varndean
E01016969,E05015415,531169,104335,DS_Varndean,DS_Varndean,E01016969|DS_Varndean|DS_Varndean
E01016969,E05015415,531099,104421,DS_Varndean,DS_Varndean,E01016969|DS_Varndean|DS_Varndean
E01016969,E05015415,531154,104447,DS_Varndean,DS_Varndean,E01016969|DS_Varndean|DS_Varndean
E01016969,E05015415,531147,104470,DS_Varndean,DS_Varndean,E01016969|DS_Varndean|DS_Varndean
E01016969,E05015415,531124,104478,DS_Varndean,DS_Varndean,E01016969|DS_Varndean|DS_Varndean
E01016969,E05015415,531115,104486,DS_Varndean,DS_Varndean,E01016969|DS_Varndean|DS_Varndean
E01016969,E05015415,531102,104489,DS_Varndean,DS_Varndean,E01016969|DS_Varndean|DS_Varndean
E01016969,E05015415,531085,104402,DS_Varndean,DS_Varndean,E01016969|DS_Varndean|DS_Varndean
E01016969,E05015415,531067,104390,DS_Varndean,DS_Varndean,E01016969|DS_Varndean|DS_Varndean
E01016969,E05015415,531188,104517,DS_Varndean,DS_Varndean,E01016969|DS_Varndean|DS_Varndean
E01016969,E05015415,531074,104407,DS_Varndean,DS_Varndean,E01016969|DS_Varndean|DS_Varndean
E01016969,E05015415,531167,104496,DS_Varndean,DS_Varndean,E01016969|DS_Varndean|DS_Varndean
E01016969,E05015415,531112,104254,DS_Varndean,DS_Varndean,E01016969|DS_Varndean|DS_Varndean
E01016969,E05015415,531301,104422,DS_Varndean,DS_Varndean,E01016969|DS_Varndean|DS_Varndean
E01016969,E05015415,531280,104511,DS_Varndean,DS_Varndean,E01016969|DS_Varndean|DS_Varndean
E01016969,E05015415,531143,104371,DS_Varndean,DS_Varndean,E01016969|DS_Varndean|DS_Varndean
E01016969,E05015415,531261,104510,DS_Varndean,DS_Varndean,E01016969|DS_Varndean|DS_Varndean
E01016969,E05015415,531246,104523,DS_Varndean,DS_Varndean,E01016969|DS_Varndean|DS_Varndean
E01016969,E05015415,531095,104553,DS_Varndean,DS_Varndean,E01016969|DS_Varndean|DS_Varndean
E01016969,E05015415,531060,104582,DS_Varndean,DS_Varndean,E01016969|DS_Varndean|DS_Varndean
E01033328,E05015415,531254,104546,DS_Varndean,DS_Varndean,E01033328|DS_Varndean|DS_Varndean
E01016969,E05015415,531272,104484,DS_Varndean,DS_Varndean,E01016969|DS_Varndean|DS_Varndean
E01016969,E05015415,531034,104568,DS_Varndean,DS_Varndean,E01016969|DS_Varndean|DS_Varndean
E01016969,E05015415,530984,104562,DS_Varndean,DS_Varndean,E01016969|DS_Varndean|DS_Varndean
E01033328,E05015415,531319,104541,DS_Varndean,DS_Varndean,E01033328|DS_Varndean|DS_Varndean
E01016952,E05015411,530815,104303,Hove_Blatch,Hove_Blatch,E01016952|Hove_Blatch|Hove_Blatch
E01016953,E05015411,530127,104440,Hove_Blatch,Hove_Blatch,E01016953|Hove_Blatch|Hove_Blatch
E01016850,E05015398,530031,104488,Hove_Blatch,Hove_Blatch,E01016850|Hove_Blatch|Hove_Blatch
E01016953,E05015411,530159,104470,Hove_Blatch,Hove_Blatch,E01016953|Hove_Blatch|Hove_Blatch
E01016955,E05015411,530382,104446,Hove_Blatch,Hove_Blatch,E01016955|Hove_Blatch|Hove_Blatch
E01016969,E05015415,531040,104624,DS_Varndean,DS_Varndean,E01016969|DS_Varndean|DS_Varndean
E01016952,E05015411,530451,104281,Hove_Blatch,Hove_Blatch,E01016952|Hove_Blatch|Hove_Blatch
E01016952,E05015411,530670,104365,Hove_Blatch,Hove_Blatch,E01016952|Hove_Blatch|Hove_Blatch
E01016953,E05015411,530482,104399,Hove_Blatch,Hove_Blatch,E01016953|Hove_Blatch|Hove_Blatch
E01016969,E05015415,530894,104340,DS_Varndean,DS_Varndean,E01016969|DS_Varndean|DS_Varndean
E01016952,E05015411,530709,104368,Hove_Blatch,Hove_Blatch,E01016952|Hove_Blatch|Hove_Blatch
E01016850,E05015398,529948,104340,Hove_Blatch,Hove_Blatch,E01016850|Hove_Blatch|Hove_Blatch
E01016969,E05015415,531040,104624,DS_Varndean,DS_Varndean,E01016969|DS_Varndean|DS_Varndean
E01016955,E05015411,530377,104427,Hove_Blatch,Hove_Blatch,E01016955|Hove_Blatch|Hove_Blatch
E01016952,E05015411,530749,104343,Hove_Blatch,Hove_Blatch,E01016952|Hove_Blatch|Hove_Blatch
E01016952,E05015411,530586,104129,Hove_Blatch,Hove_Blatch,E01016952|Hove_Blatch|Hove_Blatch
E01016952,E05015411,530707,104253,Hove_Blatch,Hove_Blatch,E01016952|Hove_Blatch|Hove_Blatch
E01016952,E05015411,530583,104335,Hove_Blatch,Hove_Blatch,E01016952|Hove_Blatch|Hove_Blatch
E01016952,E05015411,530583,104306,Hove_Blatch,Hove_Blatch,E01016952|Hove_Blatch|Hove_Blatch
E01016952,E05015411,530531,104264,Hove_Blatch,Hove_Blatch,E01016952|Hove_Blatch|Hove_Blatch
E01016952,E05015411,530520,104223,Hove_Blatch,Hove_Blatch,E01016952|Hove_Blatch|Hove_Blatch
E01016952,E05015411,530502,104326,Hove_Blatch,Hove_Blatch,E01016952|Hove_Blatch|Hove_Blatch
E01016969,E05015415,531040,104624,DS_Varndean,DS_Varndean,E01016969|DS_Varndean|DS_Varndean
E01016952,E05015411,530654,104246,Hove_Blatch,Hove_Blatch,E01016952|Hove_Blatch|Hove_Blatch
E01016952,E05015411,530617,104211,Hove_Blatch,Hove_Blatch,E01016952|Hove_Blatch|Hove_Blatch
E01016952,E05015411,530617,104211,Hove_Blatch,Hove_Blatch,E01016952|Hove_Blatch|Hove_Blatch
E01016955,E05015411,530447,104101,Hove_Blatch,Hove_Blatch,E01016955|Hove_Blatch|Hove_Blatch
E01016952,E05015411,530558,104196,Hove_Blatch,Hove_Blatch,E01016952|Hove_Blatch|Hove_Blatch
E01016952,E05015411,530525,104205,Hove_Blatch,Hove_Blatch,E01016952|Hove_Blatch|Hove_Blatch
E01016955,E05015411,530428,104171,Hove_Blatch,Hove_Blatch,E01016955|Hove_Blatch|Hove_Blatch
E01016955,E05015411,530430,104192,Hove_Blatch,Hove_Blatch,E01016955|Hove_Blatch|Hove_Blatch
E01016955,E05015411,530330,104195,Hove_Blatch,Hove_Blatch,E01016955|Hove_Blatch|Hove_Blatch
E01016955,E05015411,530359,104276,Hove_Blatch,Hove_Blatch,E01016955|Hove_Blatch|Hove_Blatch
E01016955,E05015411,530453,104251,Hove_Blatch,Hove_Blatch,E01016955|Hove_Blatch|Hove_Blatch
E01016952,E05015411,530361,104057,Hove_Blatch,Hove_Blatch,E01016952|Hove_Blatch|Hove_Blatch
E01016952,E05015411,530522,104021,Hove_Blatch,Hove_Blatch,E01016952|Hove_Blatch|Hove_Blatch
E01016955,E05015411,530486,104148,Hove_Blatch,Hove_Blatch,E01016955|Hove_Blatch|Hove_Blatch
E01016955,E05015411,530486,104148,Hove_Blatch,Hove_Blatch,E01016955|Hove_Blatch|Hove_Blatch
E01016955,E05015411,530492,104093,Hove_Blatch,Hove_Blatch,E01016955|Hove_Blatch|Hove_Blatch
E01016952,E05015411,530595,104081,Hove_Blatch,Hove_Blatch,E01016952|Hove_Blatch|Hove_Blatch
E01016955,E05015411,530431,104185,Hove_Blatch,Hove_Blatch,E01016955|Hove_Blatch|Hove_Blatch
E01016955,E05015411,530403,104266,Hove_Blatch,Hove_Blatch,E01016955|Hove_Blatch|Hove_Blatch
E01016955,E05015411,530332,104201,Hove_Blatch,Hove_Blatch,E01016955|Hove_Blatch|Hove_Blatch
E01016952,E05015411,530666,104079,Hove_Blatch,Hove_Blatch,E01016952|Hove_Blatch|Hove_Blatch
E01016952,E05015411,531081,103948,DS_Varndean,DS_Varndean,E01016952|DS_Varndean|DS_Varndean
E01016955,E05015411,530424,104377,Hove_Blatch,Hove_Blatch,E01016955|Hove_Blatch|Hove_Blatch
E01016955,E05015411,530417,104361,Hove_Blatch,Hove_Blatch,E01016955|Hove_Blatch|Hove_Blatch
E01016952,E05015411,530419,104330,Hove_Blatch,Hove_Blatch,E01016952|Hove_Blatch|Hove_Blatch
E01016955,E05015411,530359,104349,Hove_Blatch,Hove_Blatch,E01016955|Hove_Blatch|Hove_Blatch
E01016952,E05015411,530369,104306,Hove_Blatch,Hove_Blatch,E01016952|Hove_Blatch|Hove_Blatch
E01016955,E05015411,530315,104205,Hove_Blatch,Hove_Blatch,E01016955|Hove_Blatch|Hove_Blatch
E01016955,E05015411,530311,104134,Hove_Blatch,Hove_Blatch,E01016955|Hove_Blatch|Hove_Blatch
E01016955,E05015411,530305,104135,Hove_Blatch,Hove_Blatch,E01016955|Hove_Blatch|Hove_Blatch
E01016955,E05015411,530305,104135,Hove_Blatch,Hove_Blatch,E01016955|Hove_Blatch|Hove_Blatch
E01016955,E05015411,530295,104228,Hove_Blatch,Hove_Blatch,E01016955|Hove_Blatch|Hove_Blatch
E01016955,E05015411,530328,104339,Hove_Blatch,Hove_Blatch,E01016955|Hove_Blatch|Hove_Blatch
E01016955,E05015411,530306,104266,Hove_Blatch,Hove_Blatch,E01016955|Hove_Blatch|Hove_Blatch
E01016955,E05015411,530206,104186,Hove_Blatch,Hove_Blatch,E01016955|Hove_Blatch|Hove_Blatch
E01016955,E05015411,530244,104216,Hove_Blatch,Hove_Blatch,E01016955|Hove_Blatch|Hove_Blatch
E01016955,E05015411,530489,104286,Hove_Blatch,Hove_Blatch,E01016955|Hove_Blatch|Hove_Blatch
E01016955,E05015411,530274,104150,Hove_Blatch,Hove_Blatch,E01016955|Hove_Blatch|Hove_Blatch
E01016955,E05015411,530491,104281,Hove_Blatch,Hove_Blatch,E01016955|Hove_Blatch|Hove_Blatch
E01016952,E05015411,530235,104143,Hove_Blatch,Hove_Blatch,E01016952|Hove_Blatch|Hove_Blatch
E01016955,E05015411,530257,104188,Hove_Blatch,Hove_Blatch,E01016955|Hove_Blatch|Hove_Blatch
E01016954,E05015411,530178,104161,Hove_Blatch,Hove_Blatch,E01016954|Hove_Blatch|Hove_Blatch
E01016969,E05015415,531040,104624,DS_Varndean,DS_Varndean,E01016969|DS_Varndean|DS_Varndean
E01016969,E05015415,531040,104624,DS_Varndean,DS_Varndean,E01016969|DS_Varndean|DS_Varndean
E01016969,E05015415,531040,104624,DS_Varndean,DS_Varndean,E01016969|DS_Varndean|DS_Varndean
E01016955,E05015411,530308,104452,Hove_Blatch,Hove_Blatch,E01016955|Hove_Blatch|Hove_Blatch
E01016955,E05015411,530285,104404,Hove_Blatch,Hove_Blatch,E01016955|Hove_Blatch|Hove_Blatch
E01016954,E05015411,530232,104395,Hove_Blatch,Hove_Blatch,E01016954|Hove_Blatch|Hove_Blatch
E01016954,E05015411,530265,104319,Hove_Blatch,Hove_Blatch,E01016954|Hove_Blatch|Hove_Blatch
E01016955,E05015411,530295,104314,Hove_Blatch,Hove_Blatch,E01016955|Hove_Blatch|Hove_Blatch
E01016955,E05015411,530250,104245,Hove_Blatch,Hove_Blatch,E01016955|Hove_Blatch|Hove_Blatch
E01016954,E05015411,530211,104312,Hove_Blatch,Hove_Blatch,E01016954|Hove_Blatch|Hove_Blatch
E01016955,E05015411,530176,104227,Hove_Blatch,Hove_Blatch,E01016955|Hove_Blatch|Hove_Blatch
E01016954,E05015411,530147,104242,Hove_Blatch,Hove_Blatch,E01016954|Hove_Blatch|Hove_Blatch
E01016952,E05015411,530224,104081,Hove_Blatch,Hove_Blatch,E01016952|Hove_Blatch|Hove_Blatch
E01016954,E05015411,530119,104189,Hove_Blatch,Hove_Blatch,E01016954|Hove_Blatch|Hove_Blatch
E01016954,E05015411,530147,104339,Hove_Blatch,Hove_Blatch,E01016954|Hove_Blatch|Hove_Blatch
E01016955,E05015411,530285,104404,Hove_Blatch,Hove_Blatch,E01016955|Hove_Blatch|Hove_Blatch
E01016954,E05015411,530162,104389,Hove_Blatch,Hove_Blatch,E01016954|Hove_Blatch|Hove_Blatch
E01016954,E05015411,530223,104408,Hove_Blatch,Hove_Blatch,E01016954|Hove_Blatch|Hove_Blatch
E01016954,E05015411,530157,104177,Hove_Blatch,Hove_Blatch,E01016954|Hove_Blatch|Hove_Blatch
E01016954,E05015411,530164,104305,Hove_Blatch,Hove_Blatch,E01016954|Hove_Blatch|Hove_Blatch
E01016954,E05015411,530164,104305,Hove_Blatch,Hove_Blatch,E01016954|Hove_Blatch|Hove_Blatch
E01016954,E05015411,530164,104305,Hove_Blatch,Hove_Blatch,E01016954|Hove_Blatch|Hove_Blatch
E01016954,E05015411,530186,104369,Hove_Blatch,Hove_Blatch,E01016954|Hove_Blatch|Hove_Blatch
E01016955,E05015411,530240,104280,Hove_Blatch,Hove_Blatch,E01016955|Hove_Blatch|Hove_Blatch
E01016955,E05015411,530276,104405,Hove_Blatch,Hove_Blatch,E01016955|Hove_Blatch|Hove_Blatch
E01016954,E05015411,530088,104477,Hove_Blatch,Hove_Blatch,E01016954|Hove_Blatch|Hove_Blatch
E01016850,E05015398,530015,104387,Hove_Blatch,Hove_Blatch,E01016850|Hove_Blatch|Hove_Blatch
E01016954,E05015411,530040,104352,Hove_Blatch,Hove_Blatch,E01016954|Hove_Blatch|Hove_Blatch
E01016954,E05015411,530089,104403,Hove_Blatch,Hove_Blatch,E01016954|Hove_Blatch|Hove_Blatch
E01016850,E05015398,530007,104422,Hove_Blatch,Hove_Blatch,E01016850|Hove_Blatch|Hove_Blatch
E01016850,E05015398,529982,104293,Hove_Blatch,Hove_Blatch,E01016850|Hove_Blatch|Hove_Blatch
E01016954,E05015411,530016,104291,Hove_Blatch,Hove_Blatch,E01016954|Hove_Blatch|Hove_Blatch
E01016954,E05015411,529997,104216,Hove_Blatch,Hove_Blatch,E01016954|Hove_Blatch|Hove_Blatch
E01016954,E05015411,530118,104250,Hove_Blatch,Hove_Blatch,E01016954|Hove_Blatch|Hove_Blatch
E01016954,E05015411,530065,104264,Hove_Blatch,Hove_Blatch,E01016954|Hove_Blatch|Hove_Blatch
E01016954,E05015411,530021,104231,Hove_Blatch,Hove_Blatch,E01016954|Hove_Blatch|Hove_Blatch
E01016954,E05015411,530099,104198,Hove_Blatch,Hove_Blatch,E01016954|Hove_Blatch|Hove_Blatch
E01016954,E05015411,530071,104326,Hove_Blatch,Hove_Blatch,E01016954|Hove_Blatch|Hove_Blatch
E01016954,E05015411,530104,104381,Hove_Blatch,Hove_Blatch,E01016954|Hove_Blatch|Hove_Blatch
E01016850,E05015398,530001,104388,Hove_Blatch,Hove_Blatch,E01016850|Hove_Blatch|Hove_Blatch
E01016954,E05015411,530004,104251,Hove_Blatch,Hove_Blatch,E01016954|Hove_Blatch|Hove_Blatch
E01016850,E05015398,529951,104223,Hove_Blatch,Hove_Blatch,E01016850|Hove_Blatch|Hove_Blatch
E01016850,E05015398,529951,104223,Hove_Blatch,Hove_Blatch,E01016850|Hove_Blatch|Hove_Blatch
E01016954,E05015411,530058,104294,Hove_Blatch,Hove_Blatch,E01016954|Hove_Blatch|Hove_Blatch
E01016850,E05015398,530021,104412,Hove_Blatch,Hove_Blatch,E01016850|Hove_Blatch|Hove_Blatch
E01016850,E05015398,530011,104398,Hove_Blatch,Hove_Blatch,E01016850|Hove_Blatch|Hove_Blatch
E01016954,E05015411,530096,104361,Hove_Blatch,Hove_Blatch,E01016954|Hove_Blatch|Hove_Blatch
E01016850,E05015398,530018,104442,Hove_Blatch,Hove_Blatch,E01016850|Hove_Blatch|Hove_Blatch
E01016954,E05015411,530141,104398,Hove_Blatch,Hove_Blatch,E01016954|Hove_Blatch|Hove_Blatch
E01016952,E05015411,530845,104204,DS_Varndean,DS_Varndean,E01016952|DS_Varndean|DS_Varndean
E01016952,E05015411,530807,104270,Hove_Blatch,Hove_Blatch,E01016952|Hove_Blatch|Hove_Blatch
E01016952,E05015411,530800,104227,Hove_Blatch,Hove_Blatch,E01016952|Hove_Blatch|Hove_Blatch
E01016952,E05015411,530761,104269,Hove_Blatch,Hove_Blatch,E01016952|Hove_Blatch|Hove_Blatch
E01016952,E05015411,530758,104164,Hove_Blatch,Hove_Blatch,E01016952|Hove_Blatch|Hove_Blatch
E01016952,E05015411,530787,104106,Hove_Blatch,Hove_Blatch,E01016952|Hove_Blatch|Hove_Blatch
E01016952,E05015411,530850,104117,DS_Varndean,DS_Varndean,E01016952|DS_Varndean|DS_Varndean
E01016952,E05015411,530790,104154,Hove_Blatch,Hove_Blatch,E01016952|Hove_Blatch|Hove_Blatch
E01016952,E05015411,530798,104211,Hove_Blatch,Hove_Blatch,E01016952|Hove_Blatch|Hove_Blatch
E01016952,E05015411,530785,104179,Hove_Blatch,Hove_Blatch,E01016952|Hove_Blatch|Hove_Blatch
E01016952,E05015411,530856,104217,DS_Varndean,DS_Varndean,E01016952|DS_Varndean|DS_Varndean
E01016952,E05015411,530698,104303,Hove_Blatch,Hove_Blatch,E01016952|Hove_Blatch|Hove_Blatch
E01016952,E05015411,530747,104239,Hove_Blatch,Hove_Blatch,E01016952|Hove_Blatch|Hove_Blatch
E01016952,E05015411,530657,104263,Hove_Blatch,Hove_Blatch,E01016952|Hove_Blatch|Hove_Blatch
E01016952,E05015411,530680,104201,Hove_Blatch,Hove_Blatch,E01016952|Hove_Blatch|Hove_Blatch
E01016952,E05015411,530680,104201,Hove_Blatch,Hove_Blatch,E01016952|Hove_Blatch|Hove_Blatch
E01016969,E05015415,531040,104624,DS_Varndean,DS_Varndean,E01016969|DS_Varndean|DS_Varndean
E01016850,E05015398,530078,104559,Hove_Blatch,Hove_Blatch,E01016850|Hove_Blatch|Hove_Blatch
E01016951,E05015411,530104,104566,Hove_Blatch,Hove_Blatch,E01016951|Hove_Blatch|Hove_Blatch
E01016951,E05015411,530142,104757,Hove_Blatch,Hove_Blatch,E01016951|Hove_Blatch|Hove_Blatch
E01016951,E05015411,530234,104799,Hove_Blatch,Hove_Blatch,E01016951|Hove_Blatch|Hove_Blatch
E01016951,E05015411,530139,104658,Hove_Blatch,Hove_Blatch,E01016951|Hove_Blatch|Hove_Blatch
E01016951,E05015411,530273,104892,Hove_Blatch,Hove_Blatch,E01016951|Hove_Blatch|Hove_Blatch
E01016951,E05015411,530331,104946,Hove_Blatch,Hove_Blatch,E01016951|Hove_Blatch|Hove_Blatch
E01016951,E05015411,530392,105020,Hove_Blatch,Hove_Blatch,E01016951|Hove_Blatch|Hove_Blatch
E01016950,E05015411,530346,104885,Hove_Blatch,Hove_Blatch,E01016950|Hove_Blatch|Hove_Blatch
E01016950,E05015411,530352,104820,Hove_Blatch,Hove_Blatch,E01016950|Hove_Blatch|Hove_Blatch
E01016951,E05015411,530448,105072,Hove_Blatch,Hove_Blatch,E01016951|Hove_Blatch|Hove_Blatch
E01016951,E05015411,530260,104933,Hove_Blatch,Hove_Blatch,E01016951|Hove_Blatch|Hove_Blatch
E01016850,E05015398,530058,104516,Hove_Blatch,Hove_Blatch,E01016850|Hove_Blatch|Hove_Blatch
E01016877,E05015401,530174,104842,Hove_Blatch,Hove_Blatch,E01016877|Hove_Blatch|Hove_Blatch
E01016951,E05015411,530214,104746,Hove_Blatch,Hove_Blatch,E01016951|Hove_Blatch|Hove_Blatch
E01016950,E05015411,530370,104996,Hove_Blatch,Hove_Blatch,E01016950|Hove_Blatch|Hove_Blatch
E01016877,E05015411,530203,104842,Hove_Blatch,Hove_Blatch,E01016877|Hove_Blatch|Hove_Blatch
E01016877,E05015411,530193,104827,Hove_Blatch,Hove_Blatch,E01016877|Hove_Blatch|Hove_Blatch
E01016953,E05015411,530214,104533,Hove_Blatch,Hove_Blatch,E01016953|Hove_Blatch|Hove_Blatch
E01016951,E05015411,530245,104626,Hove_Blatch,Hove_Blatch,E01016951|Hove_Blatch|Hove_Blatch
E01016951,E05015411,530299,104675,Hove_Blatch,Hove_Blatch,E01016951|Hove_Blatch|Hove_Blatch
E01016953,E05015411,530247,104512,Hove_Blatch,Hove_Blatch,E01016953|Hove_Blatch|Hove_Blatch
E01016951,E05015411,530159,104606,Hove_Blatch,Hove_Blatch,E01016951|Hove_Blatch|Hove_Blatch
E01016951,E05015411,530117,104548,Hove_Blatch,Hove_Blatch,E01016951|Hove_Blatch|Hove_Blatch
E01016953,E05015411,530177,104528,Hove_Blatch,Hove_Blatch,E01016953|Hove_Blatch|Hove_Blatch
E01016854,E05015398,530057,104542,Hove_Blatch,Hove_Blatch,E01016854|Hove_Blatch|Hove_Blatch
E01016951,E05015411,530254,104675,Hove_Blatch,Hove_Blatch,E01016951|Hove_Blatch|Hove_Blatch
E01016967,E05015415,530804,105171,Hove_Blatch,Hove_Blatch,E01016967|Hove_Blatch|Hove_Blatch
E01016951,E05015411,530210,104757,Hove_Blatch,Hove_Blatch,E01016951|Hove_Blatch|Hove_Blatch
E01016955,E05015411,530348,104488,Hove_Blatch,Hove_Blatch,E01016955|Hove_Blatch|Hove_Blatch
E01016953,E05015411,530418,104455,Hove_Blatch,Hove_Blatch,E01016953|Hove_Blatch|Hove_Blatch
E01016953,E05015411,530375,104506,Hove_Blatch,Hove_Blatch,E01016953|Hove_Blatch|Hove_Blatch
E01016953,E05015411,530408,104557,Hove_Blatch,Hove_Blatch,E01016953|Hove_Blatch|Hove_Blatch
E01016953,E05015411,530309,104590,Hove_Blatch,Hove_Blatch,E01016953|Hove_Blatch|Hove_Blatch
E01016953,E05015411,530332,104666,Hove_Blatch,Hove_Blatch,E01016953|Hove_Blatch|Hove_Blatch
E01016953,E05015411,530371,104661,Hove_Blatch,Hove_Blatch,E01016953|Hove_Blatch|Hove_Blatch
E01016953,E05015411,530391,104637,Hove_Blatch,Hove_Blatch,E01016953|Hove_Blatch|Hove_Blatch
E01016953,E05015411,530410,104627,Hove_Blatch,Hove_Blatch,E01016953|Hove_Blatch|Hove_Blatch
E01033329,E05015415,530989,104971,DS_Varndean,DS_Varndean,E01033329|DS_Varndean|DS_Varndean
E01016953,E05015411,530326,104543,Hove_Blatch,Hove_Blatch,E01016953|Hove_Blatch|Hove_Blatch
E01016952,E05015411,530749,104362,Hove_Blatch,Hove_Blatch,E01016952|Hove_Blatch|Hove_Blatch
E01016952,E05015411,530592,104449,Hove_Blatch,Hove_Blatch,E01016952|Hove_Blatch|Hove_Blatch
E01016952,E05015411,530636,104433,Hove_Blatch,Hove_Blatch,E01016952|Hove_Blatch|Hove_Blatch
E01016952,E05015411,530549,104441,Hove_Blatch,Hove_Blatch,E01016952|Hove_Blatch|Hove_Blatch
E01016953,E05015411,530452,104469,Hove_Blatch,Hove_Blatch,E01016953|Hove_Blatch|Hove_Blatch
E01016953,E05015411,530488,104452,Hove_Blatch,Hove_Blatch,E01016953|Hove_Blatch|Hove_Blatch
E01016952,E05015411,530510,104451,Hove_Blatch,Hove_Blatch,E01016952|Hove_Blatch|Hove_Blatch
E01016952,E05015411,530754,104347,Hove_Blatch,Hove_Blatch,E01016952|Hove_Blatch|Hove_Blatch
E01016950,E05015411,530591,104772,Hove_Blatch,Hove_Blatch,E01016950|Hove_Blatch|Hove_Blatch
E01016969,E05015415,530834,104368,Hove_Blatch,Hove_Blatch,E01016969|Hove_Blatch|Hove_Blatch
E01016969,E05015415,530801,104400,Hove_Blatch,Hove_Blatch,E01016969|Hove_Blatch|Hove_Blatch
E01016952,E05015411,530740,104399,Hove_Blatch,Hove_Blatch,E01016952|Hove_Blatch|Hove_Blatch
E01016969,E05015415,530782,104414,Hove_Blatch,Hove_Blatch,E01016969|Hove_Blatch|Hove_Blatch
E01016953,E05015411,530615,104470,Hove_Blatch,Hove_Blatch,E01016953|Hove_Blatch|Hove_Blatch
E01016953,E05015411,530508,104501,Hove_Blatch,Hove_Blatch,E01016953|Hove_Blatch|Hove_Blatch
E01016953,E05015411,530643,104488,Hove_Blatch,Hove_Blatch,E01016953|Hove_Blatch|Hove_Blatch
E01016953,E05015411,530504,104526,Hove_Blatch,Hove_Blatch,E01016953|Hove_Blatch|Hove_Blatch
E01016953,E05015411,530491,104563,Hove_Blatch,Hove_Blatch,E01016953|Hove_Blatch|Hove_Blatch
E01016953,E05015411,530437,104610,Hove_Blatch,Hove_Blatch,E01016953|Hove_Blatch|Hove_Blatch
E01016953,E05015411,530457,104604,Hove_Blatch,Hove_Blatch,E01016953|Hove_Blatch|Hove_Blatch
E01016953,E05015411,530431,104636,Hove_Blatch,Hove_Blatch,E01016953|Hove_Blatch|Hove_Blatch
E01016953,E05015411,530456,104700,Hove_Blatch,Hove_Blatch,E01016953|Hove_Blatch|Hove_Blatch
E01016950,E05015411,530382,104803,Hove_Blatch,Hove_Blatch,E01016950|Hove_Blatch|Hove_Blatch
E01016950,E05015411,530413,104800,Hove_Blatch,Hove_Blatch,E01016950|Hove_Blatch|Hove_Blatch
E01016969,E05015415,530857,104361,DS_Varndean,Hove_Blatch,E01016969|DS_Varndean|Hove_Blatch
E01033329,E05015415,530976,104845,Hove_Blatch,Hove_Blatch,E01033329|Hove_Blatch|Hove_Blatch
E01016950,E05015411,530583,104827,Hove_Blatch,Hove_Blatch,E01016950|Hove_Blatch|Hove_Blatch
E01016950,E05015411,530610,104837,Hove_Blatch,Hove_Blatch,E01016950|Hove_Blatch|Hove_Blatch
E01016950,E05015411,530622,104798,Hove_Blatch,Hove_Blatch,E01016950|Hove_Blatch|Hove_Blatch
E01016953,E05015411,530595,104625,Hove_Blatch,Hove_Blatch,E01016953|Hove_Blatch|Hove_Blatch
E01016953,E05015411,530495,104627,Hove_Blatch,Hove_Blatch,E01016953|Hove_Blatch|Hove_Blatch
E01016950,E05015411,530545,104708,Hove_Blatch,Hove_Blatch,E01016950|Hove_Blatch|Hove_Blatch
E01016950,E05015411,530593,104669,Hove_Blatch,Hove_Blatch,E01016950|Hove_Blatch|Hove_Blatch
E01016950,E05015411,530597,104686,Hove_Blatch,Hove_Blatch,E01016950|Hove_Blatch|Hove_Blatch
E01016950,E05015411,530478,104724,Hove_Blatch,Hove_Blatch,E01016950|Hove_Blatch|Hove_Blatch
E01016950,E05015411,530480,104774,Hove_Blatch,Hove_Blatch,E01016950|Hove_Blatch|Hove_Blatch
E01016953,E05015411,530434,104787,Hove_Blatch,Hove_Blatch,E01016953|Hove_Blatch|Hove_Blatch
E01016950,E05015411,530451,104865,Hove_Blatch,Hove_Blatch,E01016950|Hove_Blatch|Hove_Blatch
E01016950,E05015411,530535,104906,Hove_Blatch,Hove_Blatch,E01016950|Hove_Blatch|Hove_Blatch
E01016950,E05015411,530543,104864,Hove_Blatch,Hove_Blatch,E01016950|Hove_Blatch|Hove_Blatch
E01016950,E05015411,530503,104794,Hove_Blatch,Hove_Blatch,E01016950|Hove_Blatch|Hove_Blatch
E01016950,E05015411,530564,104833,Hove_Blatch,Hove_Blatch,E01016950|Hove_Blatch|Hove_Blatch
E01016968,E05015415,530685,104637,Hove_Blatch,Hove_Blatch,E01016968|Hove_Blatch|Hove_Blatch
E01016968,E05015415,530657,104824,Hove_Blatch,Hove_Blatch,E01016968|Hove_Blatch|Hove_Blatch
E01016967,E05015415,530591,105051,Hove_Blatch,Hove_Blatch,E01016967|Hove_Blatch|Hove_Blatch
E01016950,E05015411,530574,105008,Hove_Blatch,Hove_Blatch,E01016950|Hove_Blatch|Hove_Blatch
E01016950,E05015411,530451,104910,Hove_Blatch,Hove_Blatch,E01016950|Hove_Blatch|Hove_Blatch
E01016950,E05015411,530404,104965,Hove_Blatch,Hove_Blatch,E01016950|Hove_Blatch|Hove_Blatch
E01016951,E05015411,530480,105057,Hove_Blatch,Hove_Blatch,E01016951|Hove_Blatch|Hove_Blatch
E01016950,E05015411,530543,104984,Hove_Blatch,Hove_Blatch,E01016950|Hove_Blatch|Hove_Blatch
E01016950,E05015411,530540,105058,Hove_Blatch,Hove_Blatch,E01016950|Hove_Blatch|Hove_Blatch
E01016950,E05015411,530597,104885,Hove_Blatch,Hove_Blatch,E01016950|Hove_Blatch|Hove_Blatch
E01016950,E05015411,530626,104768,Hove_Blatch,Hove_Blatch,E01016950|Hove_Blatch|Hove_Blatch
E01016951,E05015411,530502,105071,Hove_Blatch,Hove_Blatch,E01016951|Hove_Blatch|Hove_Blatch
E01016969,E05015415,530883,104671,Hove_Blatch,Hove_Blatch,E01016969|Hove_Blatch|Hove_Blatch
E01016969,E05015415,530866,104548,Hove_Blatch,Hove_Blatch,E01016969|Hove_Blatch|Hove_Blatch
E01016969,E05015415,530855,104416,Hove_Blatch,Hove_Blatch,E01016969|Hove_Blatch|Hove_Blatch
E01016969,E05015415,530836,104519,Hove_Blatch,Hove_Blatch,E01016969|Hove_Blatch|Hove_Blatch
E01016969,E05015415,530843,104583,Hove_Blatch,Hove_Blatch,E01016969|Hove_Blatch|Hove_Blatch
E01016969,E05015415,530777,104541,Hove_Blatch,Hove_Blatch,E01016969|Hove_Blatch|Hove_Blatch
E01016969,E05015415,530860,104472,Hove_Blatch,Hove_Blatch,E01016969|Hove_Blatch|Hove_Blatch
E01016969,E05015415,530847,104636,Hove_Blatch,Hove_Blatch,E01016969|Hove_Blatch|Hove_Blatch
E01016969,E05015415,530839,104692,Hove_Blatch,Hove_Blatch,E01016969|Hove_Blatch|Hove_Blatch
E01016969,E05015415,530790,104647,Hove_Blatch,Hove_Blatch,E01016969|Hove_Blatch|Hove_Blatch
E01033329,E05015415,530871,104745,Hove_Blatch,Hove_Blatch,E01033329|Hove_Blatch|Hove_Blatch
E01033329,E05015415,530917,104817,Hove_Blatch,Hove_Blatch,E01033329|Hove_Blatch|Hove_Blatch
E01033329,E05015415,530882,104826,Hove_Blatch,Hove_Blatch,E01033329|Hove_Blatch|Hove_Blatch
E01016968,E05015415,530864,104828,Hove_Blatch,Hove_Blatch,E01016968|Hove_Blatch|Hove_Blatch
E01016968,E05015415,530855,104885,Hove_Blatch,Hove_Blatch,E01016968|Hove_Blatch|Hove_Blatch
E01016968,E05015415,530881,104907,Hove_Blatch,Hove_Blatch,E01016968|Hove_Blatch|Hove_Blatch
E01016951,E05015411,530110,104663,Hove_Blatch,Hove_Blatch,E01016951|Hove_Blatch|Hove_Blatch
E01033329,E05015415,530937,104816,Hove_Blatch,Hove_Blatch,E01033329|Hove_Blatch|Hove_Blatch
E01033329,E05015415,530958,104802,Hove_Blatch,Hove_Blatch,E01033329|Hove_Blatch|Hove_Blatch
E01033329,E05015415,530959,104982,Hove_Blatch,Hove_Blatch,E01033329|Hove_Blatch|Hove_Blatch
E01033329,E05015415,530927,104932,Hove_Blatch,Hove_Blatch,E01033329|Hove_Blatch|Hove_Blatch
E01033329,E05015415,530930,104986,Hove_Blatch,Hove_Blatch,E01033329|Hove_Blatch|Hove_Blatch
E01033329,E05015415,530895,104990,Hove_Blatch,Hove_Blatch,E01033329|Hove_Blatch|Hove_Blatch
E01016967,E05015415,530873,104998,Hove_Blatch,Hove_Blatch,E01016967|Hove_Blatch|Hove_Blatch
E01016967,E05015415,530824,105090,Hove_Blatch,Hove_Blatch,E01016967|Hove_Blatch|Hove_Blatch
E01016967,E05015415,530777,105092,Hove_Blatch,Hove_Blatch,E01016967|Hove_Blatch|Hove_Blatch
E01016967,E05015415,530654,104978,Hove_Blatch,Hove_Blatch,E01016967|Hove_Blatch|Hove_Blatch
E01016967,E05015415,530634,105008,Hove_Blatch,Hove_Blatch,E01016967|Hove_Blatch|Hove_Blatch
E01016967,E05015415,530790,105138,Hove_Blatch,Hove_Blatch,E01016967|Hove_Blatch|Hove_Blatch
E01033329,E05015415,530925,105009,Hove_Blatch,Hove_Blatch,E01033329|Hove_Blatch|Hove_Blatch
E01016967,E05015415,530723,105047,Hove_Blatch,Hove_Blatch,E01016967|Hove_Blatch|Hove_Blatch
E01016967,E05015415,530689,105060,Hove_Blatch,Hove_Blatch,E01016967|Hove_Blatch|Hove_Blatch
E01033329,E05015415,530900,104982,Hove_Blatch,Hove_Blatch,E01033329|Hove_Blatch|Hove_Blatch
E01016967,E05015415,530820,105139,Hove_Blatch,Hove_Blatch,E01016967|Hove_Blatch|Hove_Blatch
E01016968,E05015415,530762,104733,Hove_Blatch,Hove_Blatch,E01016968|Hove_Blatch|Hove_Blatch
E01016968,E05015415,530777,104684,Hove_Blatch,Hove_Blatch,E01016968|Hove_Blatch|Hove_Blatch
E01016968,E05015415,530716,104701,Hove_Blatch,Hove_Blatch,E01016968|Hove_Blatch|Hove_Blatch
E01016968,E05015415,530694,104798,Hove_Blatch,Hove_Blatch,E01016968|Hove_Blatch|Hove_Blatch
E01016968,E05015415,530731,104799,Hove_Blatch,Hove_Blatch,E01016968|Hove_Blatch|Hove_Blatch
E01016968,E05015415,530752,104834,Hove_Blatch,Hove_Blatch,E01016968|Hove_Blatch|Hove_Blatch
E01016968,E05015415,530794,104885,Hove_Blatch,Hove_Blatch,E01016968|Hove_Blatch|Hove_Blatch
E01016968,E05015415,530817,104837,Hove_Blatch,Hove_Blatch,E01016968|Hove_Blatch|Hove_Blatch
E01016968,E05015415,530686,104890,Hove_Blatch,Hove_Blatch,E01016968|Hove_Blatch|Hove_Blatch
E01016968,E05015415,530754,104887,Hove_Blatch,Hove_Blatch,E01016968|Hove_Blatch|Hove_Blatch
E01016967,E05015415,530808,104998,Hove_Blatch,Hove_Blatch,E01016967|Hove_Blatch|Hove_Blatch
E01016967,E05015415,530841,105006,Hove_Blatch,Hove_Blatch,E01016967|Hove_Blatch|Hove_Blatch
E01016967,E05015415,530722,105004,Hove_Blatch,Hove_Blatch,E01016967|Hove_Blatch|Hove_Blatch
E01016967,E05015415,530746,104994,Hove_Blatch,Hove_Blatch,E01016967|Hove_Blatch|Hove_Blatch
E01016968,E05015415,530738,104916,Hove_Blatch,Hove_Blatch,E01016968|Hove_Blatch|Hove_Blatch
E01016967,E05015415,530769,104971,Hove_Blatch,Hove_Blatch,E01016967|Hove_Blatch|Hove_Blatch
E01016950,E05015411,530598,104788,Hove_Blatch,Hove_Blatch,E01016950|Hove_Blatch|Hove_Blatch
E01016968,E05015415,530722,104914,Hove_Blatch,Hove_Blatch,E01016968|Hove_Blatch|Hove_Blatch
E01016967,E05015415,530646,105076,Hove_Blatch,Hove_Blatch,E01016967|Hove_Blatch|Hove_Blatch
E01016967,E05015415,530687,105159,Hove_Blatch,Hove_Blatch,E01016967|Hove_Blatch|Hove_Blatch
E01016967,E05015415,530620,105132,Hove_Blatch,Hove_Blatch,E01016967|Hove_Blatch|Hove_Blatch
E01016967,E05015415,530520,105236,Hove_Blatch,Hove_Blatch,E01016967|Hove_Blatch|Hove_Blatch
E01016938,E05015409,530483,105323,DS_Varndean,DS_Varndean,E01016938|DS_Varndean|DS_Varndean
E01016938,E05015409,530424,105388,DS_Varndean,DS_Varndean,E01016938|DS_Varndean|DS_Varndean
E01016938,E05015409,530524,105284,DS_Varndean,DS_Varndean,E01016938|DS_Varndean|DS_Varndean
E01016967,E05015415,530572,105179,Hove_Blatch,Hove_Blatch,E01016967|Hove_Blatch|Hove_Blatch
E01016938,E05015409,530573,105335,DS_Varndean,DS_Varndean,E01016938|DS_Varndean|DS_Varndean
E01016967,E05015415,530618,105194,Hove_Blatch,Hove_Blatch,E01016967|Hove_Blatch|Hove_Blatch
E01016967,E05015415,530651,105186,Hove_Blatch,Hove_Blatch,E01016967|Hove_Blatch|Hove_Blatch
E01016967,E05015415,530739,105206,Hove_Blatch,Hove_Blatch,E01016967|Hove_Blatch|Hove_Blatch
E01016967,E05015415,530595,105226,Hove_Blatch,Hove_Blatch,E01016967|Hove_Blatch|Hove_Blatch
E01016938,E05015409,530648,105319,DS_Varndean,DS_Varndean,E01016938|DS_Varndean|DS_Varndean
E01016938,E05015409,530729,105322,DS_Varndean,DS_Varndean,E01016938|DS_Varndean|DS_Varndean
E01016938,E05015409,530766,105323,DS_Varndean,DS_Varndean,E01016938|DS_Varndean|DS_Varndean
E01016967,E05015415,530663,105092,Hove_Blatch,Hove_Blatch,E01016967|Hove_Blatch|Hove_Blatch
E01016938,E05015409,530491,105286,DS_Varndean,DS_Varndean,E01016938|DS_Varndean|DS_Varndean
E01016967,E05015415,530779,105174,Hove_Blatch,Hove_Blatch,E01016967|Hove_Blatch|Hove_Blatch
E01016938,E05015409,530483,105374,DS_Varndean,DS_Varndean,E01016938|DS_Varndean|DS_Varndean
E01016967,E05015415,530822,105163,Hove_Blatch,Hove_Blatch,E01016967|Hove_Blatch|Hove_Blatch
E01016969,E05015415,531040,104624,DS_Varndean,DS_Varndean,E01016969|DS_Varndean|DS_Varndean
E01016969,E05015415,530873,104428,Hove_Blatch,Hove_Blatch,E01016969|Hove_Blatch|Hove_Blatch
E01016969,E05015415,530896,104410,DS_Varndean,DS_Varndean,E01016969|DS_Varndean|DS_Varndean
E01016967,E05015415,530576,105170,Hove_Blatch,Hove_Blatch,E01016967|Hove_Blatch|Hove_Blatch
E01016969,E05015415,530907,104558,Hove_Blatch,Hove_Blatch,E01016969|Hove_Blatch|Hove_Blatch
E01016969,E05015415,530936,104682,Hove_Blatch,Hove_Blatch,E01016969|Hove_Blatch|Hove_Blatch
E01033329,E05015415,530967,104793,Hove_Blatch,Hove_Blatch,E01033329|Hove_Blatch|Hove_Blatch
E01033329,E05015415,530998,104802,Hove_Blatch,Hove_Blatch,E01033329|Hove_Blatch|Hove_Blatch
E01016969,E05015415,530963,104640,DS_Varndean,DS_Varndean,E01016969|DS_Varndean|DS_Varndean
E01016969,E05015415,530940,104568,DS_Varndean,DS_Varndean,E01016969|DS_Varndean|DS_Varndean
E01016969,E05015415,530992,104712,DS_Varndean,DS_Varndean,E01016969|DS_Varndean|DS_Varndean
E01033329,E05015415,530989,104971,DS_Varndean,DS_Varndean,E01033329|DS_Varndean|DS_Varndean
E01033329,E05015415,530989,104971,DS_Varndean,DS_Varndean,E01033329|DS_Varndean|DS_Varndean
E01016969,E05015415,530920,104604,Hove_Blatch,Hove_Blatch,E01016969|Hove_Blatch|Hove_Blatch
E01016969,E05015415,530890,104555,Hove_Blatch,Hove_Blatch,E01016969|Hove_Blatch|Hove_Blatch
E01016969,E05015415,530968,104669,DS_Varndean,DS_Varndean,E01016969|DS_Varndean|DS_Varndean
E01033329,E05015415,530982,104912,DS_Varndean,DS_Varndean,E01033329|DS_Varndean|DS_Varndean
E01033328,E05015415,531386,104627,DS_Varndean,DS_Varndean,E01033328|DS_Varndean|DS_Varndean
E01033328,E05015415,531319,104596,DS_Varndean,DS_Varndean,E01033328|DS_Varndean|DS_Varndean
E01033328,E05015415,531338,104656,DS_Varndean,DS_Varndean,E01033328|DS_Varndean|DS_Varndean
E01033328,E05015415,531338,104570,DS_Varndean,DS_Varndean,E01033328|DS_Varndean|DS_Varndean
E01033328,E05015415,531314,104685,DS_Varndean,DS_Varndean,E01033328|DS_Varndean|DS_Varndean
E01033328,E05015415,531284,104607,DS_Varndean,DS_Varndean,E01033328|DS_Varndean|DS_Varndean
E01033328,E05015415,531258,104619,DS_Varndean,DS_Varndean,E01033328|DS_Varndean|DS_Varndean
E01033328,E05015415,531206,104614,DS_Varndean,DS_Varndean,E01033328|DS_Varndean|DS_Varndean
E01033328,E05015415,531175,104620,DS_Varndean,DS_Varndean,E01033328|DS_Varndean|DS_Varndean
E01033328,E05015415,531161,104636,DS_Varndean,DS_Varndean,E01033328|DS_Varndean|DS_Varndean
E01033328,E05015415,531129,104714,DS_Varndean,DS_Varndean,E01033328|DS_Varndean|DS_Varndean
E01033328,E05015415,531149,104692,DS_Varndean,DS_Varndean,E01033328|DS_Varndean|DS_Varndean
E01033328,E05015415,531122,104633,DS_Varndean,DS_Varndean,E01033328|DS_Varndean|DS_Varndean
E01033328,E05015415,531317,104698,DS_Varndean,DS_Varndean,E01033328|DS_Varndean|DS_Varndean
E01016969,E05015415,531090,104632,DS_Varndean,DS_Varndean,E01016969|DS_Varndean|DS_Varndean
E01016964,E05015415,531143,105335,DS_Varndean,DS_Varndean,E01016964|DS_Varndean|DS_Varndean
E01033328,E05015415,531235,104649,DS_Varndean,DS_Varndean,E01033328|DS_Varndean|DS_Varndean
E01016964,E05015415,531127,105325,DS_Varndean,DS_Varndean,E01016964|DS_Varndean|DS_Varndean
E01033329,E05015415,531129,105045,DS_Varndean,DS_Varndean,E01033329|DS_Varndean|DS_Varndean
E01033329,E05015415,531006,105339,DS_Varndean,DS_Varndean,E01033329|DS_Varndean|DS_Varndean
E01016972,E05015413,531446,105454,DS_Varndean,DS_Varndean,E01016972|DS_Varndean|DS_Varndean
E01016964,E05015415,531127,105325,DS_Varndean,DS_Varndean,E01016964|DS_Varndean|DS_Varndean
E01033329,E05015415,531169,104862,DS_Varndean,DS_Varndean,E01033329|DS_Varndean|DS_Varndean
E01016964,E05015415,531334,104684,DS_Varndean,DS_Varndean,E01016964|DS_Varndean|DS_Varndean
E01033328,E05015415,531264,104697,DS_Varndean,DS_Varndean,E01033328|DS_Varndean|DS_Varndean
E01033329,E05015415,531157,104919,DS_Varndean,DS_Varndean,E01033329|DS_Varndean|DS_Varndean
E01016964,E05015415,531127,105325,DS_Varndean,DS_Varndean,E01016964|DS_Varndean|DS_Varndean
E01033329,E05015415,531079,105145,DS_Varndean,DS_Varndean,E01033329|DS_Varndean|DS_Varndean
E01033329,E05015415,531093,104966,DS_Varndean,DS_Varndean,E01033329|DS_Varndean|DS_Varndean
E01033329,E05015415,531131,104952,DS_Varndean,DS_Varndean,E01033329|DS_Varndean|DS_Varndean
E01033329,E05015415,531196,104861,DS_Varndean,DS_Varndean,E01033329|DS_Varndean|DS_Varndean
E01033329,E05015415,531225,104858,DS_Varndean,DS_Varndean,E01033329|DS_Varndean|DS_Varndean
E01033329,E05015415,531031,104791,DS_Varndean,DS_Varndean,E01033329|DS_Varndean|DS_Varndean
E01033329,E05015415,531162,104862,DS_Varndean,DS_Varndean,E01033329|DS_Varndean|DS_Varndean
E01033328,E05015415,531132,104844,DS_Varndean,DS_Varndean,E01033328|DS_Varndean|DS_Varndean
E01033328,E05015415,531072,104789,DS_Varndean,DS_Varndean,E01033328|DS_Varndean|DS_Varndean
E01033328,E05015415,531099,104785,DS_Varndean,DS_Varndean,E01033328|DS_Varndean|DS_Varndean
E01033328,E05015415,531085,104803,DS_Varndean,DS_Varndean,E01033328|DS_Varndean|DS_Varndean
E01033328,E05015415,531155,104805,DS_Varndean,DS_Varndean,E01033328|DS_Varndean|DS_Varndean
E01033328,E05015415,531178,104770,DS_Varndean,DS_Varndean,E01033328|DS_Varndean|DS_Varndean
E01033328,E05015415,531201,104774,DS_Varndean,DS_Varndean,E01033328|DS_Varndean|DS_Varndean
E01016964,E05015415,531235,104759,DS_Varndean,DS_Varndean,E01016964|DS_Varndean|DS_Varndean
E01016964,E05015415,531256,104760,DS_Varndean,DS_Varndean,E01016964|DS_Varndean|DS_Varndean
E01016964,E05015415,531303,104816,DS_Varndean,DS_Varndean,E01016964|DS_Varndean|DS_Varndean
E01016964,E05015415,531310,104834,DS_Varndean,DS_Varndean,E01016964|DS_Varndean|DS_Varndean
E01033328,E05015415,531137,104796,DS_Varndean,DS_Varndean,E01033328|DS_Varndean|DS_Varndean
E01016964,E05015415,531312,104765,DS_Varndean,DS_Varndean,E01016964|DS_Varndean|DS_Varndean
E01016964,E05015415,531374,104772,DS_Varndean,DS_Varndean,E01016964|DS_Varndean|DS_Varndean
E01016964,E05015415,531310,104727,DS_Varndean,DS_Varndean,E01016964|DS_Varndean|DS_Varndean
E01016964,E05015415,531281,104803,DS_Varndean,DS_Varndean,E01016964|DS_Varndean|DS_Varndean
E01016964,E05015415,531305,104846,DS_Varndean,DS_Varndean,E01016964|DS_Varndean|DS_Varndean
E01016964,E05015415,531375,104840,DS_Varndean,DS_Varndean,E01016964|DS_Varndean|DS_Varndean
E01016964,E05015415,531213,104909,DS_Varndean,DS_Varndean,E01016964|DS_Varndean|DS_Varndean
E01016964,E05015415,531213,104909,DS_Varndean,DS_Varndean,E01016964|DS_Varndean|DS_Varndean
E01016964,E05015415,531213,104909,DS_Varndean,DS_Varndean,E01016964|DS_Varndean|DS_Varndean
E01033329,E05015415,531061,104937,DS_Varndean,DS_Varndean,E01033329|DS_Varndean|DS_Varndean
E01033329,E05015415,531089,104908,DS_Varndean,DS_Varndean,E01033329|DS_Varndean|DS_Varndean
E01033329,E05015415,531126,104870,DS_Varndean,DS_Varndean,E01033329|DS_Varndean|DS_Varndean
E01033329,E05015415,531124,104893,DS_Varndean,DS_Varndean,E01033329|DS_Varndean|DS_Varndean
E01033329,E05015415,531132,104987,DS_Varndean,DS_Varndean,E01033329|DS_Varndean|DS_Varndean
E01033328,E05015415,531397,104731,DS_Varndean,DS_Varndean,E01033328|DS_Varndean|DS_Varndean
E01016964,E05015415,531396,104775,DS_Varndean,DS_Varndean,E01016964|DS_Varndean|DS_Varndean
E01016964,E05015415,531220,104952,DS_Varndean,DS_Varndean,E01016964|DS_Varndean|DS_Varndean
E01016964,E05015415,531291,105188,DS_Varndean,DS_Varndean,E01016964|DS_Varndean|DS_Varndean
E01016964,E05015415,531182,105352,DS_Varndean,DS_Varndean,E01016964|DS_Varndean|DS_Varndean
E01016937,E05015409,531011,105433,DS_Varndean,DS_Varndean,E01016937|DS_Varndean|DS_Varndean
E01016964,E05015415,531155,105282,DS_Varndean,DS_Varndean,E01016964|DS_Varndean|DS_Varndean
E01033329,E05015415,531190,105050,DS_Varndean,DS_Varndean,E01033329|DS_Varndean|DS_Varndean
E01016964,E05015415,531224,105239,DS_Varndean,DS_Varndean,E01016964|DS_Varndean|DS_Varndean
E01016964,E05015415,531278,105080,DS_Varndean,DS_Varndean,E01016964|DS_Varndean|DS_Varndean
E01033329,E05015415,531193,105177,DS_Varndean,DS_Varndean,E01033329|DS_Varndean|DS_Varndean
E01016964,E05015415,531289,105052,DS_Varndean,DS_Varndean,E01016964|DS_Varndean|DS_Varndean
E01033329,E05015415,531152,105113,DS_Varndean,DS_Varndean,E01033329|DS_Varndean|DS_Varndean
E01016964,E05015415,531262,105039,DS_Varndean,DS_Varndean,E01016964|DS_Varndean|DS_Varndean
E01016964,E05015415,531388,104890,DS_Varndean,DS_Varndean,E01016964|DS_Varndean|DS_Varndean
E01016964,E05015415,531054,105411,DS_Varndean,DS_Varndean,E01016964|DS_Varndean|DS_Varndean
E01033329,E05015415,531212,105065,DS_Varndean,DS_Varndean,E01033329|DS_Varndean|DS_Varndean
E01033329,E05015415,531170,105011,DS_Varndean,DS_Varndean,E01033329|DS_Varndean|DS_Varndean
E01033329,E05015415,531198,105107,DS_Varndean,DS_Varndean,E01033329|DS_Varndean|DS_Varndean
E01033329,E05015415,531110,105084,DS_Varndean,DS_Varndean,E01033329|DS_Varndean|DS_Varndean
E01033329,E05015415,531109,105124,DS_Varndean,DS_Varndean,E01033329|DS_Varndean|DS_Varndean
E01016964,E05015415,531375,105141,DS_Varndean,DS_Varndean,E01016964|DS_Varndean|DS_Varndean
E01016964,E05015415,531274,105342,DS_Varndean,DS_Varndean,E01016964|DS_Varndean|DS_Varndean
E01016964,E05015415,531292,105010,DS_Varndean,DS_Varndean,E01016964|DS_Varndean|DS_Varndean
E01016964,E05015415,531406,105344,DS_Varndean,DS_Varndean,E01016964|DS_Varndean|DS_Varndean
E01016964,E05015415,531438,105311,DS_Varndean,DS_Varndean,E01016964|DS_Varndean|DS_Varndean
E01016964,E05015415,531337,105094,DS_Varndean,DS_Varndean,E01016964|DS_Varndean|DS_Varndean
E01016964,E05015415,531338,105059,DS_Varndean,DS_Varndean,E01016964|DS_Varndean|DS_Varndean
E01016964,E05015415,531316,105183,DS_Varndean,DS_Varndean,E01016964|DS_Varndean|DS_Varndean
E01016964,E05015415,531270,105258,DS_Varndean,DS_Varndean,E01016964|DS_Varndean|DS_Varndean
E01016964,E05015415,531192,105359,DS_Varndean,DS_Varndean,E01016964|DS_Varndean|DS_Varndean
E01016964,E05015415,531266,105326,DS_Varndean,DS_Varndean,E01016964|DS_Varndean|DS_Varndean
E01016964,E05015415,531349,105182,DS_Varndean,DS_Varndean,E01016964|DS_Varndean|DS_Varndean
E01016964,E05015415,531390,105048,DS_Varndean,DS_Varndean,E01016964|DS_Varndean|DS_Varndean
E01016964,E05015415,531294,105374,DS_Varndean,DS_Varndean,E01016964|DS_Varndean|DS_Varndean
E01016964,E05015415,531302,105346,DS_Varndean,DS_Varndean,E01016964|DS_Varndean|DS_Varndean
E01016964,E05015415,531411,105234,DS_Varndean,DS_Varndean,E01016964|DS_Varndean|DS_Varndean
E01016964,E05015415,531332,105270,DS_Varndean,DS_Varndean,E01016964|DS_Varndean|DS_Varndean
E01016964,E05015415,531143,105421,DS_Varndean,DS_Varndean,E01016964|DS_Varndean|DS_Varndean
E01016964,E05015415,531375,105290,DS_Varndean,DS_Varndean,E01016964|DS_Varndean|DS_Varndean
E01016964,E05015415,531418,105210,DS_Varndean,DS_Varndean,E01016964|DS_Varndean|DS_Varndean
E01016964,E05015415,531434,105298,DS_Varndean,DS_Varndean,E01016964|DS_Varndean|DS_Varndean
E01016964,E05015415,531244,105277,DS_Varndean,DS_Varndean,E01016964|DS_Varndean|DS_Varndean
E01016964,E05015415,531432,105022,DS_Varndean,DS_Varndean,E01016964|DS_Varndean|DS_Varndean
E01016964,E05015415,531429,105039,DS_Varndean,DS_Varndean,E01016964|DS_Varndean|DS_Varndean
E01016964,E05015415,531428,105156,DS_Varndean,DS_Varndean,E01016964|DS_Varndean|DS_Varndean
E01016964,E05015415,531441,105061,DS_Varndean,DS_Varndean,E01016964|DS_Varndean|DS_Varndean
E01033329,E05015415,531023,105258,DS_Varndean,DS_Varndean,E01033329|DS_Varndean|DS_Varndean
E01016964,E05015415,531364,104934,DS_Varndean,DS_Varndean,E01016964|DS_Varndean|DS_Varndean
E01033329,E05015415,531124,105249,DS_Varndean,DS_Varndean,E01033329|DS_Varndean|DS_Varndean
E01016972,E05015413,531179,105472,DS_Varndean,DS_Varndean,E01016972|DS_Varndean|DS_Varndean
E01016964,E05015415,531305,105386,DS_Varndean,DS_Varndean,E01016964|DS_Varndean|DS_Varndean
E01016964,E05015413,531317,105408,DS_Varndean,DS_Varndean,E01016964|DS_Varndean|DS_Varndean
E01016972,E05015413,531394,105415,DS_Varndean,DS_Varndean,E01016972|DS_Varndean|DS_Varndean
E01016972,E05015413,531343,105518,DS_Varndean,DS_Varndean,E01016972|DS_Varndean|DS_Varndean
E01016972,E05015413,531310,105643,DS_Varndean,DS_Varndean,E01016972|DS_Varndean|DS_Varndean
E01016972,E05015413,531334,105438,DS_Varndean,DS_Varndean,E01016972|DS_Varndean|DS_Varndean
E01016972,E05015413,531253,105458,DS_Varndean,DS_Varndean,E01016972|DS_Varndean|DS_Varndean
E01016972,E05015413,531295,105514,DS_Varndean,DS_Varndean,E01016972|DS_Varndean|DS_Varndean
E01016972,E05015413,531255,105572,DS_Varndean,DS_Varndean,E01016972|DS_Varndean|DS_Varndean
E01016972,E05015413,531278,105547,DS_Varndean,DS_Varndean,E01016972|DS_Varndean|DS_Varndean
E01016972,E05015413,531438,105632,DS_Varndean,DS_Varndean,E01016972|DS_Varndean|DS_Varndean
E01016970,E05015413,531464,105659,DS_Varndean,DS_Varndean,E01016970|DS_Varndean|DS_Varndean
E01016972,E05015413,531402,105673,DS_Varndean,DS_Varndean,E01016972|DS_Varndean|DS_Varndean
E01016972,E05015413,531435,105546,DS_Varndean,DS_Varndean,E01016972|DS_Varndean|DS_Varndean
E01016972,E05015413,531262,105627,DS_Varndean,DS_Varndean,E01016972|DS_Varndean|DS_Varndean
E01016972,E05015413,531240,105620,DS_Varndean,DS_Varndean,E01016972|DS_Varndean|DS_Varndean
E01016972,E05015413,531195,105602,DS_Varndean,DS_Varndean,E01016972|DS_Varndean|DS_Varndean
E01016964,E05015413,531189,105442,DS_Varndean,DS_Varndean,E01016964|DS_Varndean|DS_Varndean
E01016937,E05015413,531081,105743,DS_Varndean,DS_Varndean,E01016937|DS_Varndean|DS_Varndean
E01016964,E05015415,531446,105354,DS_Varndean,DS_Varndean,E01016964|DS_Varndean|DS_Varndean
E01016964,E05015415,531405,104988,DS_Varndean,DS_Varndean,E01016964|DS_Varndean|DS_Varndean
E01033329,E05015415,531093,104966,DS_Varndean,DS_Varndean,E01033329|DS_Varndean|DS_Varndean
E01016936,E05015409,530929,105490,DS_Varndean,DS_Varndean,E01016936|DS_Varndean|DS_Varndean
E01016936,E05015409,530968,105481,DS_Varndean,DS_Varndean,E01016936|DS_Varndean|DS_Varndean
E01016936,E05015409,530995,105495,DS_Varndean,DS_Varndean,E01016936|DS_Varndean|DS_Varndean
E01016937,E05015409,531039,105522,DS_Varndean,DS_Varndean,E01016937|DS_Varndean|DS_Varndean
E01016937,E05015409,531073,105536,DS_Varndean,DS_Varndean,E01016937|DS_Varndean|DS_Varndean
E01016937,E05015409,530940,105617,DS_Varndean,DS_Varndean,E01016937|DS_Varndean|DS_Varndean
E01016937,E05015409,531110,105566,DS_Varndean,DS_Varndean,E01016937|DS_Varndean|DS_Varndean
E01016937,E05015409,531071,105700,DS_Varndean,DS_Varndean,E01016937|DS_Varndean|DS_Varndean
E01016937,E05015409,531039,105638,DS_Varndean,DS_Varndean,E01016937|DS_Varndean|DS_Varndean
E01016937,E05015413,531158,105677,DS_Varndean,DS_Varndean,E01016937|DS_Varndean|DS_Varndean
E01016937,E05015413,531262,105714,DS_Varndean,DS_Varndean,E01016937|DS_Varndean|DS_Varndean
E01016937,E05015413,531378,105753,DS_Varndean,DS_Varndean,E01016937|DS_Varndean|DS_Varndean
E01016937,E05015413,531462,105782,DS_Varndean,DS_Varndean,E01016937|DS_Varndean|DS_Varndean
E01016937,E05015413,531305,105755,DS_Varndean,DS_Varndean,E01016937|DS_Varndean|DS_Varndean
E01016937,E05015409,530945,105578,DS_Varndean,DS_Varndean,E01016937|DS_Varndean|DS_Varndean
E01033329,E05015415,531163,104959,DS_Varndean,DS_Varndean,E01033329|DS_Varndean|DS_Varndean
E01016969,E05015415,531040,104624,DS_Varndean,DS_Varndean,E01016969|DS_Varndean|DS_Varndean
E01016964,E05015415,531345,104745,DS_Varndean,DS_Varndean,E01016964|DS_Varndean|DS_Varndean
E01016964,E05015415,531434,104988,DS_Varndean,DS_Varndean,E01016964|DS_Varndean|DS_Varndean
E01016964,E05015415,531455,105082,DS_Varndean,DS_Varndean,E01016964|DS_Varndean|DS_Varndean
E01016964,E05015415,531469,105214,DS_Varndean,DS_Varndean,E01016964|DS_Varndean|DS_Varndean
E01016970,E05015413,531494,105587,DS_Varndean,DS_Varndean,E01016970|DS_Varndean|DS_Varndean
E01016964,E05015413,531502,105310,DS_Varndean,DS_Varndean,E01016964|DS_Varndean|DS_Varndean
E01016970,E05015413,531538,105721,DS_Varndean,DS_Varndean,E01016970|DS_Varndean|DS_Varndean
E01016970,E05015413,531463,105435,DS_Varndean,DS_Varndean,E01016970|DS_Varndean|DS_Varndean
E01016970,E05015413,531506,105708,DS_Varndean,DS_Varndean,E01016970|DS_Varndean|DS_Varndean
E01016969,E05015415,531040,104624,DS_Varndean,DS_Varndean,E01016969|DS_Varndean|DS_Varndean
E01016969,E05015415,531010,104652,DS_Varndean,DS_Varndean,E01016969|DS_Varndean|DS_Varndean
E01016969,E05015415,531025,104658,DS_Varndean,DS_Varndean,E01016969|DS_Varndean|DS_Varndean
E01016937,E05015409,531070,105454,DS_Varndean,DS_Varndean,E01016937|DS_Varndean|DS_Varndean
E01033328,E05015415,531393,104668,DS_Varndean,DS_Varndean,E01033328|DS_Varndean|DS_Varndean
E01016969,E05015415,530989,104660,DS_Varndean,DS_Varndean,E01016969|DS_Varndean|DS_Varndean
E01016964,E05015415,531233,105277,DS_Varndean,DS_Varndean,E01016964|DS_Varndean|DS_Varndean
E01016964,E05015415,531256,104856,DS_Varndean,DS_Varndean,E01016964|DS_Varndean|DS_Varndean
E01016969,E05015415,531040,104624,DS_Varndean,DS_Varndean,E01016969|DS_Varndean|DS_Varndean
E01016969,E05015415,531040,104624,DS_Varndean,DS_Varndean,E01016969|DS_Varndean|DS_Varndean
E01016969,E05015415,531040,104624,DS_Varndean,DS_Varndean,E01016969|DS_Varndean|DS_Varndean
E01016969,E05015415,531040,104624,DS_Varndean,DS_Varndean,E01016969|DS_Varndean|DS_Varndean
E01033329,E05015415,531139,105204,DS_Varndean,DS_Varndean,E01033329|DS_Varndean|DS_Varndean
E01033329,E05015415,531139,105204,DS_Varndean,DS_Varndean,E01033329|DS_Varndean|DS_Varndean
E01033329,E05015415,531157,105164,DS_Varndean,DS_Varndean,E01033329|DS_Varndean|DS_Varndean
E01016964,E05015415,531421,105170,DS_Varndean,DS_Varndean,E01016964|DS_Varndean|DS_Varndean
E01016964,E05015415,531413,105189,DS_Varndean,DS_Varndean,E01016964|DS_Varndean|DS_Varndean
E01016964,E05015415,531461,105232,DS_Varndean,DS_Varndean,E01016964|DS_Varndean|DS_Varndean
E01016964,E05015415,531525,105115,DS_Varndean,DS_Varndean,E01016964|DS_Varndean|DS_Varndean
E01016964,E05015415,531352,105278,DS_Varndean,DS_Varndean,E01016964|DS_Varndean|DS_Varndean
E01016969,E05015415,531040,104624,DS_Varndean,DS_Varndean,E01016969|DS_Varndean|DS_Varndean
E01016964,E05015415,531013,105411,DS_Varndean,DS_Varndean,E01016964|DS_Varndean|DS_Varndean
E01016935,E05015409,530139,105818,DS_Varndean,DS_Varndean,E01016935|DS_Varndean|DS_Varndean
E01016935,E05015409,530203,105798,DS_Varndean,DS_Varndean,E01016935|DS_Varndean|DS_Varndean
E01016935,E05015409,530226,105843,DS_Varndean,DS_Varndean,E01016935|DS_Varndean|DS_Varndean
E01017005,E05015409,529877,106169,DS_Varndean,DS_Varndean,E01017005|DS_Varndean|DS_Varndean
E01017005,E05015409,529818,106372,DS_Varndean,DS_Varndean,E01017005|DS_Varndean|DS_Varndean
E01017005,E05015409,529873,106286,DS_Varndean,DS_Varndean,E01017005|DS_Varndean|DS_Varndean
E01017006,E05015409,529949,106181,DS_Varndean,DS_Varndean,E01017006|DS_Varndean|DS_Varndean
E01017006,E05015409,530019,106081,DS_Varndean,DS_Varndean,E01017006|DS_Varndean|DS_Varndean
E01017005,E05015409,529962,106212,DS_Varndean,DS_Varndean,E01017005|DS_Varndean|DS_Varndean
E01017005,E05015409,529995,106217,DS_Varndean,DS_Varndean,E01017005|DS_Varndean|DS_Varndean
E01017005,E05015409,530016,106256,DS_Varndean,DS_Varndean,E01017005|DS_Varndean|DS_Varndean
E01017006,E05015409,530030,106281,DS_Varndean,DS_Varndean,E01017006|DS_Varndean|DS_Varndean
E01017006,E05015409,529952,106105,DS_Varndean,DS_Varndean,E01017006|DS_Varndean|DS_Varndean
E01016935,E05015409,530102,105884,DS_Varndean,DS_Varndean,E01016935|DS_Varndean|DS_Varndean
E01016935,E05015409,530090,105932,DS_Varndean,DS_Varndean,E01016935|DS_Varndean|DS_Varndean
E01016935,E05015409,530261,105860,DS_Varndean,DS_Varndean,E01016935|DS_Varndean|DS_Varndean
E01016935,E05015409,530276,105868,DS_Varndean,DS_Varndean,E01016935|DS_Varndean|DS_Varndean
E01017000,E05015417,529835,107906,Patcham,Patcham,E01017000|Patcham|Patcham
E01017005,E05015409,529739,106396,DS_Varndean,DS_Varndean,E01017005|DS_Varndean|DS_Varndean
E01017002,E05015409,529679,106639,DS_Varndean,DS_Varndean,E01017002|DS_Varndean|DS_Varndean
E01017005,E05015409,529714,106660,DS_Varndean,DS_Varndean,E01017005|DS_Varndean|DS_Varndean
E01017005,E05015409,529738,106678,DS_Varndean,DS_Varndean,E01017005|DS_Varndean|DS_Varndean
E01017005,E05015409,529788,106518,DS_Varndean,DS_Varndean,E01017005|DS_Varndean|DS_Varndean
E01017005,E05015409,529768,106688,DS_Varndean,DS_Varndean,E01017005|DS_Varndean|DS_Varndean
E01017005,E05015409,529795,106711,DS_Varndean,DS_Varndean,E01017005|DS_Varndean|DS_Varndean
E01017002,E05015417,529650,106919,DS_Varndean,DS_Varndean,E01017002|DS_Varndean|DS_Varndean
E01017002,E05015417,529711,107052,DS_Varndean,DS_Varndean,E01017002|DS_Varndean|DS_Varndean
E01017002,E05015417,529816,107201,DS_Varndean,DS_Varndean,E01017002|DS_Varndean|DS_Varndean
E01017002,E05015417,529753,107296,DS_Varndean,DS_Varndean,E01017002|DS_Varndean|DS_Varndean
E01016999,E05015417,529119,108092,Patcham,Patcham,E01016999|Patcham|Patcham
E01017002,E05015417,529748,107199,DS_Varndean,DS_Varndean,E01017002|DS_Varndean|DS_Varndean
E01016938,E05015409,530362,105530,DS_Varndean,DS_Varndean,E01016938|DS_Varndean|DS_Varndean
E01016938,E05015409,530378,105568,DS_Varndean,DS_Varndean,E01016938|DS_Varndean|DS_Varndean
E01016938,E05015409,530644,105398,DS_Varndean,DS_Varndean,E01016938|DS_Varndean|DS_Varndean
E01016936,E05015409,530466,105491,DS_Varndean,DS_Varndean,E01016936|DS_Varndean|DS_Varndean
E01016936,E05015409,530501,105579,DS_Varndean,DS_Varndean,E01016936|DS_Varndean|DS_Varndean
E01016936,E05015409,530502,105506,DS_Varndean,DS_Varndean,E01016936|DS_Varndean|DS_Varndean
E01016938,E05015409,530560,105504,DS_Varndean,DS_Varndean,E01016938|DS_Varndean|DS_Varndean
E01016938,E05015409,530586,105475,DS_Varndean,DS_Varndean,E01016938|DS_Varndean|DS_Varndean
E01016936,E05015409,530678,105490,DS_Varndean,DS_Varndean,E01016936|DS_Varndean|DS_Varndean
E01016936,E05015409,530657,105475,DS_Varndean,DS_Varndean,E01016936|DS_Varndean|DS_Varndean
E01016936,E05015409,530646,105425,DS_Varndean,DS_Varndean,E01016936|DS_Varndean|DS_Varndean
E01016938,E05015409,530639,105364,DS_Varndean,DS_Varndean,E01016938|DS_Varndean|DS_Varndean
E01016936,E05015409,530595,105597,DS_Varndean,DS_Varndean,E01016936|DS_Varndean|DS_Varndean
E01016938,E05015409,530304,105635,DS_Varndean,DS_Varndean,E01016938|DS_Varndean|DS_Varndean
E01016938,E05015409,530320,105614,DS_Varndean,DS_Varndean,E01016938|DS_Varndean|DS_Varndean
E01016938,E05015409,530302,105646,DS_Varndean,DS_Varndean,E01016938|DS_Varndean|DS_Varndean
E01016938,E05015409,530367,105471,DS_Varndean,DS_Varndean,E01016938|DS_Varndean|DS_Varndean
E01017000,E05015417,529787,107896,Patcham,Patcham,E01017000|Patcham|Patcham
E01016998,E05015417,529682,108099,Patcham,Patcham,E01016998|Patcham|Patcham
E01016998,E05015417,529707,108201,Patcham,Patcham,E01016998|Patcham|Patcham
E01016998,E05015417,529839,108261,Patcham,Patcham,E01016998|Patcham|Patcham
E01016998,E05015417,529847,108097,Patcham,Patcham,E01016998|Patcham|Patcham
E01016998,E05015417,529870,108322,Patcham,Patcham,E01016998|Patcham|Patcham
E01016998,E05015417,529820,108542,Patcham,Patcham,E01016998|Patcham|Patcham
E01016998,E05015417,529781,108538,Patcham,Patcham,E01016998|Patcham|Patcham
E01016998,E05015417,529787,108406,Patcham,Patcham,E01016998|Patcham|Patcham
E01016998,E05015417,529698,108515,Patcham,Patcham,E01016998|Patcham|Patcham
E01016998,E05015417,529793,108314,Patcham,Patcham,E01016998|Patcham|Patcham
E01016998,E05015417,529659,108492,Patcham,Patcham,E01016998|Patcham|Patcham
E01017000,E05015417,529838,108022,Patcham,Patcham,E01017000|Patcham|Patcham
E01017000,E05015417,529511,107765,Patcham,Patcham,E01017000|Patcham|Patcham
E01017000,E05015417,529360,107778,Patcham,Patcham,E01017000|Patcham|Patcham
E01017000,E05015417,529304,107844,Patcham,Patcham,E01017000|Patcham|Patcham
E01017000,E05015417,529254,107789,Patcham,Patcham,E01017000|Patcham|Patcham
E01016999,E05015417,529082,107918,Patcham,Patcham,E01016999|Patcham|Patcham
E01016999,E05015417,528986,107895,Patcham,Patcham,E01016999|Patcham|Patcham
E01016999,E05015417,529097,108030,Patcham,Patcham,E01016999|Patcham|Patcham
E01016999,E05015417,529227,108064,Patcham,Patcham,E01016999|Patcham|Patcham
E01017000,E05015417,529383,107969,Patcham,Patcham,E01017000|Patcham|Patcham
E01016998,E05015417,529379,108106,Patcham,Patcham,E01016998|Patcham|Patcham
E01016998,E05015417,529388,108048,Patcham,Patcham,E01016998|Patcham|Patcham
E01016999,E05015417,528988,107943,Patcham,Patcham,E01016999|Patcham|Patcham
E01016998,E05015417,529485,108037,Patcham,Patcham,E01016998|Patcham|Patcham
E01017000,E05015417,529546,107831,Patcham,Patcham,E01017000|Patcham|Patcham
E01016998,E05015417,529743,108252,Patcham,Patcham,E01016998|Patcham|Patcham
E01016998,E05015417,529502,108374,Patcham,Patcham,E01016998|Patcham|Patcham
E01016998,E05015417,529214,108430,Patcham,Patcham,E01016998|Patcham|Patcham
E01016998,E05015417,529463,108441,Patcham,Patcham,E01016998|Patcham|Patcham
E01016998,E05015417,529494,108469,Patcham,Patcham,E01016998|Patcham|Patcham
E01016999,E05015417,529313,108367,Patcham,Patcham,E01016999|Patcham|Patcham
E01016999,E05015417,529352,108212,Patcham,Patcham,E01016999|Patcham|Patcham
E01016999,E05015417,529404,108218,Patcham,Patcham,E01016999|Patcham|Patcham
E01016998,E05015417,529545,108070,Patcham,Patcham,E01016998|Patcham|Patcham
E01016999,E05015417,529472,108335,Patcham,Patcham,E01016999|Patcham|Patcham
E01016999,E05015417,529329,108339,Patcham,Patcham,E01016999|Patcham|Patcham
E01016999,E05015417,529498,108175,Patcham,Patcham,E01016999|Patcham|Patcham
E01016999,E05015417,529528,108179,Patcham,Patcham,E01016999|Patcham|Patcham
E01016998,E05015417,529521,108135,Patcham,Patcham,E01016998|Patcham|Patcham
E01016999,E05015417,529140,108210,Patcham,Patcham,E01016999|Patcham|Patcham
E01016999,E05015417,529154,108263,Patcham,Patcham,E01016999|Patcham|Patcham
E01016999,E05015417,529098,108436,Patcham,Patcham,E01016999|Patcham|Patcham
E01016999,E05015417,529194,108304,Patcham,Patcham,E01016999|Patcham|Patcham
E01016999,E05015417,529251,108266,Patcham,Patcham,E01016999|Patcham|Patcham
E01016998,E05015417,529362,108556,Patcham,Patcham,E01016998|Patcham|Patcham
E01016998,E05015417,529722,108664,Patcham,Patcham,E01016998|Patcham|Patcham
E01016998,E05015417,529641,108634,Patcham,Patcham,E01016998|Patcham|Patcham
E01016998,E05015417,529698,108573,Patcham,Patcham,E01016998|Patcham|Patcham
E01017000,E05015417,529787,107328,DS_Varndean,DS_Varndean,E01017000|DS_Varndean|DS_Varndean
E01017000,E05015417,529643,107652,Patcham,Patcham,E01017000|Patcham|Patcham
E01017000,E05015417,529249,107757,Patcham,Patcham,E01017000|Patcham|Patcham
E01017002,E05015417,529452,107536,DS_Varndean,DS_Varndean,E01017002|DS_Varndean|DS_Varndean
E01017000,E05015417,529330,107664,DS_Varndean,DS_Varndean,E01017000|DS_Varndean|DS_Varndean
E01017000,E05015417,529645,107805,Patcham,Patcham,E01017000|Patcham|Patcham
E01017000,E05015417,529693,107890,Patcham,Patcham,E01017000|Patcham|Patcham
E01017002,E05015417,529243,107598,DS_Varndean,DS_Varndean,E01017002|DS_Varndean|DS_Varndean
E01017000,E05015417,529232,107644,DS_Varndean,DS_Varndean,E01017000|DS_Varndean|DS_Varndean
E01017000,E05015417,529560,107858,Patcham,Patcham,E01017000|Patcham|Patcham
E01017000,E05015408,529897,107571,DS_Varndean,DS_Varndean,E01017000|DS_Varndean|DS_Varndean
E01016999,E05015417,528693,108029,Patcham,Patcham,E01016999|Patcham|Patcham
E01017002,E05015409,529616,106863,DS_Varndean,DS_Varndean,E01017002|DS_Varndean|DS_Varndean
E01017002,E05015417,529459,107165,DS_Varndean,DS_Varndean,E01017002|DS_Varndean|DS_Varndean
E01017002,E05015417,529387,107362,DS_Varndean,DS_Varndean,E01017002|DS_Varndean|DS_Varndean
E01017002,E05015417,529186,107511,DS_Varndean,DS_Varndean,E01017002|DS_Varndean|DS_Varndean
E01016999,E05015417,528875,107878,Patcham,Patcham,E01016999|Patcham|Patcham
E01016999,E05015417,528901,108002,Patcham,Patcham,E01016999|Patcham|Patcham
E01016999,E05015417,528796,107996,Patcham,Patcham,E01016999|Patcham|Patcham
E01016999,E05015417,528952,108366,Patcham,Patcham,E01016999|Patcham|Patcham
E01016999,E05015417,528766,108207,Patcham,Patcham,E01016999|Patcham|Patcham
E01016999,E05015417,528932,108262,Patcham,Patcham,E01016999|Patcham|Patcham
E01016999,E05015417,528949,108224,Patcham,Patcham,E01016999|Patcham|Patcham
E01016999,E05015417,528845,108204,Patcham,Patcham,E01016999|Patcham|Patcham
E01017002,E05015417,529607,107031,DS_Varndean,DS_Varndean,E01017002|DS_Varndean|DS_Varndean
E01017002,E05015417,529542,107180,DS_Varndean,DS_Varndean,E01017002|DS_Varndean|DS_Varndean
E01016999,E05015417,528742,108147,Patcham,Patcham,E01016999|Patcham|Patcham
E01016999,E05015417,528936,108406,Patcham,Patcham,E01016999|Patcham|Patcham
E01017002,E05015417,529539,107258,DS_Varndean,DS_Varndean,E01017002|DS_Varndean|DS_Varndean
E01016999,E05015417,528712,108099,Patcham,Patcham,E01016999|Patcham|Patcham
E01017002,E05015409,529813,106766,DS_Varndean,DS_Varndean,E01017002|DS_Varndean|DS_Varndean
E01017005,E05015409,529812,106493,DS_Varndean,DS_Varndean,E01017005|DS_Varndean|DS_Varndean
E01017005,E05015409,529864,106528,DS_Varndean,DS_Varndean,E01017005|DS_Varndean|DS_Varndean
E01017005,E05015409,529832,106608,DS_Varndean,DS_Varndean,E01017005|DS_Varndean|DS_Varndean
E01017002,E05015409,529903,106738,DS_Varndean,DS_Varndean,E01017002|DS_Varndean|DS_Varndean
E01017005,E05015409,529900,106520,DS_Varndean,DS_Varndean,E01017005|DS_Varndean|DS_Varndean
E01017006,E05015409,529928,106445,DS_Varndean,DS_Varndean,E01017006|DS_Varndean|DS_Varndean
E01017005,E05015409,529985,106550,DS_Varndean,DS_Varndean,E01017005|DS_Varndean|DS_Varndean
E01017006,E05015409,530015,106449,DS_Varndean,DS_Varndean,E01017006|DS_Varndean|DS_Varndean
E01017006,E05015409,529964,106359,DS_Varndean,DS_Varndean,E01017006|DS_Varndean|DS_Varndean
E01017006,E05015409,530074,106324,DS_Varndean,DS_Varndean,E01017006|DS_Varndean|DS_Varndean
E01017006,E05015409,530109,106159,DS_Varndean,DS_Varndean,E01017006|DS_Varndean|DS_Varndean
E01017006,E05015409,529949,106440,DS_Varndean,DS_Varndean,E01017006|DS_Varndean|DS_Varndean
E01016938,E05015409,530313,105549,DS_Varndean,DS_Varndean,E01016938|DS_Varndean|DS_Varndean
E01016935,E05015409,530249,105713,DS_Varndean,DS_Varndean,E01016935|DS_Varndean|DS_Varndean
E01016935,E05015409,530320,105727,DS_Varndean,DS_Varndean,E01016935|DS_Varndean|DS_Varndean
E01016938,E05015409,530383,105606,DS_Varndean,DS_Varndean,E01016938|DS_Varndean|DS_Varndean
E01016938,E05015409,530401,105619,DS_Varndean,DS_Varndean,E01016938|DS_Varndean|DS_Varndean
E01016938,E05015409,530404,105652,DS_Varndean,DS_Varndean,E01016938|DS_Varndean|DS_Varndean
E01016935,E05015409,530416,105679,DS_Varndean,DS_Varndean,E01016935|DS_Varndean|DS_Varndean
E01016935,E05015409,530308,105787,DS_Varndean,DS_Varndean,E01016935|DS_Varndean|DS_Varndean
E01016935,E05015409,530323,105879,DS_Varndean,DS_Varndean,E01016935|DS_Varndean|DS_Varndean
E01016935,E05015409,530365,105828,DS_Varndean,DS_Varndean,E01016935|DS_Varndean|DS_Varndean
E01016936,E05015409,530447,105692,DS_Varndean,DS_Varndean,E01016936|DS_Varndean|DS_Varndean
E01016936,E05015409,530475,105697,DS_Varndean,DS_Varndean,E01016936|DS_Varndean|DS_Varndean
E01016936,E05015409,530504,105716,DS_Varndean,DS_Varndean,E01016936|DS_Varndean|DS_Varndean
E01016935,E05015409,530210,105966,DS_Varndean,DS_Varndean,E01016935|DS_Varndean|DS_Varndean
E01017006,E05015409,530054,106027,DS_Varndean,DS_Varndean,E01017006|DS_Varndean|DS_Varndean
E01016938,E05015409,530269,105632,DS_Varndean,DS_Varndean,E01016938|DS_Varndean|DS_Varndean
E01016936,E05015409,530404,105827,DS_Varndean,DS_Varndean,E01016936|DS_Varndean|DS_Varndean
E01016935,E05015409,530060,105961,DS_Varndean,DS_Varndean,E01016935|DS_Varndean|DS_Varndean
E01016935,E05015409,530188,105984,DS_Varndean,DS_Varndean,E01016935|DS_Varndean|DS_Varndean
E01016969,E05015415,531040,104624,DS_Varndean,DS_Varndean,E01016969|DS_Varndean|DS_Varndean
E01017002,E05015417,529238,107522,DS_Varndean,DS_Varndean,E01017002|DS_Varndean|DS_Varndean
E01016937,E05015409,530932,105786,DS_Varndean,DS_Varndean,E01016937|DS_Varndean|DS_Varndean
E01016937,E05015409,530957,105811,DS_Varndean,DS_Varndean,E01016937|DS_Varndean|DS_Varndean
E01016933,E05015404,530955,105904,DS_Varndean,DS_Varndean,E01016933|DS_Varndean|DS_Varndean
E01016937,E05015409,530941,105663,DS_Varndean,DS_Varndean,E01016937|DS_Varndean|DS_Varndean
E01016936,E05015409,530662,105816,DS_Varndean,DS_Varndean,E01016936|DS_Varndean|DS_Varndean
E01016935,E05015409,530480,105950,DS_Varndean,DS_Varndean,E01016935|DS_Varndean|DS_Varndean
E01016936,E05015409,530537,105871,DS_Varndean,DS_Varndean,E01016936|DS_Varndean|DS_Varndean
E01016936,E05015409,530728,105698,DS_Varndean,DS_Varndean,E01016936|DS_Varndean|DS_Varndean
E01016936,E05015409,530819,105628,DS_Varndean,DS_Varndean,E01016936|DS_Varndean|DS_Varndean
E01016936,E05015409,530581,105817,DS_Varndean,DS_Varndean,E01016936|DS_Varndean|DS_Varndean
E01016935,E05015409,530356,106008,DS_Varndean,DS_Varndean,E01016935|DS_Varndean|DS_Varndean
E01016937,E05015409,530894,105737,DS_Varndean,DS_Varndean,E01016937|DS_Varndean|DS_Varndean
E01016937,E05015413,531328,105815,DS_Varndean,DS_Varndean,E01016937|DS_Varndean|DS_Varndean
E01016936,E05015409,530684,105796,DS_Varndean,DS_Varndean,E01016936|DS_Varndean|DS_Varndean
E01016936,E05015409,530772,105755,DS_Varndean,DS_Varndean,E01016936|DS_Varndean|DS_Varndean
E01016936,E05015409,530634,105847,DS_Varndean,DS_Varndean,E01016936|DS_Varndean|DS_Varndean
E01016935,E05015409,530887,105816,DS_Varndean,DS_Varndean,E01016935|DS_Varndean|DS_Varndean
E01017006,E05015409,530200,106489,DS_Varndean,DS_Varndean,E01017006|DS_Varndean|DS_Varndean
E01016935,E05015409,530428,105996,DS_Varndean,DS_Varndean,E01016935|DS_Varndean|DS_Varndean
E01016936,E05015409,530719,105803,DS_Varndean,DS_Varndean,E01016936|DS_Varndean|DS_Varndean
E01016933,E05015413,531071,105971,DS_Varndean,DS_Varndean,E01016933|DS_Varndean|DS_Varndean
E01016936,E05015409,530662,105816,DS_Varndean,DS_Varndean,E01016936|DS_Varndean|DS_Varndean
E01016935,E05015409,530385,106034,DS_Varndean,DS_Varndean,E01016935|DS_Varndean|DS_Varndean
E01016932,E05015404,531425,106205,DS_Varndean,DS_Varndean,E01016932|DS_Varndean|DS_Varndean
E01017004,E05015409,530184,106768,DS_Varndean,DS_Varndean,E01017004|DS_Varndean|DS_Varndean
E01016937,E05015409,530909,105706,DS_Varndean,DS_Varndean,E01016937|DS_Varndean|DS_Varndean
E01016937,E05015409,530950,105744,DS_Varndean,DS_Varndean,E01016937|DS_Varndean|DS_Varndean
E01016937,E05015413,531277,105830,DS_Varndean,DS_Varndean,E01016937|DS_Varndean|DS_Varndean
E01016937,E05015409,530997,105720,DS_Varndean,DS_Varndean,E01016937|DS_Varndean|DS_Varndean
E01016937,E05015409,531002,105770,DS_Varndean,DS_Varndean,E01016937|DS_Varndean|DS_Varndean
E01016937,E05015413,531050,105854,DS_Varndean,DS_Varndean,E01016937|DS_Varndean|DS_Varndean
E01016937,E05015413,531144,105799,DS_Varndean,DS_Varndean,E01016937|DS_Varndean|DS_Varndean
E01016932,E05015413,531197,105852,DS_Varndean,DS_Varndean,E01016932|DS_Varndean|DS_Varndean
E01016937,E05015413,531398,105854,DS_Varndean,DS_Varndean,E01016937|DS_Varndean|DS_Varndean
E01016932,E05015413,531429,105900,DS_Varndean,DS_Varndean,E01016932|DS_Varndean|DS_Varndean
E01016932,E05015413,531244,105919,DS_Varndean,DS_Varndean,E01016932|DS_Varndean|DS_Varndean
E01016932,E05015413,531311,105972,DS_Varndean,DS_Varndean,E01016932|DS_Varndean|DS_Varndean
E01016937,E05015409,531027,105805,DS_Varndean,DS_Varndean,E01016937|DS_Varndean|DS_Varndean
E01016937,E05015413,531041,105908,DS_Varndean,DS_Varndean,E01016937|DS_Varndean|DS_Varndean
E01016935,E05015409,530271,106200,DS_Varndean,DS_Varndean,E01016935|DS_Varndean|DS_Varndean
E01016935,E05015409,530225,106197,DS_Varndean,DS_Varndean,E01016935|DS_Varndean|DS_Varndean
E01016935,E05015409,530236,106246,DS_Varndean,DS_Varndean,E01016935|DS_Varndean|DS_Varndean
E01016935,E05015409,530276,106228,DS_Varndean,DS_Varndean,E01016935|DS_Varndean|DS_Varndean
E01016969,E05015415,531040,104624,DS_Varndean,DS_Varndean,E01016969|DS_Varndean|DS_Varndean
E01016933,E05015404,531008,105978,DS_Varndean,DS_Varndean,E01016933|DS_Varndean|DS_Varndean
E01016933,E05015413,531090,106005,DS_Varndean,DS_Varndean,E01016933|DS_Varndean|DS_Varndean
E01016933,E05015413,531213,106014,DS_Varndean,DS_Varndean,E01016933|DS_Varndean|DS_Varndean
E01016932,E05015413,531424,106029,DS_Varndean,DS_Varndean,E01016932|DS_Varndean|DS_Varndean
E01016932,E05015413,531223,106093,DS_Varndean,DS_Varndean,E01016932|DS_Varndean|DS_Varndean
E01016932,E05015404,531384,106133,DS_Varndean,DS_Varndean,E01016932|DS_Varndean|DS_Varndean
E01016932,E05015413,531348,106024,DS_Varndean,DS_Varndean,E01016932|DS_Varndean|DS_Varndean
E01016932,E05015404,531312,106186,DS_Varndean,DS_Varndean,E01016932|DS_Varndean|DS_Varndean
E01016932,E05015404,531400,106184,DS_Varndean,DS_Varndean,E01016932|DS_Varndean|DS_Varndean
E01016932,E05015404,531373,106312,DS_Varndean,DS_Varndean,E01016932|DS_Varndean|DS_Varndean
E01016932,E05015404,531420,106259,DS_Varndean,DS_Varndean,E01016932|DS_Varndean|DS_Varndean
E01016932,E05015404,531408,106322,DS_Varndean,DS_Varndean,E01016932|DS_Varndean|DS_Varndean
E01016934,E05015404,531308,106480,DS_Varndean,DS_Varndean,E01016934|DS_Varndean|DS_Varndean
E01016940,E05015404,530846,106621,DS_Varndean,DS_Varndean,E01016940|DS_Varndean|DS_Varndean
E01016932,E05015413,531148,105840,DS_Varndean,DS_Varndean,E01016932|DS_Varndean|DS_Varndean
E01016934,E05015404,531349,106449,DS_Varndean,DS_Varndean,E01016934|DS_Varndean|DS_Varndean
E01016934,E05015404,531203,106246,DS_Varndean,DS_Varndean,E01016934|DS_Varndean|DS_Varndean
E01016932,E05015404,531210,106182,DS_Varndean,DS_Varndean,E01016932|DS_Varndean|DS_Varndean
E01016934,E05015404,531359,106389,DS_Varndean,DS_Varndean,E01016934|DS_Varndean|DS_Varndean
E01016934,E05015404,531182,106326,DS_Varndean,DS_Varndean,E01016934|DS_Varndean|DS_Varndean
E01016934,E05015404,531119,106503,DS_Varndean,DS_Varndean,E01016934|DS_Varndean|DS_Varndean
E01016934,E05015404,531250,106474,DS_Varndean,DS_Varndean,E01016934|DS_Varndean|DS_Varndean
E01016934,E05015404,531343,106531,DS_Varndean,DS_Varndean,E01016934|DS_Varndean|DS_Varndean
E01016934,E05015404,531306,106578,DS_Varndean,DS_Varndean,E01016934|DS_Varndean|DS_Varndean
E01016934,E05015404,531118,106612,DS_Varndean,DS_Varndean,E01016934|DS_Varndean|DS_Varndean
E01016934,E05015404,531286,106407,DS_Varndean,DS_Varndean,E01016934|DS_Varndean|DS_Varndean
E01016932,E05015404,531342,106190,DS_Varndean,DS_Varndean,E01016932|DS_Varndean|DS_Varndean
E01016936,E05015409,530508,105931,DS_Varndean,DS_Varndean,E01016936|DS_Varndean|DS_Varndean
E01016933,E05015404,531078,106071,DS_Varndean,DS_Varndean,E01016933|DS_Varndean|DS_Varndean
E01016934,E05015404,531116,106290,DS_Varndean,DS_Varndean,E01016934|DS_Varndean|DS_Varndean
E01016934,E05015404,531046,106506,DS_Varndean,DS_Varndean,E01016934|DS_Varndean|DS_Varndean
E01016933,E05015404,531076,106263,DS_Varndean,DS_Varndean,E01016933|DS_Varndean|DS_Varndean
E01016933,E05015404,531018,106200,DS_Varndean,DS_Varndean,E01016933|DS_Varndean|DS_Varndean
E01016940,E05015404,531004,106484,DS_Varndean,DS_Varndean,E01016940|DS_Varndean|DS_Varndean
E01016933,E05015404,531037,106386,DS_Varndean,DS_Varndean,E01016933|DS_Varndean|DS_Varndean
E01016940,E05015404,530972,106488,DS_Varndean,DS_Varndean,E01016940|DS_Varndean|DS_Varndean
E01016933,E05015404,530988,106192,DS_Varndean,DS_Varndean,E01016933|DS_Varndean|DS_Varndean
E01016940,E05015404,530906,106461,DS_Varndean,DS_Varndean,E01016940|DS_Varndean|DS_Varndean
E01016934,E05015404,531017,106590,DS_Varndean,DS_Varndean,E01016934|DS_Varndean|DS_Varndean
E01016940,E05015404,530932,106475,DS_Varndean,DS_Varndean,E01016940|DS_Varndean|DS_Varndean
E01016933,E05015404,531054,106234,DS_Varndean,DS_Varndean,E01016933|DS_Varndean|DS_Varndean
E01016933,E05015404,530943,106072,DS_Varndean,DS_Varndean,E01016933|DS_Varndean|DS_Varndean
E01016933,E05015404,530893,106233,DS_Varndean,DS_Varndean,E01016933|DS_Varndean|DS_Varndean
E01016933,E05015404,530955,106160,DS_Varndean,DS_Varndean,E01016933|DS_Varndean|DS_Varndean
E01016940,E05015404,530865,106449,DS_Varndean,DS_Varndean,E01016940|DS_Varndean|DS_Varndean
E01016940,E05015404,530812,106489,DS_Varndean,DS_Varndean,E01016940|DS_Varndean|DS_Varndean
E01016940,E05015409,530714,106457,DS_Varndean,DS_Varndean,E01016940|DS_Varndean|DS_Varndean
E01016933,E05015409,530760,106328,DS_Varndean,DS_Varndean,E01016933|DS_Varndean|DS_Varndean
E01016935,E05015409,530863,105948,DS_Varndean,DS_Varndean,E01016935|DS_Varndean|DS_Varndean
E01016933,E05015409,530787,106238,DS_Varndean,DS_Varndean,E01016933|DS_Varndean|DS_Varndean
E01016935,E05015409,530810,105883,DS_Varndean,DS_Varndean,E01016935|DS_Varndean|DS_Varndean
E01016935,E05015409,530887,105816,DS_Varndean,DS_Varndean,E01016935|DS_Varndean|DS_Varndean
E01016935,E05015409,530842,106108,DS_Varndean,DS_Varndean,E01016935|DS_Varndean|DS_Varndean
E01017004,E05015409,530184,106768,DS_Varndean,DS_Varndean,E01017004|DS_Varndean|DS_Varndean
E01017004,E05015409,530180,106799,DS_Varndean,DS_Varndean,E01017004|DS_Varndean|DS_Varndean
E01016905,E05015404,531530,105931,DS_Varndean,DS_Varndean,E01016905|DS_Varndean|DS_Varndean
E01016932,E05015404,531464,106226,DS_Varndean,DS_Varndean,E01016932|DS_Varndean|DS_Varndean
E01016932,E05015404,531434,106394,DS_Varndean,DS_Varndean,E01016932|DS_Varndean|DS_Varndean
E01016905,E05015404,531503,106228,DS_Varndean,DS_Varndean,E01016905|DS_Varndean|DS_Varndean
E01016903,E05015404,531464,106432,DS_Varndean,DS_Varndean,E01016903|DS_Varndean|DS_Varndean
E01016903,E05015404,531422,106662,DS_Varndean,DS_Varndean,E01016903|DS_Varndean|DS_Varndean
E01016939,E05015404,531377,106698,DS_Varndean,DS_Varndean,E01016939|DS_Varndean|DS_Varndean
E01016939,E05015404,531353,106859,DS_Varndean,DS_Varndean,E01016939|DS_Varndean|DS_Varndean
E01016903,E05015404,531384,106883,DS_Varndean,DS_Varndean,E01016903|DS_Varndean|DS_Varndean
E01016939,E05015404,531282,106964,DS_Varndean,DS_Varndean,E01016939|DS_Varndean|DS_Varndean
E01016939,E05015404,531246,106724,DS_Varndean,DS_Varndean,E01016939|DS_Varndean|DS_Varndean
E01016939,E05015404,531231,106698,DS_Varndean,DS_Varndean,E01016939|DS_Varndean|DS_Varndean
E01016939,E05015404,531225,106659,DS_Varndean,DS_Varndean,E01016939|DS_Varndean|DS_Varndean
E01016934,E05015404,531221,106634,DS_Varndean,DS_Varndean,E01016934|DS_Varndean|DS_Varndean
E01016939,E05015404,531388,106655,DS_Varndean,DS_Varndean,E01016939|DS_Varndean|DS_Varndean
E01016939,E05015404,531337,107064,DS_Varndean,DS_Varndean,E01016939|DS_Varndean|DS_Varndean
E01016905,E05015404,531528,106342,DS_Varndean,DS_Varndean,E01016905|DS_Varndean|DS_Varndean
E01017004,E05015409,530515,106589,DS_Varndean,DS_Varndean,E01017004|DS_Varndean|DS_Varndean
E01016940,E05015404,530750,106580,DS_Varndean,DS_Varndean,E01016940|DS_Varndean|DS_Varndean
E01017004,E05015409,530750,106614,DS_Varndean,DS_Varndean,E01017004|DS_Varndean|DS_Varndean
E01016940,E05015404,530945,106627,DS_Varndean,DS_Varndean,E01016940|DS_Varndean|DS_Varndean
E01016940,E05015404,531030,106698,DS_Varndean,DS_Varndean,E01016940|DS_Varndean|DS_Varndean
E01016940,E05015404,531098,106779,DS_Varndean,DS_Varndean,E01016940|DS_Varndean|DS_Varndean
E01016939,E05015404,531185,106842,DS_Varndean,DS_Varndean,E01016939|DS_Varndean|DS_Varndean
E01016939,E05015404,531249,106764,DS_Varndean,DS_Varndean,E01016939|DS_Varndean|DS_Varndean
E01016939,E05015404,531261,106791,DS_Varndean,DS_Varndean,E01016939|DS_Varndean|DS_Varndean
E01016939,E05015404,531273,106829,DS_Varndean,DS_Varndean,E01016939|DS_Varndean|DS_Varndean
E01016939,E05015404,531274,106858,DS_Varndean,DS_Varndean,E01016939|DS_Varndean|DS_Varndean
E01016940,E05015404,530996,106721,DS_Varndean,DS_Varndean,E01016940|DS_Varndean|DS_Varndean
E01016940,E05015404,530956,106714,DS_Varndean,DS_Varndean,E01016940|DS_Varndean|DS_Varndean
E01016939,E05015404,531281,106906,DS_Varndean,DS_Varndean,E01016939|DS_Varndean|DS_Varndean
E01016939,E05015404,531263,106932,DS_Varndean,DS_Varndean,E01016939|DS_Varndean|DS_Varndean
E01016939,E05015404,531103,106847,DS_Varndean,DS_Varndean,E01016939|DS_Varndean|DS_Varndean
E01016939,E05015404,531105,106885,DS_Varndean,DS_Varndean,E01016939|DS_Varndean|DS_Varndean
E01016940,E05015404,530876,106682,DS_Varndean,DS_Varndean,E01016940|DS_Varndean|DS_Varndean
E01016940,E05015404,530957,106779,DS_Varndean,DS_Varndean,E01016940|DS_Varndean|DS_Varndean
E01016939,E05015404,531024,106860,DS_Varndean,DS_Varndean,E01016939|DS_Varndean|DS_Varndean
E01016939,E05015404,531154,107008,DS_Varndean,DS_Varndean,E01016939|DS_Varndean|DS_Varndean
E01017001,E05015404,531349,107337,DS_Varndean,DS_Varndean,E01017001|DS_Varndean|DS_Varndean
E01017001,E05015404,531229,107370,DS_Varndean,DS_Varndean,E01017001|DS_Varndean|DS_Varndean
E01017001,E05015404,531110,107497,DS_Varndean,DS_Varndean,E01017001|DS_Varndean|DS_Varndean
E01017001,E05015404,530980,107545,DS_Varndean,DS_Varndean,E01017001|DS_Varndean|DS_Varndean
E01017001,E05015404,531038,107420,DS_Varndean,DS_Varndean,E01017001|DS_Varndean|DS_Varndean
E01016930,E05015408,531205,107675,DS_Varndean,DS_Varndean,E01016930|DS_Varndean|DS_Varndean
E01017001,E05015409,531232,107295,DS_Varndean,DS_Varndean,E01017001|DS_Varndean|DS_Varndean
E01017001,E05015404,531064,107612,DS_Varndean,DS_Varndean,E01017001|DS_Varndean|DS_Varndean
E01016903,E05015404,531498,106493,DS_Varndean,DS_Varndean,E01016903|DS_Varndean|DS_Varndean
E01017004,E05015409,530638,106632,DS_Varndean,DS_Varndean,E01017004|DS_Varndean|DS_Varndean
E01017004,E05015409,530766,106691,DS_Varndean,DS_Varndean,E01017004|DS_Varndean|DS_Varndean
E01017004,E05015409,530793,106735,DS_Varndean,DS_Varndean,E01017004|DS_Varndean|DS_Varndean
E01017004,E05015409,530788,106762,DS_Varndean,DS_Varndean,E01017004|DS_Varndean|DS_Varndean
E01017003,E05015409,530822,106806,DS_Varndean,DS_Varndean,E01017003|DS_Varndean|DS_Varndean
E01017003,E05015409,530817,106832,DS_Varndean,DS_Varndean,E01017003|DS_Varndean|DS_Varndean
E01017003,E05015409,530898,106877,DS_Varndean,DS_Varndean,E01017003|DS_Varndean|DS_Varndean
E01017003,E05015409,530752,106869,DS_Varndean,DS_Varndean,E01017003|DS_Varndean|DS_Varndean
E01017003,E05015409,530767,106897,DS_Varndean,DS_Varndean,E01017003|DS_Varndean|DS_Varndean
E01017003,E05015409,530972,106914,DS_Varndean,DS_Varndean,E01017003|DS_Varndean|DS_Varndean
E01017004,E05015409,530698,106775,DS_Varndean,DS_Varndean,E01017004|DS_Varndean|DS_Varndean
E01017003,E05015409,530546,106997,DS_Varndean,DS_Varndean,E01017003|DS_Varndean|DS_Varndean
E01017003,E05015409,530689,106945,DS_Varndean,DS_Varndean,E01017003|DS_Varndean|DS_Varndean
E01017003,E05015409,530618,106981,DS_Varndean,DS_Varndean,E01017003|DS_Varndean|DS_Varndean
E01017003,E05015409,530649,107180,DS_Varndean,DS_Varndean,E01017003|DS_Varndean|DS_Varndean
E01017003,E05015409,530652,107072,DS_Varndean,DS_Varndean,E01017003|DS_Varndean|DS_Varndean
E01017001,E05015409,530975,107175,DS_Varndean,DS_Varndean,E01017001|DS_Varndean|DS_Varndean
E01017003,E05015409,530497,107253,DS_Varndean,DS_Varndean,E01017003|DS_Varndean|DS_Varndean
E01017003,E05015409,530794,107134,DS_Varndean,DS_Varndean,E01017003|DS_Varndean|DS_Varndean
E01017004,E05015409,530647,106685,DS_Varndean,DS_Varndean,E01017004|DS_Varndean|DS_Varndean
E01017003,E05015409,530603,107245,DS_Varndean,DS_Varndean,E01017003|DS_Varndean|DS_Varndean
E01017003,E05015409,530682,107232,DS_Varndean,DS_Varndean,E01017003|DS_Varndean|DS_Varndean
E01017001,E05015409,530939,107191,DS_Varndean,DS_Varndean,E01017001|DS_Varndean|DS_Varndean
E01017006,E05015409,530170,106606,DS_Varndean,DS_Varndean,E01017006|DS_Varndean|DS_Varndean
E01017003,E05015409,530732,107205,DS_Varndean,DS_Varndean,E01017003|DS_Varndean|DS_Varndean
E01017004,E05015409,530265,106690,DS_Varndean,DS_Varndean,E01017004|DS_Varndean|DS_Varndean
E01017004,E05015409,530342,106662,DS_Varndean,DS_Varndean,E01017004|DS_Varndean|DS_Varndean
E01017004,E05015409,530465,106683,DS_Varndean,DS_Varndean,E01017004|DS_Varndean|DS_Varndean
E01017004,E05015409,530355,106797,DS_Varndean,DS_Varndean,E01017004|DS_Varndean|DS_Varndean
E01017004,E05015409,530543,106806,DS_Varndean,DS_Varndean,E01017004|DS_Varndean|DS_Varndean
E01017004,E05015409,530563,106673,DS_Varndean,DS_Varndean,E01017004|DS_Varndean|DS_Varndean
E01017003,E05015409,530461,106984,DS_Varndean,DS_Varndean,E01017003|DS_Varndean|DS_Varndean
E01017003,E05015409,530423,106999,DS_Varndean,DS_Varndean,E01017003|DS_Varndean|DS_Varndean
E01017003,E05015409,530385,107104,DS_Varndean,DS_Varndean,E01017003|DS_Varndean|DS_Varndean
E01017002,E05015409,530175,107117,DS_Varndean,DS_Varndean,E01017002|DS_Varndean|DS_Varndean
E01017003,E05015409,530318,107156,DS_Varndean,DS_Varndean,E01017003|DS_Varndean|DS_Varndean
E01017004,E05015409,530487,106752,DS_Varndean,DS_Varndean,E01017004|DS_Varndean|DS_Varndean
E01017002,E05015409,530212,107059,DS_Varndean,DS_Varndean,E01017002|DS_Varndean|DS_Varndean
E01017001,E05015409,530300,107212,DS_Varndean,DS_Varndean,E01017001|DS_Varndean|DS_Varndean
E01017001,E05015409,530264,107258,DS_Varndean,DS_Varndean,E01017001|DS_Varndean|DS_Varndean
E01017001,E05015409,530305,107257,DS_Varndean,DS_Varndean,E01017001|DS_Varndean|DS_Varndean
E01017001,E05015409,530188,107180,DS_Varndean,DS_Varndean,E01017001|DS_Varndean|DS_Varndean
E01017001,E05015409,530280,107190,DS_Varndean,DS_Varndean,E01017001|DS_Varndean|DS_Varndean
E01017003,E05015409,530338,107195,DS_Varndean,DS_Varndean,E01017003|DS_Varndean|DS_Varndean
E01017004,E05015409,530238,106459,DS_Varndean,DS_Varndean,E01017004|DS_Varndean|DS_Varndean
E01017006,E05015409,530177,106364,DS_Varndean,DS_Varndean,E01017006|DS_Varndean|DS_Varndean
E01016935,E05015409,530344,106405,DS_Varndean,DS_Varndean,E01016935|DS_Varndean|DS_Varndean
E01017004,E05015409,530195,106712,DS_Varndean,DS_Varndean,E01017004|DS_Varndean|DS_Varndean
E01017002,E05015409,529997,106874,DS_Varndean,DS_Varndean,E01017002|DS_Varndean|DS_Varndean
E01017006,E05015409,530063,106812,DS_Varndean,DS_Varndean,E01017006|DS_Varndean|DS_Varndean
E01017006,E05015409,530052,106692,DS_Varndean,DS_Varndean,E01017006|DS_Varndean|DS_Varndean
E01017006,E05015409,530085,106726,DS_Varndean,DS_Varndean,E01017006|DS_Varndean|DS_Varndean
E01017006,E05015409,530120,106570,DS_Varndean,DS_Varndean,E01017006|DS_Varndean|DS_Varndean
E01017006,E05015409,530146,106507,DS_Varndean,DS_Varndean,E01017006|DS_Varndean|DS_Varndean
E01017006,E05015409,530155,106457,DS_Varndean,DS_Varndean,E01017006|DS_Varndean|DS_Varndean
E01017006,E05015409,530110,106441,DS_Varndean,DS_Varndean,E01017006|DS_Varndean|DS_Varndean
E01017006,E05015409,530169,106435,DS_Varndean,DS_Varndean,E01017006|DS_Varndean|DS_Varndean
E01017004,E05015409,530113,106789,DS_Varndean,DS_Varndean,E01017004|DS_Varndean|DS_Varndean
E01017006,E05015409,530109,106612,DS_Varndean,DS_Varndean,E01017006|DS_Varndean|DS_Varndean
E01017006,E05015409,530108,106625,DS_Varndean,DS_Varndean,E01017006|DS_Varndean|DS_Varndean
E01017006,E05015409,530188,106620,DS_Varndean,DS_Varndean,E01017006|DS_Varndean|DS_Varndean
E01017002,E05015409,530007,106935,DS_Varndean,DS_Varndean,E01017002|DS_Varndean|DS_Varndean
E01017001,E05015409,530207,107248,DS_Varndean,DS_Varndean,E01017001|DS_Varndean|DS_Varndean
E01017003,E05015409,530422,107209,DS_Varndean,DS_Varndean,E01017003|DS_Varndean|DS_Varndean
E01017003,E05015409,530412,107277,DS_Varndean,DS_Varndean,E01017003|DS_Varndean|DS_Varndean
E01017004,E05015409,530051,106913,DS_Varndean,DS_Varndean,E01017004|DS_Varndean|DS_Varndean
E01017002,E05015409,529957,107068,DS_Varndean,DS_Varndean,E01017002|DS_Varndean|DS_Varndean
E01017002,E05015409,530203,107045,DS_Varndean,DS_Varndean,E01017002|DS_Varndean|DS_Varndean
E01017002,E05015409,530240,106996,DS_Varndean,DS_Varndean,E01017002|DS_Varndean|DS_Varndean
E01017002,E05015409,530318,107022,DS_Varndean,DS_Varndean,E01017002|DS_Varndean|DS_Varndean
E01017002,E05015409,530222,107021,DS_Varndean,DS_Varndean,E01017002|DS_Varndean|DS_Varndean
E01017004,E05015409,530155,106896,DS_Varndean,DS_Varndean,E01017004|DS_Varndean|DS_Varndean
E01017002,E05015409,530049,106982,DS_Varndean,DS_Varndean,E01017002|DS_Varndean|DS_Varndean
E01017002,E05015409,530048,107078,DS_Varndean,DS_Varndean,E01017002|DS_Varndean|DS_Varndean
E01017002,E05015409,530097,107086,DS_Varndean,DS_Varndean,E01017002|DS_Varndean|DS_Varndean
E01017002,E05015409,530075,107133,DS_Varndean,DS_Varndean,E01017002|DS_Varndean|DS_Varndean
E01017002,E05015409,529999,107120,DS_Varndean,DS_Varndean,E01017002|DS_Varndean|DS_Varndean
E01017002,E05015409,530047,107062,DS_Varndean,DS_Varndean,E01017002|DS_Varndean|DS_Varndean
E01017002,E05015409,530071,107080,DS_Varndean,DS_Varndean,E01017002|DS_Varndean|DS_Varndean
E01017002,E05015409,530006,107056,DS_Varndean,DS_Varndean,E01017002|DS_Varndean|DS_Varndean
E01017002,E05015409,529981,107057,DS_Varndean,DS_Varndean,E01017002|DS_Varndean|DS_Varndean
E01017004,E05015409,530307,106872,DS_Varndean,DS_Varndean,E01017004|DS_Varndean|DS_Varndean
E01017004,E05015409,530259,106787,DS_Varndean,DS_Varndean,E01017004|DS_Varndean|DS_Varndean
E01017004,E05015409,530244,106924,DS_Varndean,DS_Varndean,E01017004|DS_Varndean|DS_Varndean
E01017002,E05015409,530228,106956,DS_Varndean,DS_Varndean,E01017002|DS_Varndean|DS_Varndean
E01017002,E05015409,530318,106969,DS_Varndean,DS_Varndean,E01017002|DS_Varndean|DS_Varndean
E01017001,E05015409,530041,107170,DS_Varndean,DS_Varndean,E01017001|DS_Varndean|DS_Varndean
E01017001,E05015408,530400,107628,DS_Varndean,DS_Varndean,E01017001|DS_Varndean|DS_Varndean
E01017001,E05015409,530672,107539,DS_Varndean,DS_Varndean,E01017001|DS_Varndean|DS_Varndean
E01017001,E05015409,530528,107529,DS_Varndean,DS_Varndean,E01017001|DS_Varndean|DS_Varndean
E01017001,E05015409,530314,107545,DS_Varndean,DS_Varndean,E01017001|DS_Varndean|DS_Varndean
E01017001,E05015409,530343,107510,DS_Varndean,DS_Varndean,E01017001|DS_Varndean|DS_Varndean
E01017001,E05015409,530335,107472,DS_Varndean,DS_Varndean,E01017001|DS_Varndean|DS_Varndean
E01017001,E05015409,530357,107348,DS_Varndean,DS_Varndean,E01017001|DS_Varndean|DS_Varndean
E01017001,E05015409,530381,107312,DS_Varndean,DS_Varndean,E01017001|DS_Varndean|DS_Varndean
E01017001,E05015409,530224,107326,DS_Varndean,DS_Varndean,E01017001|DS_Varndean|DS_Varndean
E01017001,E05015409,530363,107428,DS_Varndean,DS_Varndean,E01017001|DS_Varndean|DS_Varndean
E01017001,E05015409,530864,107431,DS_Varndean,DS_Varndean,E01017001|DS_Varndean|DS_Varndean
E01017004,E05015409,530114,106934,DS_Varndean,DS_Varndean,E01017004|DS_Varndean|DS_Varndean
E01017001,E05015404,531208,107510,DS_Varndean,DS_Varndean,E01017001|DS_Varndean|DS_Varndean
E01016930,E05015408,531386,107699,DS_Varndean,DS_Varndean,E01016930|DS_Varndean|DS_Varndean
E01017001,E05015404,531294,107541,DS_Varndean,DS_Varndean,E01017001|DS_Varndean|DS_Varndean
E01016969,E05015415,531040,104624,DS_Varndean,DS_Varndean,E01016969|DS_Varndean|DS_Varndean
E01017000,E05015408,529881,107602,DS_Varndean,DS_Varndean,E01017000|DS_Varndean|DS_Varndean
E01017006,E05015409,530203,106400,DS_Varndean,DS_Varndean,E01017006|DS_Varndean|DS_Varndean
E01017000,E05015408,529898,107514,DS_Varndean,DS_Varndean,E01017000|DS_Varndean|DS_Varndean
E01017001,E05015409,530164,107291,DS_Varndean,DS_Varndean,E01017001|DS_Varndean|DS_Varndean
E01017001,E05015408,529993,107258,DS_Varndean,DS_Varndean,E01017001|DS_Varndean|DS_Varndean
E01017001,E05015408,529959,107357,DS_Varndean,DS_Varndean,E01017001|DS_Varndean|DS_Varndean
E01017000,E05015408,529962,107428,DS_Varndean,DS_Varndean,E01017000|DS_Varndean|DS_Varndean
E01017000,E05015408,530003,107461,DS_Varndean,DS_Varndean,E01017000|DS_Varndean|DS_Varndean
E01017001,E05015409,530018,107551,DS_Varndean,DS_Varndean,E01017001|DS_Varndean|DS_Varndean
E01017000,E05015408,529944,107595,DS_Varndean,DS_Varndean,E01017000|DS_Varndean|DS_Varndean
E01017000,E05015408,529924,107414,DS_Varndean,DS_Varndean,E01017000|DS_Varndean|DS_Varndean
E01017000,E05015408,529967,107498,DS_Varndean,DS_Varndean,E01017000|DS_Varndean|DS_Varndean
E01017001,E05015409,530028,107208,DS_Varndean,DS_Varndean,E01017001|DS_Varndean|DS_Varndean
E01017001,E05015408,530032,107310,DS_Varndean,DS_Varndean,E01017001|DS_Varndean|DS_Varndean
E01016930,E05015408,530847,107650,DS_Varndean,DS_Varndean,E01016930|DS_Varndean|DS_Varndean
E01017006,E05015409,530141,106337,DS_Varndean,DS_Varndean,E01017006|DS_Varndean|DS_Varndean
E01017006,E05015409,530140,106617,DS_Varndean,DS_Varndean,E01017006|DS_Varndean|DS_Varndean
E01016969,E05015415,531040,104624,DS_Varndean,DS_Varndean,E01016969|DS_Varndean|DS_Varndean
E01016900,E05015404,531514,107562,DS_Varndean,DS_Varndean,E01016900|DS_Varndean|DS_Varndean
E01016902,E05015404,531817,107288,DS_Varndean,DS_Varndean,E01016902|DS_Varndean|DS_Varndean
E01016902,E05015404,532031,106857,DS_Varndean,DS_Varndean,E01016902|DS_Varndean|DS_Varndean
E01016904,E05015404,532120,106439,DS_Varndean,DS_Varndean,E01016904|DS_Varndean|DS_Varndean
E01016904,E05015404,532094,106511,DS_Varndean,DS_Varndean,E01016904|DS_Varndean|DS_Varndean
E01016904,E05015404,532115,106468,DS_Varndean,DS_Varndean,E01016904|DS_Varndean|DS_Varndean
E01016905,E05015404,531609,106013,DS_Varndean,DS_Varndean,E01016905|DS_Varndean|DS_Varndean
E01016904,E05015404,531856,106045,DS_Varndean,DS_Varndean,E01016904|DS_Varndean|DS_Varndean
E01016905,E05015404,531928,106136,DS_Varndean,DS_Varndean,E01016905|DS_Varndean|DS_Varndean
E01016904,E05015404,531987,106394,DS_Varndean,DS_Varndean,E01016904|DS_Varndean|DS_Varndean
E01016905,E05015404,532026,106253,DS_Varndean,DS_Varndean,E01016905|DS_Varndean|DS_Varndean
E01016904,E05015404,532147,106383,DS_Varndean,DS_Varndean,E01016904|DS_Varndean|DS_Varndean
E01016905,E05015404,531990,106266,DS_Varndean,DS_Varndean,E01016905|DS_Varndean|DS_Varndean
E01016904,E05015404,532106,106539,DS_Varndean,DS_Varndean,E01016904|DS_Varndean|DS_Varndean
E01016904,E05015404,532167,106632,DS_Varndean,DS_Varndean,E01016904|DS_Varndean|DS_Varndean
E01016904,E05015404,532087,106684,DS_Varndean,DS_Varndean,E01016904|DS_Varndean|DS_Varndean
E01016904,E05015404,532016,106737,DS_Varndean,DS_Varndean,E01016904|DS_Varndean|DS_Varndean
E01016904,E05015404,531971,106661,DS_Varndean,DS_Varndean,E01016904|DS_Varndean|DS_Varndean
E01016904,E05015404,532068,106602,DS_Varndean,DS_Varndean,E01016904|DS_Varndean|DS_Varndean
E01016904,E05015404,532014,106650,DS_Varndean,DS_Varndean,E01016904|DS_Varndean|DS_Varndean
E01016905,E05015404,531974,106516,DS_Varndean,DS_Varndean,E01016905|DS_Varndean|DS_Varndean
E01016905,E05015404,531950,106480,DS_Varndean,DS_Varndean,E01016905|DS_Varndean|DS_Varndean
E01016904,E05015404,532106,106602,DS_Varndean,DS_Varndean,E01016904|DS_Varndean|DS_Varndean
E01016905,E05015404,531533,106192,DS_Varndean,DS_Varndean,E01016905|DS_Varndean|DS_Varndean
E01016902,E05015404,531948,106970,DS_Varndean,DS_Varndean,E01016902|DS_Varndean|DS_Varndean
E01016905,E05015404,531533,106192,DS_Varndean,DS_Varndean,E01016905|DS_Varndean|DS_Varndean
E01016902,E05015404,531986,106950,DS_Varndean,DS_Varndean,E01016902|DS_Varndean|DS_Varndean
E01016902,E05015404,531930,106988,DS_Varndean,DS_Varndean,E01016902|DS_Varndean|DS_Varndean
E01016905,E05015404,531866,106268,DS_Varndean,DS_Varndean,E01016905|DS_Varndean|DS_Varndean
E01016905,E05015404,531806,106149,DS_Varndean,DS_Varndean,E01016905|DS_Varndean|DS_Varndean
E01016905,E05015404,531798,106218,DS_Varndean,DS_Varndean,E01016905|DS_Varndean|DS_Varndean
E01016905,E05015404,531910,106240,DS_Varndean,DS_Varndean,E01016905|DS_Varndean|DS_Varndean
E01016905,E05015404,531912,106345,DS_Varndean,DS_Varndean,E01016905|DS_Varndean|DS_Varndean
E01016905,E05015404,531845,106450,DS_Varndean,DS_Varndean,E01016905|DS_Varndean|DS_Varndean
E01016905,E05015404,531882,106447,DS_Varndean,DS_Varndean,E01016905|DS_Varndean|DS_Varndean
E01016905,E05015404,531939,106442,DS_Varndean,DS_Varndean,E01016905|DS_Varndean|DS_Varndean
E01016902,E05015404,531875,106557,DS_Varndean,DS_Varndean,E01016902|DS_Varndean|DS_Varndean
E01016904,E05015404,531910,106714,DS_Varndean,DS_Varndean,E01016904|DS_Varndean|DS_Varndean
E01016902,E05015404,531898,106850,DS_Varndean,DS_Varndean,E01016902|DS_Varndean|DS_Varndean
E01016902,E05015404,531969,106886,DS_Varndean,DS_Varndean,E01016902|DS_Varndean|DS_Varndean
E01016904,E05015404,531956,106702,DS_Varndean,DS_Varndean,E01016904|DS_Varndean|DS_Varndean
E01016902,E05015404,531755,107048,DS_Varndean,DS_Varndean,E01016902|DS_Varndean|DS_Varndean
E01016902,E05015404,531833,106996,DS_Varndean,DS_Varndean,E01016902|DS_Varndean|DS_Varndean
E01016902,E05015404,531819,107095,DS_Varndean,DS_Varndean,E01016902|DS_Varndean|DS_Varndean
E01016902,E05015404,531815,107063,DS_Varndean,DS_Varndean,E01016902|DS_Varndean|DS_Varndean
E01016902,E05015404,531910,107050,DS_Varndean,DS_Varndean,E01016902|DS_Varndean|DS_Varndean
E01016900,E05015404,532300,107048,DS_Varndean,DS_Varndean,E01016900|DS_Varndean|DS_Varndean
E01016902,E05015404,532235,106881,DS_Varndean,DS_Varndean,E01016902|DS_Varndean|DS_Varndean
E01016902,E05015404,532219,106808,DS_Varndean,DS_Varndean,E01016902|DS_Varndean|DS_Varndean
E01016900,E05015404,532276,106789,DS_Varndean,DS_Varndean,E01016900|DS_Varndean|DS_Varndean
E01016900,E05015404,532327,106778,DS_Varndean,DS_Varndean,E01016900|DS_Varndean|DS_Varndean
E01016900,E05015404,532411,106936,DS_Varndean,DS_Varndean,E01016900|DS_Varndean|DS_Varndean
E01016900,E05015404,532320,106690,DS_Varndean,DS_Varndean,E01016900|DS_Varndean|DS_Varndean
E01016900,E05015404,532227,106595,DS_Varndean,DS_Varndean,E01016900|DS_Varndean|DS_Varndean
E01016900,E05015404,532249,106707,DS_Varndean,DS_Varndean,E01016900|DS_Varndean|DS_Varndean
E01016900,E05015404,532434,106929,DS_Varndean,DS_Varndean,E01016900|DS_Varndean|DS_Varndean
E01016900,E05015404,532219,106641,DS_Varndean,DS_Varndean,E01016900|DS_Varndean|DS_Varndean
E01016902,E05015404,532127,106928,DS_Varndean,DS_Varndean,E01016902|DS_Varndean|DS_Varndean
E01016902,E05015404,532085,106953,DS_Varndean,DS_Varndean,E01016902|DS_Varndean|DS_Varndean
E01016902,E05015404,532223,106922,DS_Varndean,DS_Varndean,E01016902|DS_Varndean|DS_Varndean
E01016903,E05015404,531624,106197,DS_Varndean,DS_Varndean,E01016903|DS_Varndean|DS_Varndean
E01016905,E05015404,531697,106311,DS_Varndean,DS_Varndean,E01016905|DS_Varndean|DS_Varndean
E01016901,E05015404,531704,106505,DS_Varndean,DS_Varndean,E01016901|DS_Varndean|DS_Varndean
E01016901,E05015404,531739,106612,DS_Varndean,DS_Varndean,E01016901|DS_Varndean|DS_Varndean
E01016901,E05015404,531767,106808,DS_Varndean,DS_Varndean,E01016901|DS_Varndean|DS_Varndean
E01016901,E05015404,531739,106800,DS_Varndean,DS_Varndean,E01016901|DS_Varndean|DS_Varndean
E01016902,E05015404,531856,106782,DS_Varndean,DS_Varndean,E01016902|DS_Varndean|DS_Varndean
E01016902,E05015404,531826,106780,DS_Varndean,DS_Varndean,E01016902|DS_Varndean|DS_Varndean
E01016901,E05015404,531764,106495,DS_Varndean,DS_Varndean,E01016901|DS_Varndean|DS_Varndean
E01016905,E05015404,531784,106333,DS_Varndean,DS_Varndean,E01016905|DS_Varndean|DS_Varndean
E01016901,E05015404,531728,106444,DS_Varndean,DS_Varndean,E01016901|DS_Varndean|DS_Varndean
E01016901,E05015404,531744,106443,DS_Varndean,DS_Varndean,E01016901|DS_Varndean|DS_Varndean
E01016905,E05015404,531754,106144,DS_Varndean,DS_Varndean,E01016905|DS_Varndean|DS_Varndean
E01016905,E05015404,531572,106092,DS_Varndean,DS_Varndean,E01016905|DS_Varndean|DS_Varndean
E01016905,E05015404,531580,106139,DS_Varndean,DS_Varndean,E01016905|DS_Varndean|DS_Varndean
E01016905,E05015404,531550,106065,DS_Varndean,DS_Varndean,E01016905|DS_Varndean|DS_Varndean
E01016905,E05015404,531736,106063,DS_Varndean,DS_Varndean,E01016905|DS_Varndean|DS_Varndean
E01016905,E05015404,531691,106229,DS_Varndean,DS_Varndean,E01016905|DS_Varndean|DS_Varndean
E01016905,E05015404,531758,106213,DS_Varndean,DS_Varndean,E01016905|DS_Varndean|DS_Varndean
E01016903,E05015404,531668,106410,DS_Varndean,DS_Varndean,E01016903|DS_Varndean|DS_Varndean
E01016903,E05015404,531639,106379,DS_Varndean,DS_Varndean,E01016903|DS_Varndean|DS_Varndean
E01016901,E05015404,531606,106562,DS_Varndean,DS_Varndean,E01016901|DS_Varndean|DS_Varndean
E01016901,E05015404,531679,106832,DS_Varndean,DS_Varndean,E01016901|DS_Varndean|DS_Varndean
E01016901,E05015404,531651,106786,DS_Varndean,DS_Varndean,E01016901|DS_Varndean|DS_Varndean
E01016901,E05015404,531631,106812,DS_Varndean,DS_Varndean,E01016901|DS_Varndean|DS_Varndean
E01016901,E05015404,531718,106985,DS_Varndean,DS_Varndean,E01016901|DS_Varndean|DS_Varndean
E01016901,E05015404,531645,106979,DS_Varndean,DS_Varndean,E01016901|DS_Varndean|DS_Varndean
E01016901,E05015404,531599,106908,DS_Varndean,DS_Varndean,E01016901|DS_Varndean|DS_Varndean
E01016901,E05015404,531540,106912,DS_Varndean,DS_Varndean,E01016901|DS_Varndean|DS_Varndean
E01016901,E05015404,531608,106703,DS_Varndean,DS_Varndean,E01016901|DS_Varndean|DS_Varndean
E01016901,E05015404,531575,106712,DS_Varndean,DS_Varndean,E01016901|DS_Varndean|DS_Varndean
E01016900,E05015404,531560,107106,DS_Varndean,DS_Varndean,E01016900|DS_Varndean|DS_Varndean
E01016900,E05015404,531876,107719,DS_Varndean,DS_Varndean,E01016900|DS_Varndean|DS_Varndean
E01016902,E05015404,531688,107217,DS_Varndean,DS_Varndean,E01016902|DS_Varndean|DS_Varndean
E01016901,E05015404,531605,106485,DS_Varndean,DS_Varndean,E01016901|DS_Varndean|DS_Varndean
E01016900,E05015404,531604,107085,DS_Varndean,DS_Varndean,E01016900|DS_Varndean|DS_Varndean
E01016900,E05015404,531676,107119,DS_Varndean,DS_Varndean,E01016900|DS_Varndean|DS_Varndean
E01016900,E05015404,531540,107176,DS_Varndean,DS_Varndean,E01016900|DS_Varndean|DS_Varndean
E01016903,E05015404,531596,106323,DS_Varndean,DS_Varndean,E01016903|DS_Varndean|DS_Varndean
E01016903,E05015404,531563,106339,DS_Varndean,DS_Varndean,E01016903|DS_Varndean|DS_Varndean
E01016903,E05015404,531520,106547,DS_Varndean,DS_Varndean,E01016903|DS_Varndean|DS_Varndean
E01016903,E05015404,531464,106590,DS_Varndean,DS_Varndean,E01016903|DS_Varndean|DS_Varndean
E01016903,E05015404,531488,106668,DS_Varndean,DS_Varndean,E01016903|DS_Varndean|DS_Varndean
E01016903,E05015404,531455,106692,DS_Varndean,DS_Varndean,E01016903|DS_Varndean|DS_Varndean
E01016903,E05015404,531509,106930,DS_Varndean,DS_Varndean,E01016903|DS_Varndean|DS_Varndean
E01016903,E05015404,531543,106726,DS_Varndean,DS_Varndean,E01016903|DS_Varndean|DS_Varndean
E01016903,E05015404,531524,106686,DS_Varndean,DS_Varndean,E01016903|DS_Varndean|DS_Varndean
E01016903,E05015404,531517,106515,DS_Varndean,DS_Varndean,E01016903|DS_Varndean|DS_Varndean
E01016903,E05015404,531452,106874,DS_Varndean,DS_Varndean,E01016903|DS_Varndean|DS_Varndean
E01016903,E05015404,531425,106860,DS_Varndean,DS_Varndean,E01016903|DS_Varndean|DS_Varndean
E01016903,E05015404,531445,106966,DS_Varndean,DS_Varndean,E01016903|DS_Varndean|DS_Varndean
E01016903,E05015404,531502,106815,DS_Varndean,DS_Varndean,E01016903|DS_Varndean|DS_Varndean
E01016903,E05015404,531503,106803,DS_Varndean,DS_Varndean,E01016903|DS_Varndean|DS_Varndean
E01016900,E05015404,532450,107147,DS_Varndean,DS_Varndean,E01016900|DS_Varndean|DS_Varndean
E01016902,E05015404,531581,107199,DS_Varndean,DS_Varndean,E01016902|DS_Varndean|DS_Varndean
E01016925,E05015408,531513,108069,Patcham,Patcham,E01016925|Patcham|Patcham
E01016925,E05015408,531568,108062,Patcham,Patcham,E01016925|Patcham|Patcham
E01016925,E05015408,531448,108107,Patcham,Patcham,E01016925|Patcham|Patcham
E01016925,E05015408,531461,108059,Patcham,Patcham,E01016925|Patcham|Patcham
E01016926,E05015408,532224,109287,Patcham,Patcham,E01016926|Patcham|Patcham
E01016930,E05015408,531507,107905,Patcham,Patcham,E01016930|Patcham|Patcham
E01016930,E05015408,531489,107936,Patcham,Patcham,E01016930|Patcham|Patcham
E01016923,E05015408,530377,108371,Patcham,Patcham,E01016923|Patcham|Patcham
E01016928,E05015408,530098,109132,Patcham,Patcham,E01016928|Patcham|Patcham
E01016926,E05015408,532165,109165,Patcham,Patcham,E01016926|Patcham|Patcham
E01016926,E05015408,531942,109063,Patcham,Patcham,E01016926|Patcham|Patcham
E01016926,E05015408,532115,109282,Patcham,Patcham,E01016926|Patcham|Patcham
E01016926,E05015408,532017,109151,Patcham,Patcham,E01016926|Patcham|Patcham
E01016999,E05015417,528252,108901,Patcham,Patcham,E01016999|Patcham|Patcham
E01016928,E05015408,530539,109467,Patcham,Patcham,E01016928|Patcham|Patcham
E01016930,E05015408,530628,107782,Patcham,Patcham,E01016930|Patcham|Patcham
E01016928,E05015408,530196,108805,Patcham,Patcham,E01016928|Patcham|Patcham
E01016923,E05015408,530390,108343,Patcham,Patcham,E01016923|Patcham|Patcham
E01016926,E05015408,531714,108447,Patcham,Patcham,E01016926|Patcham|Patcham
E01016926,E05015408,531737,108409,Patcham,Patcham,E01016926|Patcham|Patcham
E01016926,E05015408,531938,108637,Patcham,Patcham,E01016926|Patcham|Patcham
E01016925,E05015408,531437,108346,Patcham,Patcham,E01016925|Patcham|Patcham
E01016929,E05015408,531446,108422,Patcham,Patcham,E01016929|Patcham|Patcham
E01016925,E05015408,531636,108474,Patcham,Patcham,E01016925|Patcham|Patcham
E01016925,E05015408,531628,108511,Patcham,Patcham,E01016925|Patcham|Patcham
E01016926,E05015408,531779,108574,Patcham,Patcham,E01016926|Patcham|Patcham
E01016926,E05015408,531610,108603,Patcham,Patcham,E01016926|Patcham|Patcham
E01016925,E05015408,531477,108512,Patcham,Patcham,E01016925|Patcham|Patcham
E01016925,E05015408,531390,108490,Patcham,Patcham,E01016925|Patcham|Patcham
E01016929,E05015408,531317,108412,Patcham,Patcham,E01016929|Patcham|Patcham
E01016925,E05015408,531429,108519,Patcham,Patcham,E01016925|Patcham|Patcham
E01016925,E05015408,531498,108348,Patcham,Patcham,E01016925|Patcham|Patcham
E01016930,E05015408,530718,107743,Patcham,Patcham,E01016930|Patcham|Patcham
E01016930,E05015408,530819,107727,Patcham,Patcham,E01016930|Patcham|Patcham
E01016930,E05015408,530968,107848,Patcham,Patcham,E01016930|Patcham|Patcham
E01016930,E05015408,531015,107907,Patcham,Patcham,E01016930|Patcham|Patcham
E01016930,E05015408,531223,107798,Patcham,Patcham,E01016930|Patcham|Patcham
E01016930,E05015408,531253,107761,Patcham,Patcham,E01016930|Patcham|Patcham
E01016930,E05015408,531173,107885,Patcham,Patcham,E01016930|Patcham|Patcham
E01016930,E05015408,531210,107937,Patcham,Patcham,E01016930|Patcham|Patcham
E01016930,E05015408,531301,107894,Patcham,Patcham,E01016930|Patcham|Patcham
E01016930,E05015408,531116,107890,Patcham,Patcham,E01016930|Patcham|Patcham
E01016930,E05015408,530883,107821,Patcham,Patcham,E01016930|Patcham|Patcham
E01016930,E05015408,530870,107901,Patcham,Patcham,E01016930|Patcham|Patcham
E01016925,E05015408,531782,108386,Patcham,Patcham,E01016925|Patcham|Patcham
E01016926,E05015408,531996,108490,Patcham,Patcham,E01016926|Patcham|Patcham
E01016925,E05015408,531801,108350,Patcham,Patcham,E01016925|Patcham|Patcham
E01016926,E05015408,532004,108580,Patcham,Patcham,E01016926|Patcham|Patcham
E01016925,E05015408,531775,108308,Patcham,Patcham,E01016925|Patcham|Patcham
E01016926,E05015408,531966,108412,Patcham,Patcham,E01016926|Patcham|Patcham
E01016926,E05015408,532037,108603,Patcham,Patcham,E01016926|Patcham|Patcham
E01016926,E05015408,531989,108627,Patcham,Patcham,E01016926|Patcham|Patcham
E01016926,E05015408,531983,108736,Patcham,Patcham,E01016926|Patcham|Patcham
E01016926,E05015408,532012,108898,Patcham,Patcham,E01016926|Patcham|Patcham
E01016926,E05015408,532087,108525,Patcham,Patcham,E01016926|Patcham|Patcham
E01016925,E05015408,531735,108253,Patcham,Patcham,E01016925|Patcham|Patcham
E01016930,E05015408,531652,108109,Patcham,Patcham,E01016930|Patcham|Patcham
E01016926,E05015408,531980,108276,Patcham,Patcham,E01016926|Patcham|Patcham
E01016926,E05015408,532212,108445,Patcham,Patcham,E01016926|Patcham|Patcham
E01016926,E05015408,532204,108666,Patcham,Patcham,E01016926|Patcham|Patcham
E01016926,E05015408,532164,108428,Patcham,Patcham,E01016926|Patcham|Patcham
E01016926,E05015408,532080,108382,Patcham,Patcham,E01016926|Patcham|Patcham
E01016926,E05015408,532121,108641,Patcham,Patcham,E01016926|Patcham|Patcham
E01016926,E05015408,532162,108880,Patcham,Patcham,E01016926|Patcham|Patcham
E01016926,E05015408,532199,108895,Patcham,Patcham,E01016926|Patcham|Patcham
E01016926,E05015408,531949,108887,Patcham,Patcham,E01016926|Patcham|Patcham
E01016926,E05015408,532116,108881,Patcham,Patcham,E01016926|Patcham|Patcham
E01016926,E05015408,532006,108774,Patcham,Patcham,E01016926|Patcham|Patcham
E01016923,E05015408,530506,107989,Patcham,Patcham,E01016923|Patcham|Patcham
E01016923,E05015408,530655,108171,Patcham,Patcham,E01016923|Patcham|Patcham
E01016929,E05015408,530688,108150,Patcham,Patcham,E01016929|Patcham|Patcham
E01016930,E05015408,530689,107996,Patcham,Patcham,E01016930|Patcham|Patcham
E01016930,E05015408,530662,107892,Patcham,Patcham,E01016930|Patcham|Patcham
E01016930,E05015408,530796,108074,Patcham,Patcham,E01016930|Patcham|Patcham
E01016930,E05015408,530766,108157,Patcham,Patcham,E01016930|Patcham|Patcham
E01016930,E05015408,530953,108054,Patcham,Patcham,E01016930|Patcham|Patcham
E01016930,E05015408,530973,108124,Patcham,Patcham,E01016930|Patcham|Patcham
E01016929,E05015408,531097,108399,Patcham,Patcham,E01016929|Patcham|Patcham
E01016929,E05015408,530999,108388,Patcham,Patcham,E01016929|Patcham|Patcham
E01016930,E05015408,530929,108174,Patcham,Patcham,E01016930|Patcham|Patcham
E01016929,E05015408,530918,108210,Patcham,Patcham,E01016929|Patcham|Patcham
E01016929,E05015408,530894,108283,Patcham,Patcham,E01016929|Patcham|Patcham
E01016929,E05015408,531303,108177,Patcham,Patcham,E01016929|Patcham|Patcham
E01016930,E05015408,531126,108067,Patcham,Patcham,E01016930|Patcham|Patcham
E01016929,E05015408,531191,108202,Patcham,Patcham,E01016929|Patcham|Patcham
E01016929,E05015408,531163,108264,Patcham,Patcham,E01016929|Patcham|Patcham
E01016929,E05015408,531374,108313,Patcham,Patcham,E01016929|Patcham|Patcham
E01016929,E05015408,531201,108368,Patcham,Patcham,E01016929|Patcham|Patcham
E01016929,E05015408,530986,108343,Patcham,Patcham,E01016929|Patcham|Patcham
E01016929,E05015408,530915,108372,Patcham,Patcham,E01016929|Patcham|Patcham
E01016925,E05015408,531405,108177,Patcham,Patcham,E01016925|Patcham|Patcham
E01016925,E05015408,531428,108141,Patcham,Patcham,E01016925|Patcham|Patcham
E01016929,E05015408,530864,108369,Patcham,Patcham,E01016929|Patcham|Patcham
E01016929,E05015408,530892,108459,Patcham,Patcham,E01016929|Patcham|Patcham
E01016929,E05015408,531050,108567,Patcham,Patcham,E01016929|Patcham|Patcham
E01016927,E05015408,531264,108617,Patcham,Patcham,E01016927|Patcham|Patcham
E01016927,E05015408,531399,108675,Patcham,Patcham,E01016927|Patcham|Patcham
E01016927,E05015408,531180,108538,Patcham,Patcham,E01016927|Patcham|Patcham
E01016927,E05015408,531445,108613,Patcham,Patcham,E01016927|Patcham|Patcham
E01016927,E05015408,531655,108660,Patcham,Patcham,E01016927|Patcham|Patcham
E01016927,E05015408,531535,108685,Patcham,Patcham,E01016927|Patcham|Patcham
E01016927,E05015408,531713,108854,Patcham,Patcham,E01016927|Patcham|Patcham
E01016927,E05015408,531603,108808,Patcham,Patcham,E01016927|Patcham|Patcham
E01016927,E05015408,531604,108932,Patcham,Patcham,E01016927|Patcham|Patcham
E01016925,E05015408,531244,108509,Patcham,Patcham,E01016925|Patcham|Patcham
E01016925,E05015408,531116,108445,Patcham,Patcham,E01016925|Patcham|Patcham
E01016927,E05015408,531697,108661,Patcham,Patcham,E01016927|Patcham|Patcham
E01016927,E05015408,531776,108756,Patcham,Patcham,E01016927|Patcham|Patcham
E01016926,E05015408,531845,109060,Patcham,Patcham,E01016926|Patcham|Patcham
E01016923,E05015408,530574,108346,Patcham,Patcham,E01016923|Patcham|Patcham
E01016923,E05015408,530235,107964,Patcham,Patcham,E01016923|Patcham|Patcham
E01016923,E05015408,530170,107985,Patcham,Patcham,E01016923|Patcham|Patcham
E01016923,E05015408,530234,108039,Patcham,Patcham,E01016923|Patcham|Patcham
E01016923,E05015408,530572,108200,Patcham,Patcham,E01016923|Patcham|Patcham
E01016923,E05015408,530519,108181,Patcham,Patcham,E01016923|Patcham|Patcham
E01016929,E05015408,530633,108379,Patcham,Patcham,E01016929|Patcham|Patcham
E01016929,E05015408,530727,108304,Patcham,Patcham,E01016929|Patcham|Patcham
E01016929,E05015408,530703,108363,Patcham,Patcham,E01016929|Patcham|Patcham
E01016929,E05015408,530791,108455,Patcham,Patcham,E01016929|Patcham|Patcham
E01016924,E05015408,530815,108649,Patcham,Patcham,E01016924|Patcham|Patcham
E01016924,E05015408,530953,108700,Patcham,Patcham,E01016924|Patcham|Patcham
E01016924,E05015408,530947,108750,Patcham,Patcham,E01016924|Patcham|Patcham
E01016927,E05015408,531152,108724,Patcham,Patcham,E01016927|Patcham|Patcham
E01016927,E05015408,531208,108772,Patcham,Patcham,E01016927|Patcham|Patcham
E01016929,E05015408,530977,108599,Patcham,Patcham,E01016929|Patcham|Patcham
E01016929,E05015408,530968,108626,Patcham,Patcham,E01016929|Patcham|Patcham
E01016929,E05015408,530910,108522,Patcham,Patcham,E01016929|Patcham|Patcham
E01016929,E05015408,530773,108495,Patcham,Patcham,E01016929|Patcham|Patcham
E01016929,E05015408,530785,108512,Patcham,Patcham,E01016929|Patcham|Patcham
E01016929,E05015408,530771,108527,Patcham,Patcham,E01016929|Patcham|Patcham
E01016929,E05015408,530783,108543,Patcham,Patcham,E01016929|Patcham|Patcham
E01016929,E05015408,530720,108606,Patcham,Patcham,E01016929|Patcham|Patcham
E01016926,E05015408,531706,109082,Patcham,Patcham,E01016926|Patcham|Patcham
E01016926,E05015408,531667,109050,Patcham,Patcham,E01016926|Patcham|Patcham
E01016926,E05015408,531661,108997,Patcham,Patcham,E01016926|Patcham|Patcham
E01016928,E05015408,529660,109601,Patcham,Patcham,E01016928|Patcham|Patcham
E01017000,E05015408,529905,107620,Patcham,Patcham,E01017000|Patcham|Patcham
E01017000,E05015408,529915,107706,Patcham,Patcham,E01017000|Patcham|Patcham
E01016923,E05015408,530026,108049,Patcham,Patcham,E01016923|Patcham|Patcham
E01016928,E05015408,530311,108668,Patcham,Patcham,E01016928|Patcham|Patcham
E01016924,E05015408,530487,108793,Patcham,Patcham,E01016924|Patcham|Patcham
E01016924,E05015408,530447,108748,Patcham,Patcham,E01016924|Patcham|Patcham
E01016928,E05015408,530540,108728,Patcham,Patcham,E01016928|Patcham|Patcham
E01016928,E05015408,530598,108584,Patcham,Patcham,E01016928|Patcham|Patcham
E01016928,E05015408,530562,108516,Patcham,Patcham,E01016928|Patcham|Patcham
E01016928,E05015408,530548,108453,Patcham,Patcham,E01016928|Patcham|Patcham
E01016924,E05015408,530287,108738,Patcham,Patcham,E01016924|Patcham|Patcham
E01017000,E05015408,529942,107843,Patcham,Patcham,E01017000|Patcham|Patcham
E01016923,E05015408,529966,107970,Patcham,Patcham,E01016923|Patcham|Patcham
E01016923,E05015408,529995,107983,Patcham,Patcham,E01016923|Patcham|Patcham
E01016923,E05015408,529964,108015,Patcham,Patcham,E01016923|Patcham|Patcham
E01017000,E05015408,529925,107769,Patcham,Patcham,E01017000|Patcham|Patcham
E01017000,E05015408,529927,107809,Patcham,Patcham,E01017000|Patcham|Patcham
E01017000,E05015408,529914,107732,Patcham,Patcham,E01017000|Patcham|Patcham
E01016924,E05015408,530735,108917,Patcham,Patcham,E01016924|Patcham|Patcham
E01016924,E05015408,530906,108960,Patcham,Patcham,E01016924|Patcham|Patcham
E01016931,E05015408,531150,108993,Patcham,Patcham,E01016931|Patcham|Patcham
E01016931,E05015408,531072,109164,Patcham,Patcham,E01016931|Patcham|Patcham
E01016931,E05015408,531039,109158,Patcham,Patcham,E01016931|Patcham|Patcham
E01016931,E05015408,531129,109196,Patcham,Patcham,E01016931|Patcham|Patcham
E01016931,E05015408,531194,109256,Patcham,Patcham,E01016931|Patcham|Patcham
E01016931,E05015408,531244,109174,Patcham,Patcham,E01016931|Patcham|Patcham
E01016924,E05015408,530808,109263,Patcham,Patcham,E01016924|Patcham|Patcham
E01016931,E05015408,531050,109314,Patcham,Patcham,E01016931|Patcham|Patcham
E01016931,E05015408,531447,109180,Patcham,Patcham,E01016931|Patcham|Patcham
E01016931,E05015408,531414,109198,Patcham,Patcham,E01016931|Patcham|Patcham
E01016931,E05015408,531694,109408,Patcham,Patcham,E01016931|Patcham|Patcham
E01016931,E05015408,531685,109446,Patcham,Patcham,E01016931|Patcham|Patcham
E01016931,E05015408,531646,109487,Patcham,Patcham,E01016931|Patcham|Patcham
E01016931,E05015408,531427,109250,Patcham,Patcham,E01016931|Patcham|Patcham
E01016931,E05015408,531272,109276,Patcham,Patcham,E01016931|Patcham|Patcham
E01016931,E05015408,531351,109297,Patcham,Patcham,E01016931|Patcham|Patcham
E01016931,E05015408,531426,109342,Patcham,Patcham,E01016931|Patcham|Patcham
E01016931,E05015408,531502,109373,Patcham,Patcham,E01016931|Patcham|Patcham
E01016931,E05015408,531512,109435,Patcham,Patcham,E01016931|Patcham|Patcham
E01016931,E05015408,531282,109373,Patcham,Patcham,E01016931|Patcham|Patcham
E01016929,E05015408,530660,108806,Patcham,Patcham,E01016929|Patcham|Patcham
E01016924,E05015408,530915,108844,Patcham,Patcham,E01016924|Patcham|Patcham
E01016924,E05015408,530964,108805,Patcham,Patcham,E01016924|Patcham|Patcham
E01016927,E05015408,531312,108917,Patcham,Patcham,E01016927|Patcham|Patcham
E01016927,E05015408,531250,108932,Patcham,Patcham,E01016927|Patcham|Patcham
E01016927,E05015408,531377,108841,Patcham,Patcham,E01016927|Patcham|Patcham
E01016927,E05015408,531302,108866,Patcham,Patcham,E01016927|Patcham|Patcham
E01016927,E05015408,531432,108892,Patcham,Patcham,E01016927|Patcham|Patcham
E01016927,E05015408,531448,108811,Patcham,Patcham,E01016927|Patcham|Patcham
E01016927,E05015408,531303,108781,Patcham,Patcham,E01016927|Patcham|Patcham
E01016927,E05015408,531259,108669,Patcham,Patcham,E01016927|Patcham|Patcham
E01016927,E05015408,531389,108714,Patcham,Patcham,E01016927|Patcham|Patcham
E01016927,E05015408,531530,108736,Patcham,Patcham,E01016927|Patcham|Patcham
E01016924,E05015408,530725,108848,Patcham,Patcham,E01016924|Patcham|Patcham
E01016927,E05015408,531532,109003,Patcham,Patcham,E01016927|Patcham|Patcham
E01016927,E05015408,531498,108920,Patcham,Patcham,E01016927|Patcham|Patcham
E01016924,E05015408,530485,109018,Patcham,Patcham,E01016924|Patcham|Patcham
E01016924,E05015408,530455,108976,Patcham,Patcham,E01016924|Patcham|Patcham
E01016924,E05015408,530558,108885,Patcham,Patcham,E01016924|Patcham|Patcham
E01016924,E05015408,530587,109069,Patcham,Patcham,E01016924|Patcham|Patcham
E01016924,E05015408,530627,109029,Patcham,Patcham,E01016924|Patcham|Patcham
E01016924,E05015408,530687,109058,Patcham,Patcham,E01016924|Patcham|Patcham
E01016924,E05015408,530717,109072,Patcham,Patcham,E01016924|Patcham|Patcham
E01016924,E05015408,530811,109110,Patcham,Patcham,E01016924|Patcham|Patcham
E01016931,E05015408,530867,109126,Patcham,Patcham,E01016931|Patcham|Patcham
E01016931,E05015408,530904,109137,Patcham,Patcham,E01016931|Patcham|Patcham
E01016931,E05015408,530963,109141,Patcham,Patcham,E01016931|Patcham|Patcham
E01016923,E05015408,530328,108325,Patcham,Patcham,E01016923|Patcham|Patcham
E01016923,E05015408,530158,108168,Patcham,Patcham,E01016923|Patcham|Patcham
E01016923,E05015408,530272,108108,Patcham,Patcham,E01016923|Patcham|Patcham
E01016923,E05015408,530256,108219,Patcham,Patcham,E01016923|Patcham|Patcham
E01016923,E05015408,530315,108207,Patcham,Patcham,E01016923|Patcham|Patcham
E01016923,E05015408,530412,108204,Patcham,Patcham,E01016923|Patcham|Patcham
E01016923,E05015408,530469,108376,Patcham,Patcham,E01016923|Patcham|Patcham
E01016923,E05015408,530450,108204,Patcham,Patcham,E01016923|Patcham|Patcham
E01016923,E05015408,530488,108407,Patcham,Patcham,E01016923|Patcham|Patcham
E01016923,E05015408,530390,108308,Patcham,Patcham,E01016923|Patcham|Patcham
E01016923,E05015408,530450,108461,Patcham,Patcham,E01016923|Patcham|Patcham
E01016928,E05015408,530396,108593,Patcham,Patcham,E01016928|Patcham|Patcham
E01016928,E05015408,530455,108612,Patcham,Patcham,E01016928|Patcham|Patcham
E01016928,E05015408,530363,108922,Patcham,Patcham,E01016928|Patcham|Patcham
E01016928,E05015408,530306,108832,Patcham,Patcham,E01016928|Patcham|Patcham
E01016928,E05015408,530336,108861,Patcham,Patcham,E01016928|Patcham|Patcham
E01016923,E05015408,530113,108011,Patcham,Patcham,E01016923|Patcham|Patcham
E01016928,E05015408,530502,108506,Patcham,Patcham,E01016928|Patcham|Patcham
E01016928,E05015408,530112,108352,Patcham,Patcham,E01016928|Patcham|Patcham
E01016928,E05015408,529985,108375,Patcham,Patcham,E01016928|Patcham|Patcham
E01016928,E05015408,530018,108414,Patcham,Patcham,E01016928|Patcham|Patcham
E01016928,E05015408,529978,108117,Patcham,Patcham,E01016928|Patcham|Patcham
E01016928,E05015408,530082,108443,Patcham,Patcham,E01016928|Patcham|Patcham
E01016928,E05015408,530046,108471,Patcham,Patcham,E01016928|Patcham|Patcham
E01016928,E05015408,529990,108659,Patcham,Patcham,E01016928|Patcham|Patcham
E01016928,E05015408,530209,108308,Patcham,Patcham,E01016928|Patcham|Patcham
E01016928,E05015408,530272,108368,Patcham,Patcham,E01016928|Patcham|Patcham
E01016928,E05015408,530324,108475,Patcham,Patcham,E01016928|Patcham|Patcham
E01016928,E05015408,530270,108565,Patcham,Patcham,E01016928|Patcham|Patcham
E01016928,E05015408,530215,108656,Patcham,Patcham,E01016928|Patcham|Patcham
E01016928,E05015408,530270,108626,Patcham,Patcham,E01016928|Patcham|Patcham
E01016923,E05015408,530049,108065,Patcham,Patcham,E01016923|Patcham|Patcham
E01016928,E05015408,530208,108790,Patcham,Patcham,E01016928|Patcham|Patcham
E01016928,E05015408,530185,108719,Patcham,Patcham,E01016928|Patcham|Patcham
E01016928,E05015408,530119,108849,Patcham,Patcham,E01016928|Patcham|Patcham
E01016928,E05015408,530171,108996,Patcham,Patcham,E01016928|Patcham|Patcham
E01016928,E05015408,530180,109161,Patcham,Patcham,E01016928|Patcham|Patcham
E01016928,E05015408,530068,109108,Patcham,Patcham,E01016928|Patcham|Patcham
E01016999,E05015417,529121,108647,Patcham,Patcham,E01016999|Patcham|Patcham
E01016885,E05015402,526712,109675,Hove_Blatch,Patcham,E01016885|Hove_Blatch|Patcham
E01016969,E05015415,531040,104624,DS_Varndean,DS_Varndean,E01016969|DS_Varndean|DS_Varndean
E01016928,E05015408,530185,108869,Patcham,Patcham,E01016928|Patcham|Patcham
E01016928,E05015408,530134,108943,Patcham,Patcham,E01016928|Patcham|Patcham
E01016999,E05015417,528882,108721,Patcham,Patcham,E01016999|Patcham|Patcham
E01016928,E05015408,530260,109013,Patcham,Patcham,E01016928|Patcham|Patcham
E01016928,E05015408,530241,109154,Patcham,Patcham,E01016928|Patcham|Patcham
E01016928,E05015408,530239,108842,Patcham,Patcham,E01016928|Patcham|Patcham
E01016928,E05015408,531042,110495,Patcham,Patcham,E01016928|Patcham|Patcham
E01016928,E05015408,531218,111008,Patcham,Patcham,E01016928|Patcham|Patcham
E01016999,E05015417,529468,109197,Patcham,Patcham,E01016999|Patcham|Patcham
E01016998,E05015417,529721,109130,Patcham,Patcham,E01016998|Patcham|Patcham
E01016999,E05015417,529349,109553,Patcham,Patcham,E01016999|Patcham|Patcham
E01016928,E05015408,529690,109518,Patcham,Patcham,E01016928|Patcham|Patcham
E01016899,E05015400,533449,108247,Patcham,Patcham,E01016899|Patcham|Patcham
E01016899,E05015400,533431,108283,Patcham,Patcham,E01016899|Patcham|Patcham
E01016899,E05015400,533476,108410,Patcham,Patcham,E01016899|Patcham|Patcham
E01016899,E05015400,533439,108400,Patcham,Patcham,E01016899|Patcham|Patcham
E01016899,E05015400,533178,108531,Patcham,Patcham,E01016899|Patcham|Patcham
E01016899,E05015400,533141,108523,Patcham,Patcham,E01016899|Patcham|Patcham
E01016899,E05015400,533055,108631,Patcham,Patcham,E01016899|Patcham|Patcham
E01016898,E05015400,533239,108189,Patcham,Patcham,E01016898|Patcham|Patcham
E01016899,E05015400,533291,108308,Patcham,Patcham,E01016899|Patcham|Patcham
E01016899,E05015400,533292,108365,Patcham,Patcham,E01016899|Patcham|Patcham
E01016899,E05015400,533210,108411,Patcham,Patcham,E01016899|Patcham|Patcham
E01016898,E05015400,533132,108236,Patcham,Patcham,E01016898|Patcham|Patcham
E01016898,E05015400,533116,108204,Patcham,Patcham,E01016898|Patcham|Patcham
E01016898,E05015400,532998,108412,Patcham,Patcham,E01016898|Patcham|Patcham
E01016898,E05015400,533117,108394,Patcham,Patcham,E01016898|Patcham|Patcham
E01016898,E05015400,533037,108416,Patcham,Patcham,E01016898|Patcham|Patcham
E01016898,E05015400,533133,108427,Patcham,Patcham,E01016898|Patcham|Patcham
E01016898,E05015400,533035,108501,Patcham,Patcham,E01016898|Patcham|Patcham
E01016899,E05015400,533411,108361,Patcham,Patcham,E01016899|Patcham|Patcham
E01016899,E05015400,533338,108486,Patcham,Patcham,E01016899|Patcham|Patcham
E01016898,E05015400,532978,108326,Patcham,Patcham,E01016898|Patcham|Patcham
E01016899,E05015400,534542,109806,BACA,BACA,E01016899|BACA|BACA
E01016914,E05015400,534922,108571,BACA,BACA,E01016914|BACA|BACA
E01016899,E05015400,533610,109465,BACA,BACA,E01016899|BACA|BACA
E01016914,E05015400,533901,108136,BACA,BACA,E01016914|BACA|BACA
E01016898,E05015400,533312,108794,Patcham,Patcham,E01016898|Patcham|Patcham
E01016899,E05015400,533561,109507,BACA,BACA,E01016899|BACA|BACA
E01016898,E05015400,532978,108326,Patcham,Patcham,E01016898|Patcham|Patcham
E01016898,E05015400,533021,109157,Patcham,Patcham,E01016898|Patcham|Patcham
E01016898,E05015400,533053,109116,Patcham,Patcham,E01016898|Patcham|Patcham
E01016898,E05015400,533096,109064,Patcham,Patcham,E01016898|Patcham|Patcham
E01016898,E05015400,533084,109019,Patcham,Patcham,E01016898|Patcham|Patcham
E01016898,E05015400,533045,109063,Patcham,Patcham,E01016898|Patcham|Patcham
E01016898,E05015400,533006,109109,Patcham,Patcham,E01016898|Patcham|Patcham
E01016969,E05015400,533285,108167,Patcham,Patcham,E01016969|Patcham|Patcham
E01016969,E05015400,533290,108170,Patcham,Patcham,E01016969|Patcham|Patcham
E01016969,E05015400,533297,108175,Patcham,Patcham,E01016969|Patcham|Patcham
E01016969,E05015400,533301,108178,Patcham,Patcham,E01016969|Patcham|Patcham
E01016898,E05015400,532736,109088,Patcham,Patcham,E01016898|Patcham|Patcham
E01016898,E05015400,532697,109102,Patcham,Patcham,E01016898|Patcham|Patcham
E01016898,E05015400,532889,108852,Patcham,Patcham,E01016898|Patcham|Patcham
E01016898,E05015400,532843,108850,Patcham,Patcham,E01016898|Patcham|Patcham
E01016898,E05015400,532774,108799,Patcham,Patcham,E01016898|Patcham|Patcham
E01016898,E05015400,532800,108875,Patcham,Patcham,E01016898|Patcham|Patcham
E01016898,E05015400,532997,108781,Patcham,Patcham,E01016898|Patcham|Patcham
E01016898,E05015400,532944,108813,Patcham,Patcham,E01016898|Patcham|Patcham
E01016898,E05015400,532915,109012,Patcham,Patcham,E01016898|Patcham|Patcham
E01016898,E05015400,532840,109072,Patcham,Patcham,E01016898|Patcham|Patcham
E01016898,E05015400,532764,108924,Patcham,Patcham,E01016898|Patcham|Patcham
E01016898,E05015400,532650,108985,Patcham,Patcham,E01016898|Patcham|Patcham
E01016898,E05015400,532690,109148,Patcham,Patcham,E01016898|Patcham|Patcham
E01016898,E05015400,532668,108685,Patcham,Patcham,E01016898|Patcham|Patcham
E01016898,E05015400,532721,108650,Patcham,Patcham,E01016898|Patcham|Patcham
E01016898,E05015400,532896,108793,Patcham,Patcham,E01016898|Patcham|Patcham
E01016898,E05015400,532847,108720,Patcham,Patcham,E01016898|Patcham|Patcham
E01016898,E05015400,532831,108759,Patcham,Patcham,E01016898|Patcham|Patcham
E01016898,E05015400,532840,108815,Patcham,Patcham,E01016898|Patcham|Patcham
E01016899,E05015400,533561,108208,Patcham,Patcham,E01016899|Patcham|Patcham
E01016899,E05015400,533583,108183,Patcham,Patcham,E01016899|Patcham|Patcham
E01016899,E05015400,533524,108413,Patcham,Patcham,E01016899|Patcham|Patcham
E01016898,E05015400,533190,108588,Patcham,Patcham,E01016898|Patcham|Patcham
E01016898,E05015400,532816,108722,Patcham,Patcham,E01016898|Patcham|Patcham
E01016898,E05015400,532856,108604,Patcham,Patcham,E01016898|Patcham|Patcham
E01016898,E05015400,532819,108634,Patcham,Patcham,E01016898|Patcham|Patcham
E01016898,E05015400,532923,108588,Patcham,Patcham,E01016898|Patcham|Patcham
E01016898,E05015400,532985,108654,Patcham,Patcham,E01016898|Patcham|Patcham
E01016899,E05015400,533052,108567,Patcham,Patcham,E01016899|Patcham|Patcham
E01016899,E05015400,533373,108510,Patcham,Patcham,E01016899|Patcham|Patcham
E01016898,E05015400,533188,108910,Patcham,Patcham,E01016898|Patcham|Patcham
E01016898,E05015400,533236,108792,Patcham,Patcham,E01016898|Patcham|Patcham
E01016898,E05015400,533076,108796,Patcham,Patcham,E01016898|Patcham|Patcham
E01016898,E05015400,533310,108727,Patcham,Patcham,E01016898|Patcham|Patcham
E01016898,E05015400,533327,108741,Patcham,Patcham,E01016898|Patcham|Patcham
E01016898,E05015400,533341,108754,Patcham,Patcham,E01016898|Patcham|Patcham
E01016900,E05015404,532690,107194,Patcham,Patcham,E01016900|Patcham|Patcham
E01016914,E05015400,533670,107967,BACA,BACA,E01016914|BACA|BACA
E01016914,E05015400,533639,107979,BACA,BACA,E01016914|BACA|BACA
E01016915,E05015400,533480,107864,BACA,BACA,E01016915|BACA|BACA
E01016915,E05015400,533306,107714,BACA,BACA,E01016915|BACA|BACA
E01016915,E05015400,533516,107921,BACA,BACA,E01016915|BACA|BACA
E01016915,E05015400,533483,107957,BACA,BACA,E01016915|BACA|BACA
E01016915,E05015400,533301,107844,BACA,BACA,E01016915|BACA|BACA
E01016915,E05015400,533435,108024,BACA,BACA,E01016915|BACA|BACA
E01016915,E05015400,533385,107910,BACA,BACA,E01016915|BACA|BACA
E01016915,E05015400,533583,108034,BACA,BACA,E01016915|BACA|BACA
E01016915,E05015400,533663,108086,BACA,BACA,E01016915|BACA|BACA
E01016914,E05015400,533640,108116,BACA,BACA,E01016914|BACA|BACA
E01016915,E05015400,533427,108064,BACA,BACA,E01016915|BACA|BACA
E01016915,E05015400,533245,107803,BACA,BACA,E01016915|BACA|BACA
E01016900,E05015404,532799,107425,Patcham,Patcham,E01016900|Patcham|Patcham
E01016914,E05015400,533720,108113,BACA,BACA,E01016914|BACA|BACA
E01016914,E05015400,533761,108071,BACA,BACA,E01016914|BACA|BACA
E01016914,E05015400,533719,108077,BACA,BACA,E01016914|BACA|BACA
E01016914,E05015400,533735,108038,BACA,BACA,E01016914|BACA|BACA
E01016914,E05015400,533741,108078,BACA,BACA,E01016914|BACA|BACA
E01016899,E05015400,534677,109358,BACA,BACA,E01016899|BACA|BACA
E01016914,E05015400,534910,108508,BACA,BACA,E01016914|BACA|BACA
E01016899,E05015400,534698,108869,BACA,BACA,E01016899|BACA|BACA
E01016899,E05015400,534876,108913,BACA,BACA,E01016899|BACA|BACA
E01016914,E05015400,534566,108677,BACA,BACA,E01016914|BACA|BACA
E01016914,E05015400,534441,108236,BACA,BACA,E01016914|BACA|BACA
E01016899,E05015400,534813,108939,BACA,BACA,E01016899|BACA|BACA
E01016914,E05015400,534240,108428,BACA,BACA,E01016914|BACA|BACA
E01016899,E05015400,533622,109627,BACA,BACA,E01016899|BACA|BACA
E01016899,E05015400,533640,109471,BACA,BACA,E01016899|BACA|BACA
E01016899,E05015400,532474,109898,Patcham,Patcham,E01016899|Patcham|Patcham
E01016899,E05015400,534589,108941,BACA,BACA,E01016899|BACA|BACA
E01016899,E05015400,534840,108968,BACA,BACA,E01016899|BACA|BACA
E01016899,E05015400,534735,109035,BACA,BACA,E01016899|BACA|BACA
E01016899,E05015400,534710,109107,BACA,BACA,E01016899|BACA|BACA
E01016899,E05015400,534517,109050,BACA,BACA,E01016899|BACA|BACA
E01016899,E05015400,534562,109171,BACA,BACA,E01016899|BACA|BACA
E01016899,E05015400,534547,109482,BACA,BACA,E01016899|BACA|BACA
E01016899,E05015400,534535,109352,BACA,BACA,E01016899|BACA|BACA
E01016899,E05015400,534533,109419,BACA,BACA,E01016899|BACA|BACA
E01016899,E05015400,534469,109357,BACA,BACA,E01016899|BACA|BACA
E01016899,E05015400,534758,109182,BACA,BACA,E01016899|BACA|BACA
E01016899,E05015400,534632,109319,BACA,BACA,E01016899|BACA|BACA
E01016914,E05015400,534696,108338,BACA,BACA,E01016914|BACA|BACA
E01016899,E05015400,534497,109121,BACA,BACA,E01016899|BACA|BACA
E01016899,E05015400,534516,108969,BACA,BACA,E01016899|BACA|BACA
E01016899,E05015400,534514,108809,BACA,BACA,E01016899|BACA|BACA
E01016899,E05015400,534464,109533,BACA,BACA,E01016899|BACA|BACA
E01016899,E05015400,534466,109121,BACA,BACA,E01016899|BACA|BACA
E01016899,E05015400,534518,109210,BACA,BACA,E01016899|BACA|BACA
E01016899,E05015400,534715,108961,BACA,BACA,E01016899|BACA|BACA
E01016899,E05015400,534895,109191,BACA,BACA,E01016899|BACA|BACA
E01016899,E05015400,534603,109437,BACA,BACA,E01016899|BACA|BACA
E01016899,E05015400,534625,109548,BACA,BACA,E01016899|BACA|BACA
E01016899,E05015400,534844,109035,BACA,BACA,E01016899|BACA|BACA
E01016899,E05015400,534510,109651,BACA,BACA,E01016899|BACA|BACA
E01016899,E05015400,534573,109510,BACA,BACA,E01016899|BACA|BACA
E01016899,E05015400,534609,109609,BACA,BACA,E01016899|BACA|BACA
E01016914,E05015400,534707,108737,BACA,BACA,E01016914|BACA|BACA
E01016899,E05015400,533489,109490,BACA,BACA,E01016899|BACA|BACA
E01016914,E05015400,534864,108245,BACA,BACA,E01016914|BACA|BACA
E01016899,E05015400,534573,109133,BACA,BACA,E01016899|BACA|BACA
E01016899,E05015400,534553,109227,BACA,BACA,E01016899|BACA|BACA
E01016899,E05015400,534547,109256,BACA,BACA,E01016899|BACA|BACA
E01016899,E05015400,534537,109283,BACA,BACA,E01016899|BACA|BACA
E01016899,E05015400,534844,109190,BACA,BACA,E01016899|BACA|BACA
E01016969,E05015415,531040,104624,DS_Varndean,DS_Varndean,E01016969|DS_Varndean|DS_Varndean
E01016862,E05015410,532553,104036,DS_Varndean,DS_Varndean,E01016862|DS_Varndean|DS_Varndean
E01016862,E05015410,532619,104069,DS_Varndean,DS_Varndean,E01016862|DS_Varndean|DS_Varndean
E01016862,E05015410,532607,103999,DS_Varndean,DS_Varndean,E01016862|DS_Varndean|DS_Varndean
E01016862,E05015405,532489,103920,DS_Varndean,Longhill,E01016862|DS_Varndean|Longhill
E01016862,E05015410,532667,104058,DS_Varndean,DS_Varndean,E01016862|DS_Varndean|DS_Varndean
E01016862,E05015410,532511,103948,DS_Varndean,DS_Varndean,E01016862|DS_Varndean|DS_Varndean
E01016863,E05015410,532808,104261,DS_Varndean,DS_Varndean,E01016863|DS_Varndean|DS_Varndean
E01016942,E05015405,532318,103995,DS_Varndean,DS_Varndean,E01016942|DS_Varndean|DS_Varndean
E01016942,E05015410,532406,104087,DS_Varndean,DS_Varndean,E01016942|DS_Varndean|DS_Varndean
E01016862,E05015410,532539,104011,DS_Varndean,DS_Varndean,E01016862|DS_Varndean|DS_Varndean
E01016862,E05015410,532567,103943,DS_Varndean,DS_Varndean,E01016862|DS_Varndean|DS_Varndean
E01016942,E05015410,532113,104118,DS_Varndean,DS_Varndean,E01016942|DS_Varndean|DS_Varndean
E01016948,E05015410,531751,104449,DS_Varndean,DS_Varndean,E01016948|DS_Varndean|DS_Varndean
E01016949,E05015410,531590,104299,DS_Varndean,DS_Varndean,E01016949|DS_Varndean|DS_Varndean
E01016949,E05015410,531635,104255,DS_Varndean,DS_Varndean,E01016949|DS_Varndean|DS_Varndean
E01016949,E05015410,531587,104224,DS_Varndean,DS_Varndean,E01016949|DS_Varndean|DS_Varndean
E01016949,E05015410,531885,104160,DS_Varndean,DS_Varndean,E01016949|DS_Varndean|DS_Varndean
E01016949,E05015410,531885,104160,DS_Varndean,DS_Varndean,E01016949|DS_Varndean|DS_Varndean
E01016949,E05015405,531875,104126,DS_Varndean,DS_Varndean,E01016949|DS_Varndean|DS_Varndean
E01016949,E05015410,531973,104234,DS_Varndean,DS_Varndean,E01016949|DS_Varndean|DS_Varndean
E01016949,E05015410,531586,104225,DS_Varndean,DS_Varndean,E01016949|DS_Varndean|DS_Varndean
E01016942,E05015405,532290,104003,DS_Varndean,DS_Varndean,E01016942|DS_Varndean|DS_Varndean
E01016949,E05015410,531478,104273,DS_Varndean,DS_Varndean,E01016949|DS_Varndean|DS_Varndean
E01016949,E05015410,531615,104218,DS_Varndean,DS_Varndean,E01016949|DS_Varndean|DS_Varndean
E01016949,E05015410,532202,104263,DS_Varndean,DS_Varndean,E01016949|DS_Varndean|DS_Varndean
E01016943,E05015410,532273,104391,DS_Varndean,DS_Varndean,E01016943|DS_Varndean|DS_Varndean
E01016949,E05015410,532117,104282,DS_Varndean,DS_Varndean,E01016949|DS_Varndean|DS_Varndean
E01016949,E05015410,532146,104308,DS_Varndean,DS_Varndean,E01016949|DS_Varndean|DS_Varndean
E01016943,E05015410,532275,104463,DS_Varndean,DS_Varndean,E01016943|DS_Varndean|DS_Varndean
E01016943,E05015410,532385,104484,DS_Varndean,DS_Varndean,E01016943|DS_Varndean|DS_Varndean
E01016949,E05015410,531986,104223,DS_Varndean,DS_Varndean,E01016949|DS_Varndean|DS_Varndean
E01016949,E05015410,531990,104326,DS_Varndean,DS_Varndean,E01016949|DS_Varndean|DS_Varndean
E01016946,E05015410,532315,104621,DS_Varndean,DS_Varndean,E01016946|DS_Varndean|DS_Varndean
E01016949,E05015410,532069,104225,DS_Varndean,DS_Varndean,E01016949|DS_Varndean|DS_Varndean
E01016949,E05015410,531814,104316,DS_Varndean,DS_Varndean,E01016949|DS_Varndean|DS_Varndean
E01016942,E05015410,532068,104136,DS_Varndean,DS_Varndean,E01016942|DS_Varndean|DS_Varndean
E01016943,E05015410,532296,104244,DS_Varndean,DS_Varndean,E01016943|DS_Varndean|DS_Varndean
E01016949,E05015410,532017,104202,DS_Varndean,DS_Varndean,E01016949|DS_Varndean|DS_Varndean
E01016942,E05015410,532068,104136,DS_Varndean,DS_Varndean,E01016942|DS_Varndean|DS_Varndean
E01016943,E05015410,532378,104334,DS_Varndean,DS_Varndean,E01016943|DS_Varndean|DS_Varndean
E01016862,E05015410,532507,104073,DS_Varndean,DS_Varndean,E01016862|DS_Varndean|DS_Varndean
E01016943,E05015410,532557,104162,DS_Varndean,DS_Varndean,E01016943|DS_Varndean|DS_Varndean
E01016943,E05015410,532593,104237,DS_Varndean,DS_Varndean,E01016943|DS_Varndean|DS_Varndean
E01016943,E05015410,532534,104284,DS_Varndean,DS_Varndean,E01016943|DS_Varndean|DS_Varndean
E01016943,E05015410,532547,104326,DS_Varndean,DS_Varndean,E01016943|DS_Varndean|DS_Varndean
E01016943,E05015410,532560,104337,DS_Varndean,DS_Varndean,E01016943|DS_Varndean|DS_Varndean
E01016943,E05015410,532588,104363,DS_Varndean,DS_Varndean,E01016943|DS_Varndean|DS_Varndean
E01016943,E05015410,532599,104393,DS_Varndean,DS_Varndean,E01016943|DS_Varndean|DS_Varndean
E01016946,E05015410,532499,104520,DS_Varndean,DS_Varndean,E01016946|DS_Varndean|DS_Varndean
E01016943,E05015410,532440,104450,DS_Varndean,DS_Varndean,E01016943|DS_Varndean|DS_Varndean
E01016943,E05015410,532401,104429,DS_Varndean,DS_Varndean,E01016943|DS_Varndean|DS_Varndean
E01016943,E05015410,532467,104389,DS_Varndean,DS_Varndean,E01016943|DS_Varndean|DS_Varndean
E01016946,E05015410,532436,104530,DS_Varndean,DS_Varndean,E01016946|DS_Varndean|DS_Varndean
E01016862,E05015410,532454,103990,DS_Varndean,DS_Varndean,E01016862|DS_Varndean|DS_Varndean
E01016943,E05015410,532476,104310,DS_Varndean,DS_Varndean,E01016943|DS_Varndean|DS_Varndean
E01016867,E05015410,532584,104645,DS_Varndean,DS_Varndean,E01016867|DS_Varndean|DS_Varndean
E01016867,E05015410,532792,104767,DS_Varndean,DS_Varndean,E01016867|DS_Varndean|DS_Varndean
E01016867,E05015410,532649,104440,DS_Varndean,DS_Varndean,E01016867|DS_Varndean|DS_Varndean
E01016867,E05015410,532636,104508,DS_Varndean,DS_Varndean,E01016867|DS_Varndean|DS_Varndean
E01016867,E05015410,532684,104603,DS_Varndean,DS_Varndean,E01016867|DS_Varndean|DS_Varndean
E01016867,E05015410,532754,104596,DS_Varndean,DS_Varndean,E01016867|DS_Varndean|DS_Varndean
E01016867,E05015410,532636,104556,DS_Varndean,DS_Varndean,E01016867|DS_Varndean|DS_Varndean
E01016867,E05015410,532547,104595,DS_Varndean,DS_Varndean,E01016867|DS_Varndean|DS_Varndean
E01016867,E05015410,532780,104716,DS_Varndean,DS_Varndean,E01016867|DS_Varndean|DS_Varndean
E01016867,E05015410,532566,104480,DS_Varndean,DS_Varndean,E01016867|DS_Varndean|DS_Varndean
E01016867,E05015410,532873,104684,DS_Varndean,DS_Varndean,E01016867|DS_Varndean|DS_Varndean
E01016867,E05015410,532889,104626,DS_Varndean,DS_Varndean,E01016867|DS_Varndean|DS_Varndean
E01016897,E05015403,532132,104804,DS_Varndean,DS_Varndean,E01016897|DS_Varndean|DS_Varndean
E01016946,E05015410,532189,104744,DS_Varndean,DS_Varndean,E01016946|DS_Varndean|DS_Varndean
E01016949,E05015410,531872,104246,DS_Varndean,DS_Varndean,E01016949|DS_Varndean|DS_Varndean
E01016949,E05015410,531898,104237,DS_Varndean,DS_Varndean,E01016949|DS_Varndean|DS_Varndean
E01016948,E05015410,531978,104471,DS_Varndean,DS_Varndean,E01016948|DS_Varndean|DS_Varndean
E01016948,E05015410,532099,104666,DS_Varndean,DS_Varndean,E01016948|DS_Varndean|DS_Varndean
E01016948,E05015410,532148,104696,DS_Varndean,DS_Varndean,E01016948|DS_Varndean|DS_Varndean
E01016948,E05015410,532068,104684,DS_Varndean,DS_Varndean,E01016948|DS_Varndean|DS_Varndean
E01016897,E05015403,532047,104706,DS_Varndean,DS_Varndean,E01016897|DS_Varndean|DS_Varndean
E01016948,E05015410,531911,104484,DS_Varndean,DS_Varndean,E01016948|DS_Varndean|DS_Varndean
E01016948,E05015410,531943,104477,DS_Varndean,DS_Varndean,E01016948|DS_Varndean|DS_Varndean
E01016948,E05015410,531866,104512,DS_Varndean,DS_Varndean,E01016948|DS_Varndean|DS_Varndean
E01016948,E05015410,531885,104514,DS_Varndean,DS_Varndean,E01016948|DS_Varndean|DS_Varndean
E01016948,E05015410,531853,104446,DS_Varndean,DS_Varndean,E01016948|DS_Varndean|DS_Varndean
E01016948,E05015410,531769,104396,DS_Varndean,DS_Varndean,E01016948|DS_Varndean|DS_Varndean
E01016948,E05015410,531782,104379,DS_Varndean,DS_Varndean,E01016948|DS_Varndean|DS_Varndean
E01016948,E05015410,531848,104370,DS_Varndean,DS_Varndean,E01016948|DS_Varndean|DS_Varndean
E01016949,E05015410,531858,104341,DS_Varndean,DS_Varndean,E01016949|DS_Varndean|DS_Varndean
E01016949,E05015410,531713,104318,DS_Varndean,DS_Varndean,E01016949|DS_Varndean|DS_Varndean
E01016948,E05015410,531603,104417,DS_Varndean,DS_Varndean,E01016948|DS_Varndean|DS_Varndean
E01016948,E05015410,531680,104408,DS_Varndean,DS_Varndean,E01016948|DS_Varndean|DS_Varndean
E01016949,E05015410,531830,104304,DS_Varndean,DS_Varndean,E01016949|DS_Varndean|DS_Varndean
E01016949,E05015410,531787,104289,DS_Varndean,DS_Varndean,E01016949|DS_Varndean|DS_Varndean
E01016949,E05015410,531840,104311,DS_Varndean,DS_Varndean,E01016949|DS_Varndean|DS_Varndean
E01016949,E05015410,531796,104330,DS_Varndean,DS_Varndean,E01016949|DS_Varndean|DS_Varndean
E01016949,E05015410,531862,104312,DS_Varndean,DS_Varndean,E01016949|DS_Varndean|DS_Varndean
E01016949,E05015410,531847,104298,DS_Varndean,DS_Varndean,E01016949|DS_Varndean|DS_Varndean
E01016949,E05015410,531840,104326,DS_Varndean,DS_Varndean,E01016949|DS_Varndean|DS_Varndean
E01016948,E05015410,531835,104402,DS_Varndean,DS_Varndean,E01016948|DS_Varndean|DS_Varndean
E01016948,E05015410,531828,104425,DS_Varndean,DS_Varndean,E01016948|DS_Varndean|DS_Varndean
E01016946,E05015410,532243,104715,DS_Varndean,DS_Varndean,E01016946|DS_Varndean|DS_Varndean
E01016946,E05015410,532264,104678,DS_Varndean,DS_Varndean,E01016946|DS_Varndean|DS_Varndean
E01016946,E05015410,532301,104700,DS_Varndean,DS_Varndean,E01016946|DS_Varndean|DS_Varndean
E01016946,E05015410,532201,104686,DS_Varndean,DS_Varndean,E01016946|DS_Varndean|DS_Varndean
E01016941,E05015405,531461,104214,DS_Varndean,Longhill,E01016941|DS_Varndean|Longhill
E01016941,E05015410,531428,104261,DS_Varndean,DS_Varndean,E01016941|DS_Varndean|DS_Varndean
E01016949,E05015410,531668,104318,DS_Varndean,DS_Varndean,E01016949|DS_Varndean|DS_Varndean
E01016941,E05015405,531661,104177,DS_Varndean,DS_Varndean,E01016941|DS_Varndean|DS_Varndean
E01016949,E05015410,531688,104250,DS_Varndean,DS_Varndean,E01016949|DS_Varndean|DS_Varndean
E01016949,E05015410,531712,104256,DS_Varndean,DS_Varndean,E01016949|DS_Varndean|DS_Varndean
E01016945,E05015405,531778,104147,DS_Varndean,DS_Varndean,E01016945|DS_Varndean|DS_Varndean
E01016949,E05015410,531842,104225,DS_Varndean,DS_Varndean,E01016949|DS_Varndean|DS_Varndean
E01016949,E05015410,531822,104276,DS_Varndean,DS_Varndean,E01016949|DS_Varndean|DS_Varndean
E01016949,E05015410,531770,104243,DS_Varndean,DS_Varndean,E01016949|DS_Varndean|DS_Varndean
E01016949,E05015410,531780,104185,DS_Varndean,DS_Varndean,E01016949|DS_Varndean|DS_Varndean
E01016949,E05015410,531792,104249,DS_Varndean,DS_Varndean,E01016949|DS_Varndean|DS_Varndean
E01016949,E05015410,531806,104224,DS_Varndean,DS_Varndean,E01016949|DS_Varndean|DS_Varndean
E01016949,E05015410,531802,104198,DS_Varndean,DS_Varndean,E01016949|DS_Varndean|DS_Varndean
E01016949,E05015410,531780,104185,DS_Varndean,DS_Varndean,E01016949|DS_Varndean|DS_Varndean
E01016941,E05015410,531422,104397,DS_Varndean,DS_Varndean,E01016941|DS_Varndean|DS_Varndean
E01016949,E05015410,531540,104342,DS_Varndean,DS_Varndean,E01016949|DS_Varndean|DS_Varndean
E01016942,E05015410,532193,104095,DS_Varndean,DS_Varndean,E01016942|DS_Varndean|DS_Varndean
E01016941,E05015410,531508,104290,DS_Varndean,DS_Varndean,E01016941|DS_Varndean|DS_Varndean
E01016862,E05015410,532564,104089,DS_Varndean,DS_Varndean,E01016862|DS_Varndean|DS_Varndean
E01016948,E05015410,532098,104627,DS_Varndean,DS_Varndean,E01016948|DS_Varndean|DS_Varndean
E01016941,E05015410,531443,104265,DS_Varndean,DS_Varndean,E01016941|DS_Varndean|DS_Varndean
E01016948,E05015410,531677,104383,DS_Varndean,DS_Varndean,E01016948|DS_Varndean|DS_Varndean
E01016949,E05015410,532152,104220,DS_Varndean,DS_Varndean,E01016949|DS_Varndean|DS_Varndean
E01016867,E05015418,532856,104248,DS_Varndean,Longhill,E01016867|DS_Varndean|Longhill
E01016867,E05015418,532867,104190,DS_Varndean,Longhill,E01016867|DS_Varndean|Longhill
E01016867,E05015418,532888,104179,DS_Varndean,Longhill,E01016867|DS_Varndean|Longhill
E01016863,E05015418,532847,104115,DS_Varndean,Longhill,E01016863|DS_Varndean|Longhill
E01016944,E05015405,532231,103855,DS_Varndean,Longhill,E01016944|DS_Varndean|Longhill
E01016945,E05015405,531869,103843,DS_Varndean,Longhill,E01016945|DS_Varndean|Longhill
E01016945,E05015405,531905,103835,DS_Varndean,Longhill,E01016945|DS_Varndean|Longhill
E01016944,E05015405,531998,103804,DS_Varndean,Longhill,E01016944|DS_Varndean|Longhill
E01016944,E05015405,531938,103866,DS_Varndean,Longhill,E01016944|DS_Varndean|Longhill
E01016944,E05015405,531975,103850,DS_Varndean,Longhill,E01016944|DS_Varndean|Longhill
E01016944,E05015405,532001,103837,DS_Varndean,Longhill,E01016944|DS_Varndean|Longhill
E01016944,E05015405,532076,103787,DS_Varndean,Longhill,E01016944|DS_Varndean|Longhill
E01016944,E05015405,532153,103778,DS_Varndean,Longhill,E01016944|DS_Varndean|Longhill
E01016944,E05015405,532049,103828,DS_Varndean,Longhill,E01016944|DS_Varndean|Longhill
E01016944,E05015405,532133,103844,DS_Varndean,Longhill,E01016944|DS_Varndean|Longhill
E01016945,E05015405,531892,103886,DS_Varndean,Longhill,E01016945|DS_Varndean|Longhill
E01016944,E05015405,532104,103822,DS_Varndean,Longhill,E01016944|DS_Varndean|Longhill
E01016944,E05015405,532283,103813,DS_Varndean,Longhill,E01016944|DS_Varndean|Longhill
E01016944,E05015405,532257,103765,DS_Varndean,Longhill,E01016944|DS_Varndean|Longhill
E01016944,E05015405,532246,103808,DS_Varndean,Longhill,E01016944|DS_Varndean|Longhill
E01016944,E05015405,532164,103809,DS_Varndean,Longhill,E01016944|DS_Varndean|Longhill
E01016944,E05015405,532214,103752,DS_Varndean,Longhill,E01016944|DS_Varndean|Longhill
E01016944,E05015405,531583,103869,DS_Varndean,Longhill,E01016944|DS_Varndean|Longhill
E01016945,E05015405,531881,103839,DS_Varndean,Longhill,E01016945|DS_Varndean|Longhill
E01016944,E05015405,532073,103862,DS_Varndean,Longhill,E01016944|DS_Varndean|Longhill
E01016944,E05015405,532073,103862,DS_Varndean,Longhill,E01016944|DS_Varndean|Longhill
E01016944,E05015405,532308,103799,DS_Varndean,Longhill,E01016944|DS_Varndean|Longhill
E01016862,E05015405,532326,103781,DS_Varndean,Longhill,E01016862|DS_Varndean|Longhill
E01016862,E05015405,532334,103740,DS_Varndean,Longhill,E01016862|DS_Varndean|Longhill
E01016862,E05015405,532437,103697,DS_Varndean,Longhill,E01016862|DS_Varndean|Longhill
E01016861,E05015405,532523,103679,DS_Varndean,Longhill,E01016861|DS_Varndean|Longhill
E01016862,E05015405,532467,103736,DS_Varndean,Longhill,E01016862|DS_Varndean|Longhill
E01016861,E05015405,532504,103724,DS_Varndean,Longhill,E01016861|DS_Varndean|Longhill
E01016861,E05015405,532614,103652,DS_Varndean,Longhill,E01016861|DS_Varndean|Longhill
E01016862,E05015405,532382,103766,DS_Varndean,Longhill,E01016862|DS_Varndean|Longhill
E01016862,E05015405,532433,103750,DS_Varndean,Longhill,E01016862|DS_Varndean|Longhill
E01016861,E05015405,532524,103709,DS_Varndean,Longhill,E01016861|DS_Varndean|Longhill
E01016861,E05015405,532575,103696,DS_Varndean,Longhill,E01016861|DS_Varndean|Longhill
E01016861,E05015405,532556,103732,DS_Varndean,Longhill,E01016861|DS_Varndean|Longhill
E01016861,E05015405,532545,103685,DS_Varndean,Longhill,E01016861|DS_Varndean|Longhill
E01016944,E05015405,532280,103855,DS_Varndean,Longhill,E01016944|DS_Varndean|Longhill
E01016944,E05015405,532298,103869,DS_Varndean,Longhill,E01016944|DS_Varndean|Longhill
E01016862,E05015405,532416,103812,DS_Varndean,Longhill,E01016862|DS_Varndean|Longhill
E01016862,E05015405,532389,103795,DS_Varndean,Longhill,E01016862|DS_Varndean|Longhill
E01016861,E05015405,532668,103694,DS_Varndean,Longhill,E01016861|DS_Varndean|Longhill
E01016861,E05015405,532784,103734,DS_Varndean,Longhill,E01016861|DS_Varndean|Longhill
E01016861,E05015405,532789,103638,DS_Varndean,Longhill,E01016861|DS_Varndean|Longhill
E01016861,E05015405,532686,103612,DS_Varndean,Longhill,E01016861|DS_Varndean|Longhill
E01016861,E05015405,532719,103637,DS_Varndean,Longhill,E01016861|DS_Varndean|Longhill
E01016944,E05015405,531772,103815,DS_Varndean,Longhill,E01016944|DS_Varndean|Longhill
E01016861,E05015405,532637,103675,DS_Varndean,Longhill,E01016861|DS_Varndean|Longhill
E01016862,E05015405,532453,103736,DS_Varndean,Longhill,E01016862|DS_Varndean|Longhill
E01016861,E05015405,532687,103665,DS_Varndean,Longhill,E01016861|DS_Varndean|Longhill
E01016862,E05015405,532531,103836,DS_Varndean,Longhill,E01016862|DS_Varndean|Longhill
E01016944,E05015405,531427,103841,DS_Varndean,Longhill,E01016944|DS_Varndean|Longhill
E01016944,E05015405,532275,103876,DS_Varndean,Longhill,E01016944|DS_Varndean|Longhill
E01016861,E05015405,532828,103772,DS_Varndean,Longhill,E01016861|DS_Varndean|Longhill
E01016861,E05015405,532790,103591,DS_Varndean,Longhill,E01016861|DS_Varndean|Longhill
E01016861,E05015405,532872,103622,DS_Varndean,Longhill,E01016861|DS_Varndean|Longhill
E01016861,E05015405,532869,103574,DS_Varndean,Longhill,E01016861|DS_Varndean|Longhill
E01016863,E05015405,532894,103626,DS_Varndean,Longhill,E01016863|DS_Varndean|Longhill
E01016863,E05015405,532902,103715,DS_Varndean,Longhill,E01016863|DS_Varndean|Longhill
E01016861,E05015405,532983,103553,DS_Varndean,Longhill,E01016861|DS_Varndean|Longhill
E01016963,E05015405,533072,103568,DS_Varndean,Longhill,E01016963|DS_Varndean|Longhill
E01016963,E05015405,533130,103630,DS_Varndean,Longhill,E01016963|DS_Varndean|Longhill
E01016863,E05015405,532898,103685,DS_Varndean,Longhill,E01016863|DS_Varndean|Longhill
E01016861,E05015405,532915,103560,DS_Varndean,Longhill,E01016861|DS_Varndean|Longhill
E01016861,E05015405,532828,103578,DS_Varndean,Longhill,E01016861|DS_Varndean|Longhill
E01016861,E05015405,532916,103595,DS_Varndean,Longhill,E01016861|DS_Varndean|Longhill
E01016862,E05015405,532618,103754,DS_Varndean,Longhill,E01016862|DS_Varndean|Longhill
E01016957,E05015405,533130,103436,DS_Varndean,Longhill,E01016957|DS_Varndean|Longhill
E01016863,E05015405,532992,103702,DS_Varndean,Longhill,E01016863|DS_Varndean|Longhill
E01016963,E05015405,533319,103426,DS_Varndean,Longhill,E01016963|DS_Varndean|Longhill
E01016963,E05015405,533254,103504,DS_Varndean,Longhill,E01016963|DS_Varndean|Longhill
E01016963,E05015405,533310,103489,DS_Varndean,Longhill,E01016963|DS_Varndean|Longhill
E01016963,E05015405,533244,103590,DS_Varndean,Longhill,E01016963|DS_Varndean|Longhill
E01016963,E05015405,533349,103466,DS_Varndean,Longhill,E01016963|DS_Varndean|Longhill
E01016963,E05015405,533304,103552,DS_Varndean,Longhill,E01016963|DS_Varndean|Longhill
E01016963,E05015405,533341,103550,DS_Varndean,Longhill,E01016963|DS_Varndean|Longhill
E01016963,E05015405,533367,103412,DS_Varndean,Longhill,E01016963|DS_Varndean|Longhill
E01016963,E05015405,533346,103517,DS_Varndean,Longhill,E01016963|DS_Varndean|Longhill
E01016941,E05015405,531552,104065,DS_Varndean,Longhill,E01016941|DS_Varndean|Longhill
E01016942,E05015405,532133,104009,DS_Varndean,Longhill,E01016942|DS_Varndean|Longhill
E01016942,E05015405,532244,104004,DS_Varndean,Longhill,E01016942|DS_Varndean|Longhill
E01016863,E05015405,533097,103645,DS_Varndean,Longhill,E01016863|DS_Varndean|Longhill
E01016861,E05015405,532602,103792,DS_Varndean,Longhill,E01016861|DS_Varndean|Longhill
E01016862,E05015405,532571,103797,DS_Varndean,Longhill,E01016862|DS_Varndean|Longhill
E01016862,E05015405,532679,103791,DS_Varndean,Longhill,E01016862|DS_Varndean|Longhill
E01016862,E05015405,532672,103749,DS_Varndean,Longhill,E01016862|DS_Varndean|Longhill
E01016861,E05015405,532769,103753,DS_Varndean,Longhill,E01016861|DS_Varndean|Longhill
E01016862,E05015405,532699,103723,DS_Varndean,Longhill,E01016862|DS_Varndean|Longhill
E01016862,E05015405,532728,103781,DS_Varndean,Longhill,E01016862|DS_Varndean|Longhill
E01016862,E05015405,532484,103900,DS_Varndean,Longhill,E01016862|DS_Varndean|Longhill
E01016862,E05015405,532471,103884,DS_Varndean,Longhill,E01016862|DS_Varndean|Longhill
E01016944,E05015405,532366,103891,DS_Varndean,Longhill,E01016944|DS_Varndean|Longhill
E01016862,E05015405,532432,103860,DS_Varndean,Longhill,E01016862|DS_Varndean|Longhill
E01016862,E05015405,532409,103834,DS_Varndean,Longhill,E01016862|DS_Varndean|Longhill
E01016861,E05015405,532606,103695,DS_Varndean,Longhill,E01016861|DS_Varndean|Longhill
E01016862,E05015405,532570,103838,DS_Varndean,Longhill,E01016862|DS_Varndean|Longhill
E01016862,E05015405,532554,103885,DS_Varndean,Longhill,E01016862|DS_Varndean|Longhill
E01016862,E05015405,532580,103827,DS_Varndean,Longhill,E01016862|DS_Varndean|Longhill
E01016942,E05015405,532142,104047,DS_Varndean,Longhill,E01016942|DS_Varndean|Longhill
E01016944,E05015405,532322,103912,DS_Varndean,Longhill,E01016944|DS_Varndean|Longhill
E01016944,E05015405,532340,103956,DS_Varndean,Longhill,E01016944|DS_Varndean|Longhill
E01016944,E05015405,532352,103917,DS_Varndean,Longhill,E01016944|DS_Varndean|Longhill
E01016944,E05015405,532247,103950,DS_Varndean,Longhill,E01016944|DS_Varndean|Longhill
E01016942,E05015405,531970,103951,DS_Varndean,Longhill,E01016942|DS_Varndean|Longhill
E01016942,E05015405,532278,103946,DS_Varndean,Longhill,E01016942|DS_Varndean|Longhill
E01016944,E05015405,532143,103922,DS_Varndean,Longhill,E01016944|DS_Varndean|Longhill
E01016944,E05015405,532141,103894,DS_Varndean,Longhill,E01016944|DS_Varndean|Longhill
E01016944,E05015405,531983,103883,DS_Varndean,Longhill,E01016944|DS_Varndean|Longhill
E01016942,E05015405,532087,104008,DS_Varndean,Longhill,E01016942|DS_Varndean|Longhill
E01016942,E05015405,532390,103950,DS_Varndean,Longhill,E01016942|DS_Varndean|Longhill
E01016942,E05015405,532155,103988,DS_Varndean,Longhill,E01016942|DS_Varndean|Longhill
E01016942,E05015405,532016,104037,DS_Varndean,Longhill,E01016942|DS_Varndean|Longhill
E01016942,E05015405,531948,104046,DS_Varndean,Longhill,E01016942|DS_Varndean|Longhill
E01016942,E05015405,532038,104009,DS_Varndean,Longhill,E01016942|DS_Varndean|Longhill
E01016944,E05015405,532170,103914,DS_Varndean,Longhill,E01016944|DS_Varndean|Longhill
E01016942,E05015405,532118,103970,DS_Varndean,Longhill,E01016942|DS_Varndean|Longhill
E01016942,E05015405,532010,103908,DS_Varndean,Longhill,E01016942|DS_Varndean|Longhill
E01016944,E05015405,532248,103935,DS_Varndean,Longhill,E01016944|DS_Varndean|Longhill
E01016942,E05015405,532206,103954,DS_Varndean,Longhill,E01016942|DS_Varndean|Longhill
E01016942,E05015405,531943,104031,DS_Varndean,Longhill,E01016942|DS_Varndean|Longhill
E01016942,E05015405,531958,104081,DS_Varndean,Longhill,E01016942|DS_Varndean|Longhill
E01016949,E05015405,531886,103962,DS_Varndean,Longhill,E01016949|DS_Varndean|Longhill
E01016949,E05015405,531900,104049,DS_Varndean,Longhill,E01016949|DS_Varndean|Longhill
E01016942,E05015405,532206,103954,DS_Varndean,Longhill,E01016942|DS_Varndean|Longhill
E01016942,E05015405,531947,103975,DS_Varndean,Longhill,E01016942|DS_Varndean|Longhill
E01016942,E05015405,532102,104051,DS_Varndean,Longhill,E01016942|DS_Varndean|Longhill
E01016942,E05015405,532218,104024,DS_Varndean,Longhill,E01016942|DS_Varndean|Longhill
E01016863,E05015405,532848,103739,DS_Varndean,Longhill,E01016863|DS_Varndean|Longhill
E01016863,E05015405,532945,103659,DS_Varndean,Longhill,E01016863|DS_Varndean|Longhill
E01016861,E05015405,533011,103551,DS_Varndean,Longhill,E01016861|DS_Varndean|Longhill
E01016861,E05015405,532981,103584,DS_Varndean,Longhill,E01016861|DS_Varndean|Longhill
E01016863,E05015405,533055,103622,DS_Varndean,Longhill,E01016863|DS_Varndean|Longhill
E01016863,E05015405,532833,103692,DS_Varndean,Longhill,E01016863|DS_Varndean|Longhill
E01016969,E05015415,531040,104624,DS_Varndean,DS_Varndean,E01016969|DS_Varndean|DS_Varndean
E01016942,E05015405,532091,103947,DS_Varndean,Longhill,E01016942|DS_Varndean|Longhill
E01016969,E05015415,531040,104624,DS_Varndean,DS_Varndean,E01016969|DS_Varndean|DS_Varndean
E01016945,E05015405,531744,103966,DS_Varndean,Longhill,E01016945|DS_Varndean|Longhill
E01016945,E05015405,531671,103937,DS_Varndean,Longhill,E01016945|DS_Varndean|Longhill
E01016945,E05015405,531724,103941,DS_Varndean,Longhill,E01016945|DS_Varndean|Longhill
E01016945,E05015405,531772,103874,DS_Varndean,Longhill,E01016945|DS_Varndean|Longhill
E01016945,E05015405,531745,103919,DS_Varndean,Longhill,E01016945|DS_Varndean|Longhill
E01016945,E05015405,531819,103912,DS_Varndean,Longhill,E01016945|DS_Varndean|Longhill
E01016945,E05015405,531824,103852,DS_Varndean,Longhill,E01016945|DS_Varndean|Longhill
E01016945,E05015405,531841,103943,DS_Varndean,Longhill,E01016945|DS_Varndean|Longhill
E01016945,E05015405,531844,103892,DS_Varndean,Longhill,E01016945|DS_Varndean|Longhill
E01016945,E05015405,531856,103846,DS_Varndean,Longhill,E01016945|DS_Varndean|Longhill
E01016949,E05015405,531868,103981,DS_Varndean,Longhill,E01016949|DS_Varndean|Longhill
E01016944,E05015405,531648,103856,DS_Varndean,Longhill,E01016944|DS_Varndean|Longhill
E01016945,E05015405,531720,104084,DS_Varndean,Longhill,E01016945|DS_Varndean|Longhill
E01016945,E05015405,531751,104093,DS_Varndean,Longhill,E01016945|DS_Varndean|Longhill
E01016945,E05015405,531772,104062,DS_Varndean,Longhill,E01016945|DS_Varndean|Longhill
E01016945,E05015405,531809,104048,DS_Varndean,Longhill,E01016945|DS_Varndean|Longhill
E01016949,E05015405,531852,104056,DS_Varndean,Longhill,E01016949|DS_Varndean|Longhill
E01016945,E05015405,531758,103990,DS_Varndean,Longhill,E01016945|DS_Varndean|Longhill
E01016945,E05015405,531699,104006,DS_Varndean,Longhill,E01016945|DS_Varndean|Longhill
E01016945,E05015405,531727,104009,DS_Varndean,Longhill,E01016945|DS_Varndean|Longhill
E01016945,E05015405,531751,104039,DS_Varndean,Longhill,E01016945|DS_Varndean|Longhill
E01016941,E05015405,531668,104096,DS_Varndean,Longhill,E01016941|DS_Varndean|Longhill
E01016941,E05015405,531377,104210,DS_Varndean,Longhill,E01016941|DS_Varndean|Longhill
E01016945,E05015405,531666,104014,DS_Varndean,Longhill,E01016945|DS_Varndean|Longhill
E01016941,E05015405,531391,104185,DS_Varndean,Longhill,E01016941|DS_Varndean|Longhill
E01016941,E05015405,531452,104049,DS_Varndean,Longhill,E01016941|DS_Varndean|Longhill
E01016941,E05015405,531523,104042,DS_Varndean,Longhill,E01016941|DS_Varndean|Longhill
E01016945,E05015405,531647,104018,DS_Varndean,Longhill,E01016945|DS_Varndean|Longhill
E01016941,E05015405,531488,104126,DS_Varndean,Longhill,E01016941|DS_Varndean|Longhill
E01016941,E05015405,531511,104128,DS_Varndean,Longhill,E01016941|DS_Varndean|Longhill
E01016941,E05015405,531570,104117,DS_Varndean,Longhill,E01016941|DS_Varndean|Longhill
E01016941,E05015405,531594,104042,DS_Varndean,Longhill,E01016941|DS_Varndean|Longhill
E01016941,E05015405,531641,104122,DS_Varndean,Longhill,E01016941|DS_Varndean|Longhill
E01016945,E05015405,531701,104078,DS_Varndean,Longhill,E01016945|DS_Varndean|Longhill
E01016941,E05015405,531485,104117,DS_Varndean,Longhill,E01016941|DS_Varndean|Longhill
E01016941,E05015405,531439,104106,DS_Varndean,Longhill,E01016941|DS_Varndean|Longhill
E01016941,E05015405,531570,104045,DS_Varndean,Longhill,E01016941|DS_Varndean|Longhill
E01016941,E05015405,531516,104043,DS_Varndean,Longhill,E01016941|DS_Varndean|Longhill
E01016941,E05015405,531668,104096,DS_Varndean,Longhill,E01016941|DS_Varndean|Longhill
E01016941,E05015405,531454,104063,DS_Varndean,Longhill,E01016941|DS_Varndean|Longhill
E01016941,E05015405,531389,104231,DS_Varndean,Longhill,E01016941|DS_Varndean|Longhill
E01016941,E05015405,531523,104060,DS_Varndean,Longhill,E01016941|DS_Varndean|Longhill
E01016941,E05015405,531531,104080,DS_Varndean,Longhill,E01016941|DS_Varndean|Longhill
E01016941,E05015405,531496,104003,DS_Varndean,Longhill,E01016941|DS_Varndean|Longhill
E01016945,E05015405,531711,104115,DS_Varndean,Longhill,E01016945|DS_Varndean|Longhill
E01016963,E05015405,533311,103526,DS_Varndean,Longhill,E01016963|DS_Varndean|Longhill
E01016941,E05015405,531506,104047,DS_Varndean,Longhill,E01016941|DS_Varndean|Longhill
E01016941,E05015405,531598,104096,DS_Varndean,Longhill,E01016941|DS_Varndean|Longhill
E01016941,E05015405,531610,104073,DS_Varndean,Longhill,E01016941|DS_Varndean|Longhill
E01016941,E05015405,531640,104144,DS_Varndean,Longhill,E01016941|DS_Varndean|Longhill
E01016949,E05015405,531701,104136,DS_Varndean,Longhill,E01016949|DS_Varndean|Longhill
E01016941,E05015405,531393,103930,DS_Varndean,Longhill,E01016941|DS_Varndean|Longhill
E01016944,E05015405,531444,103882,DS_Varndean,Longhill,E01016944|DS_Varndean|Longhill
E01016941,E05015405,531393,103930,DS_Varndean,Longhill,E01016941|DS_Varndean|Longhill
E01016941,E05015405,531387,103977,DS_Varndean,Longhill,E01016941|DS_Varndean|Longhill
E01016941,E05015405,531433,104003,DS_Varndean,Longhill,E01016941|DS_Varndean|Longhill
E01016941,E05015405,531463,103995,DS_Varndean,Longhill,E01016941|DS_Varndean|Longhill
E01016941,E05015405,531444,104022,DS_Varndean,Longhill,E01016941|DS_Varndean|Longhill
E01016941,E05015405,531475,103988,DS_Varndean,Longhill,E01016941|DS_Varndean|Longhill
E01016941,E05015405,531502,103934,DS_Varndean,Longhill,E01016941|DS_Varndean|Longhill
E01016941,E05015405,531513,103975,DS_Varndean,Longhill,E01016941|DS_Varndean|Longhill
E01016941,E05015405,531597,104001,DS_Varndean,Longhill,E01016941|DS_Varndean|Longhill
E01016941,E05015405,531605,103967,DS_Varndean,Longhill,E01016941|DS_Varndean|Longhill
E01016941,E05015405,531646,103896,DS_Varndean,Longhill,E01016941|DS_Varndean|Longhill
E01016941,E05015405,531645,103948,DS_Varndean,Longhill,E01016941|DS_Varndean|Longhill
E01016945,E05015405,531653,103948,DS_Varndean,Longhill,E01016945|DS_Varndean|Longhill
E01016944,E05015405,531366,103828,DS_Varndean,Longhill,E01016944|DS_Varndean|Longhill
E01016941,E05015405,531410,103942,DS_Varndean,Longhill,E01016941|DS_Varndean|Longhill
E01016941,E05015405,531398,103979,DS_Varndean,Longhill,E01016941|DS_Varndean|Longhill
E01016969,E05015415,531040,104624,DS_Varndean,DS_Varndean,E01016969|DS_Varndean|DS_Varndean
E01016941,E05015405,531495,104183,DS_Varndean,Longhill,E01016941|DS_Varndean|Longhill
E01016941,E05015405,531446,104186,DS_Varndean,Longhill,E01016941|DS_Varndean|Longhill
E01016941,E05015405,531470,104177,DS_Varndean,Longhill,E01016941|DS_Varndean|Longhill
E01016941,E05015405,531401,104169,DS_Varndean,Longhill,E01016941|DS_Varndean|Longhill
E01016941,E05015405,531421,104127,DS_Varndean,Longhill,E01016941|DS_Varndean|Longhill
E01016941,E05015405,531424,104169,DS_Varndean,Longhill,E01016941|DS_Varndean|Longhill
E01016941,E05015405,531582,103911,DS_Varndean,Longhill,E01016941|DS_Varndean|Longhill
E01016941,E05015405,531577,103960,DS_Varndean,Longhill,E01016941|DS_Varndean|Longhill
E01016891,E05015403,532013,105330,DS_Varndean,DS_Varndean,E01016891|DS_Varndean|DS_Varndean
E01016891,E05015403,531896,105322,DS_Varndean,DS_Varndean,E01016891|DS_Varndean|DS_Varndean
E01016889,E05015403,532056,105510,DS_Varndean,DS_Varndean,E01016889|DS_Varndean|DS_Varndean
E01016889,E05015403,532205,105362,DS_Varndean,DS_Varndean,E01016889|DS_Varndean|DS_Varndean
E01016889,E05015403,532126,105562,DS_Varndean,DS_Varndean,E01016889|DS_Varndean|DS_Varndean
E01016889,E05015403,532125,105641,DS_Varndean,DS_Varndean,E01016889|DS_Varndean|DS_Varndean
E01016890,E05015403,532080,105611,DS_Varndean,DS_Varndean,E01016890|DS_Varndean|DS_Varndean
E01016890,E05015403,532075,105567,DS_Varndean,DS_Varndean,E01016890|DS_Varndean|DS_Varndean
E01016889,E05015403,532142,105550,DS_Varndean,DS_Varndean,E01016889|DS_Varndean|DS_Varndean
E01016889,E05015403,532170,105487,DS_Varndean,DS_Varndean,E01016889|DS_Varndean|DS_Varndean
E01016889,E05015403,532196,105461,DS_Varndean,DS_Varndean,E01016889|DS_Varndean|DS_Varndean
E01016889,E05015403,532182,105424,DS_Varndean,DS_Varndean,E01016889|DS_Varndean|DS_Varndean
E01016889,E05015403,532244,105402,DS_Varndean,DS_Varndean,E01016889|DS_Varndean|DS_Varndean
E01016891,E05015403,532179,105284,DS_Varndean,DS_Varndean,E01016891|DS_Varndean|DS_Varndean
E01016889,E05015403,532151,105339,DS_Varndean,DS_Varndean,E01016889|DS_Varndean|DS_Varndean
E01016889,E05015403,532130,105345,DS_Varndean,DS_Varndean,E01016889|DS_Varndean|DS_Varndean
E01016891,E05015403,532100,105345,DS_Varndean,DS_Varndean,E01016891|DS_Varndean|DS_Varndean
E01016889,E05015403,532244,105312,DS_Varndean,DS_Varndean,E01016889|DS_Varndean|DS_Varndean
E01016891,E05015403,532045,105455,DS_Varndean,DS_Varndean,E01016891|DS_Varndean|DS_Varndean
E01016891,E05015403,531928,105332,DS_Varndean,DS_Varndean,E01016891|DS_Varndean|DS_Varndean
E01016891,E05015403,532026,105423,DS_Varndean,DS_Varndean,E01016891|DS_Varndean|DS_Varndean
E01016891,E05015403,532008,105393,DS_Varndean,DS_Varndean,E01016891|DS_Varndean|DS_Varndean
E01016891,E05015403,531980,105389,DS_Varndean,DS_Varndean,E01016891|DS_Varndean|DS_Varndean
E01016890,E05015403,532155,105757,DS_Varndean,DS_Varndean,E01016890|DS_Varndean|DS_Varndean
E01016891,E05015403,532034,105346,DS_Varndean,DS_Varndean,E01016891|DS_Varndean|DS_Varndean
E01016970,E05015413,531712,105888,DS_Varndean,DS_Varndean,E01016970|DS_Varndean|DS_Varndean
E01016892,E05015403,532522,105206,DS_Varndean,DS_Varndean,E01016892|DS_Varndean|DS_Varndean
E01016891,E05015403,532274,105208,DS_Varndean,DS_Varndean,E01016891|DS_Varndean|DS_Varndean
E01016891,E05015403,532013,105239,DS_Varndean,DS_Varndean,E01016891|DS_Varndean|DS_Varndean
E01016890,E05015403,532128,105708,DS_Varndean,DS_Varndean,E01016890|DS_Varndean|DS_Varndean
E01016891,E05015403,532049,105362,DS_Varndean,DS_Varndean,E01016891|DS_Varndean|DS_Varndean
E01016890,E05015403,532173,105862,DS_Varndean,DS_Varndean,E01016890|DS_Varndean|DS_Varndean
E01016971,E05015413,531990,105589,DS_Varndean,DS_Varndean,E01016971|DS_Varndean|DS_Varndean
E01016895,E05015403,532894,105292,DS_Varndean,DS_Varndean,E01016895|DS_Varndean|DS_Varndean
E01016895,E05015403,532925,105316,DS_Varndean,DS_Varndean,E01016895|DS_Varndean|DS_Varndean
E01016895,E05015403,532957,105356,DS_Varndean,DS_Varndean,E01016895|DS_Varndean|DS_Varndean
E01016892,E05015403,532762,105304,DS_Varndean,DS_Varndean,E01016892|DS_Varndean|DS_Varndean
E01016892,E05015403,532747,105322,DS_Varndean,DS_Varndean,E01016892|DS_Varndean|DS_Varndean
E01016892,E05015403,532661,105340,DS_Varndean,DS_Varndean,E01016892|DS_Varndean|DS_Varndean
E01016892,E05015403,532595,105353,DS_Varndean,DS_Varndean,E01016892|DS_Varndean|DS_Varndean
E01016892,E05015403,532634,105338,DS_Varndean,DS_Varndean,E01016892|DS_Varndean|DS_Varndean
E01016892,E05015403,532604,105258,DS_Varndean,DS_Varndean,E01016892|DS_Varndean|DS_Varndean
E01016892,E05015403,532574,105347,DS_Varndean,DS_Varndean,E01016892|DS_Varndean|DS_Varndean
E01016892,E05015403,532533,105362,DS_Varndean,DS_Varndean,E01016892|DS_Varndean|DS_Varndean
E01016892,E05015403,532512,105368,DS_Varndean,DS_Varndean,E01016892|DS_Varndean|DS_Varndean
E01016892,E05015403,532474,105376,DS_Varndean,DS_Varndean,E01016892|DS_Varndean|DS_Varndean
E01016891,E05015403,532389,105242,DS_Varndean,DS_Varndean,E01016891|DS_Varndean|DS_Varndean
E01016891,E05015403,532055,105270,DS_Varndean,DS_Varndean,E01016891|DS_Varndean|DS_Varndean
E01016895,E05015403,532878,105210,DS_Varndean,DS_Varndean,E01016895|DS_Varndean|DS_Varndean
E01016895,E05015403,532717,105177,DS_Varndean,DS_Varndean,E01016895|DS_Varndean|DS_Varndean
E01016971,E05015413,531969,105625,DS_Varndean,DS_Varndean,E01016971|DS_Varndean|DS_Varndean
E01016964,E05015413,531556,105344,DS_Varndean,DS_Varndean,E01016964|DS_Varndean|DS_Varndean
E01016966,E05015413,531625,105409,DS_Varndean,DS_Varndean,E01016966|DS_Varndean|DS_Varndean
E01016966,E05015413,531761,105526,DS_Varndean,DS_Varndean,E01016966|DS_Varndean|DS_Varndean
E01016971,E05015413,531916,105650,DS_Varndean,DS_Varndean,E01016971|DS_Varndean|DS_Varndean
E01016971,E05015413,532033,105747,DS_Varndean,DS_Varndean,E01016971|DS_Varndean|DS_Varndean
E01016971,E05015413,531981,105736,DS_Varndean,DS_Varndean,E01016971|DS_Varndean|DS_Varndean
E01016971,E05015413,531867,105643,DS_Varndean,DS_Varndean,E01016971|DS_Varndean|DS_Varndean
E01016966,E05015413,531740,105540,DS_Varndean,DS_Varndean,E01016966|DS_Varndean|DS_Varndean
E01016966,E05015413,531522,105387,DS_Varndean,DS_Varndean,E01016966|DS_Varndean|DS_Varndean
E01016966,E05015413,531540,105504,DS_Varndean,DS_Varndean,E01016966|DS_Varndean|DS_Varndean
E01016966,E05015413,531710,105573,DS_Varndean,DS_Varndean,E01016966|DS_Varndean|DS_Varndean
E01016971,E05015413,531812,105672,DS_Varndean,DS_Varndean,E01016971|DS_Varndean|DS_Varndean
E01016971,E05015413,531905,105721,DS_Varndean,DS_Varndean,E01016971|DS_Varndean|DS_Varndean
E01016971,E05015413,531917,105815,DS_Varndean,DS_Varndean,E01016971|DS_Varndean|DS_Varndean
E01016971,E05015413,531994,105842,DS_Varndean,DS_Varndean,E01016971|DS_Varndean|DS_Varndean
E01016966,E05015413,531662,105507,DS_Varndean,DS_Varndean,E01016966|DS_Varndean|DS_Varndean
E01016964,E05015413,531536,105344,DS_Varndean,DS_Varndean,E01016964|DS_Varndean|DS_Varndean
E01016964,E05015413,531540,105271,DS_Varndean,DS_Varndean,E01016964|DS_Varndean|DS_Varndean
E01016966,E05015413,531547,105403,DS_Varndean,DS_Varndean,E01016966|DS_Varndean|DS_Varndean
E01016966,E05015413,531558,105432,DS_Varndean,DS_Varndean,E01016966|DS_Varndean|DS_Varndean
E01016966,E05015413,531533,105456,DS_Varndean,DS_Varndean,E01016966|DS_Varndean|DS_Varndean
E01016966,E05015413,531596,105519,DS_Varndean,DS_Varndean,E01016966|DS_Varndean|DS_Varndean
E01016966,E05015413,531638,105489,DS_Varndean,DS_Varndean,E01016966|DS_Varndean|DS_Varndean
E01016970,E05015413,531665,105537,DS_Varndean,DS_Varndean,E01016970|DS_Varndean|DS_Varndean
E01016966,E05015413,531600,105460,DS_Varndean,DS_Varndean,E01016966|DS_Varndean|DS_Varndean
E01016971,E05015413,531971,105794,DS_Varndean,DS_Varndean,E01016971|DS_Varndean|DS_Varndean
E01016890,E05015403,532014,105535,DS_Varndean,DS_Varndean,E01016890|DS_Varndean|DS_Varndean
E01016966,E05015413,531636,105342,DS_Varndean,DS_Varndean,E01016966|DS_Varndean|DS_Varndean
E01016966,E05015413,531765,105326,DS_Varndean,DS_Varndean,E01016966|DS_Varndean|DS_Varndean
E01016966,E05015413,531656,105400,DS_Varndean,DS_Varndean,E01016966|DS_Varndean|DS_Varndean
E01016966,E05015413,531762,105397,DS_Varndean,DS_Varndean,E01016966|DS_Varndean|DS_Varndean
E01016966,E05015413,531793,105350,DS_Varndean,DS_Varndean,E01016966|DS_Varndean|DS_Varndean
E01016966,E05015413,531768,105426,DS_Varndean,DS_Varndean,E01016966|DS_Varndean|DS_Varndean
E01016966,E05015413,531816,105487,DS_Varndean,DS_Varndean,E01016966|DS_Varndean|DS_Varndean
E01016971,E05015413,531889,105495,DS_Varndean,DS_Varndean,E01016971|DS_Varndean|DS_Varndean
E01016966,E05015413,531866,105448,DS_Varndean,DS_Varndean,E01016966|DS_Varndean|DS_Varndean
E01016966,E05015413,531811,105420,DS_Varndean,DS_Varndean,E01016966|DS_Varndean|DS_Varndean
E01016966,E05015413,531825,105339,DS_Varndean,DS_Varndean,E01016966|DS_Varndean|DS_Varndean
E01016971,E05015413,531925,105470,DS_Varndean,DS_Varndean,E01016971|DS_Varndean|DS_Varndean
E01016971,E05015413,531895,105552,DS_Varndean,DS_Varndean,E01016971|DS_Varndean|DS_Varndean
E01016966,E05015413,531783,105492,DS_Varndean,DS_Varndean,E01016966|DS_Varndean|DS_Varndean
E01016966,E05015413,531772,105505,DS_Varndean,DS_Varndean,E01016966|DS_Varndean|DS_Varndean
E01016971,E05015413,531906,105567,DS_Varndean,DS_Varndean,E01016971|DS_Varndean|DS_Varndean
E01016971,E05015413,531975,105538,DS_Varndean,DS_Varndean,E01016971|DS_Varndean|DS_Varndean
E01016971,E05015413,531942,105590,DS_Varndean,DS_Varndean,E01016971|DS_Varndean|DS_Varndean
E01016971,E05015413,531981,105636,DS_Varndean,DS_Varndean,E01016971|DS_Varndean|DS_Varndean
E01016971,E05015413,532065,105714,DS_Varndean,DS_Varndean,E01016971|DS_Varndean|DS_Varndean
E01016971,E05015413,532002,105670,DS_Varndean,DS_Varndean,E01016971|DS_Varndean|DS_Varndean
E01016971,E05015413,532029,105702,DS_Varndean,DS_Varndean,E01016971|DS_Varndean|DS_Varndean
E01016966,E05015413,531731,105413,DS_Varndean,DS_Varndean,E01016966|DS_Varndean|DS_Varndean
E01016966,E05015413,531634,105377,DS_Varndean,DS_Varndean,E01016966|DS_Varndean|DS_Varndean
E01016966,E05015413,531740,105431,DS_Varndean,DS_Varndean,E01016966|DS_Varndean|DS_Varndean
E01016971,E05015413,532032,105657,DS_Varndean,DS_Varndean,E01016971|DS_Varndean|DS_Varndean
E01016890,E05015403,532367,105684,DS_Varndean,DS_Varndean,E01016890|DS_Varndean|DS_Varndean
E01016971,E05015413,532048,105740,DS_Varndean,DS_Varndean,E01016971|DS_Varndean|DS_Varndean
E01016891,E05015403,531839,105316,DS_Varndean,DS_Varndean,E01016891|DS_Varndean|DS_Varndean
E01016890,E05015403,531898,105377,DS_Varndean,DS_Varndean,E01016890|DS_Varndean|DS_Varndean
E01016890,E05015403,531969,105478,DS_Varndean,DS_Varndean,E01016890|DS_Varndean|DS_Varndean
E01016890,E05015403,531995,105476,DS_Varndean,DS_Varndean,E01016890|DS_Varndean|DS_Varndean
E01016890,E05015403,532048,105586,DS_Varndean,DS_Varndean,E01016890|DS_Varndean|DS_Varndean
E01016890,E05015403,532097,105691,DS_Varndean,DS_Varndean,E01016890|DS_Varndean|DS_Varndean
E01016890,E05015403,532184,105705,DS_Varndean,DS_Varndean,E01016890|DS_Varndean|DS_Varndean
E01016890,E05015403,532236,105640,DS_Varndean,DS_Varndean,E01016890|DS_Varndean|DS_Varndean
E01016891,E05015403,532383,105638,DS_Varndean,DS_Varndean,E01016891|DS_Varndean|DS_Varndean
E01016890,E05015403,532314,105650,DS_Varndean,DS_Varndean,E01016890|DS_Varndean|DS_Varndean
E01016890,E05015403,532368,105723,DS_Varndean,DS_Varndean,E01016890|DS_Varndean|DS_Varndean
E01016890,E05015403,532342,105698,DS_Varndean,DS_Varndean,E01016890|DS_Varndean|DS_Varndean
E01016891,E05015403,532412,105624,DS_Varndean,DS_Varndean,E01016891|DS_Varndean|DS_Varndean
E01016891,E05015403,532385,105532,DS_Varndean,DS_Varndean,E01016891|DS_Varndean|DS_Varndean
E01016891,E05015403,532440,105615,DS_Varndean,DS_Varndean,E01016891|DS_Varndean|DS_Varndean
E01016890,E05015403,532271,105750,DS_Varndean,DS_Varndean,E01016890|DS_Varndean|DS_Varndean
E01016890,E05015403,532222,105650,DS_Varndean,DS_Varndean,E01016890|DS_Varndean|DS_Varndean
E01016889,E05015403,532223,105597,DS_Varndean,DS_Varndean,E01016889|DS_Varndean|DS_Varndean
E01016892,E05015403,532657,105459,DS_Varndean,DS_Varndean,E01016892|DS_Varndean|DS_Varndean
E01016892,E05015403,532631,105424,DS_Varndean,DS_Varndean,E01016892|DS_Varndean|DS_Varndean
E01016891,E05015403,532447,105362,DS_Varndean,DS_Varndean,E01016891|DS_Varndean|DS_Varndean
E01016891,E05015403,532414,105382,DS_Varndean,DS_Varndean,E01016891|DS_Varndean|DS_Varndean
E01016889,E05015403,532352,105409,DS_Varndean,DS_Varndean,E01016889|DS_Varndean|DS_Varndean
E01016889,E05015403,532381,105401,DS_Varndean,DS_Varndean,E01016889|DS_Varndean|DS_Varndean
E01016889,E05015403,532322,105410,DS_Varndean,DS_Varndean,E01016889|DS_Varndean|DS_Varndean
E01016889,E05015403,532296,105389,DS_Varndean,DS_Varndean,E01016889|DS_Varndean|DS_Varndean
E01016891,E05015403,532471,105553,DS_Varndean,DS_Varndean,E01016891|DS_Varndean|DS_Varndean
E01016891,E05015403,532404,105362,DS_Varndean,DS_Varndean,E01016891|DS_Varndean|DS_Varndean
E01016891,E05015403,532414,105244,DS_Varndean,DS_Varndean,E01016891|DS_Varndean|DS_Varndean
E01016971,E05015413,532143,105910,DS_Varndean,DS_Varndean,E01016971|DS_Varndean|DS_Varndean
E01016890,E05015403,532203,105880,DS_Varndean,DS_Varndean,E01016890|DS_Varndean|DS_Varndean
E01016890,E05015403,532268,105801,DS_Varndean,DS_Varndean,E01016890|DS_Varndean|DS_Varndean
E01016890,E05015403,532266,105834,DS_Varndean,DS_Varndean,E01016890|DS_Varndean|DS_Varndean
E01016890,E05015403,532242,105886,DS_Varndean,DS_Varndean,E01016890|DS_Varndean|DS_Varndean
E01016890,E05015403,532274,105905,DS_Varndean,DS_Varndean,E01016890|DS_Varndean|DS_Varndean
E01016890,E05015403,532393,105890,DS_Varndean,DS_Varndean,E01016890|DS_Varndean|DS_Varndean
E01016970,E05015413,531616,105624,DS_Varndean,DS_Varndean,E01016970|DS_Varndean|DS_Varndean
E01016966,E05015413,531571,105601,DS_Varndean,DS_Varndean,E01016966|DS_Varndean|DS_Varndean
E01016966,E05015413,531587,105548,DS_Varndean,DS_Varndean,E01016966|DS_Varndean|DS_Varndean
E01016970,E05015413,531615,105690,DS_Varndean,DS_Varndean,E01016970|DS_Varndean|DS_Varndean
E01016970,E05015413,531570,105702,DS_Varndean,DS_Varndean,E01016970|DS_Varndean|DS_Varndean
E01016970,E05015413,531559,105742,DS_Varndean,DS_Varndean,E01016970|DS_Varndean|DS_Varndean
E01016970,E05015413,531654,105828,DS_Varndean,DS_Varndean,E01016970|DS_Varndean|DS_Varndean
E01016970,E05015413,531811,105846,DS_Varndean,DS_Varndean,E01016970|DS_Varndean|DS_Varndean
E01016970,E05015413,531785,105792,DS_Varndean,DS_Varndean,E01016970|DS_Varndean|DS_Varndean
E01016970,E05015413,531825,105790,DS_Varndean,DS_Varndean,E01016970|DS_Varndean|DS_Varndean
E01016970,E05015413,531663,105738,DS_Varndean,DS_Varndean,E01016970|DS_Varndean|DS_Varndean
E01016970,E05015413,531645,105598,DS_Varndean,DS_Varndean,E01016970|DS_Varndean|DS_Varndean
E01016970,E05015413,531697,105629,DS_Varndean,DS_Varndean,E01016970|DS_Varndean|DS_Varndean
E01016966,E05015413,531597,105588,DS_Varndean,DS_Varndean,E01016966|DS_Varndean|DS_Varndean
E01016966,E05015413,531541,105524,DS_Varndean,DS_Varndean,E01016966|DS_Varndean|DS_Varndean
E01016970,E05015413,531626,105562,DS_Varndean,DS_Varndean,E01016970|DS_Varndean|DS_Varndean
E01016970,E05015413,531678,105577,DS_Varndean,DS_Varndean,E01016970|DS_Varndean|DS_Varndean
E01016970,E05015413,531688,105604,DS_Varndean,DS_Varndean,E01016970|DS_Varndean|DS_Varndean
E01016970,E05015413,531571,105678,DS_Varndean,DS_Varndean,E01016970|DS_Varndean|DS_Varndean
E01016904,E05015406,531981,105940,BACA,BACA,E01016904|BACA|BACA
E01016904,E05015406,532012,106008,BACA,BACA,E01016904|BACA|BACA
E01016912,E05015406,532297,106144,BACA,BACA,E01016912|BACA|BACA
E01016912,E05015406,532207,105959,BACA,BACA,E01016912|BACA|BACA
E01016912,E05015406,532368,106288,BACA,BACA,E01016912|BACA|BACA
E01016912,E05015406,532336,106085,BACA,BACA,E01016912|BACA|BACA
E01016912,E05015406,532362,106082,BACA,BACA,E01016912|BACA|BACA
E01016912,E05015406,532399,106064,BACA,BACA,E01016912|BACA|BACA
E01016912,E05015406,532426,106059,BACA,BACA,E01016912|BACA|BACA
E01016904,E05015406,532046,105973,BACA,BACA,E01016904|BACA|BACA
E01016904,E05015406,531974,106017,BACA,BACA,E01016904|BACA|BACA
E01016912,E05015406,532519,106455,BACA,BACA,E01016912|BACA|BACA
E01016970,E05015413,531815,105904,DS_Varndean,BACA,E01016970|DS_Varndean|BACA
E01016904,E05015406,532156,106233,BACA,BACA,E01016904|BACA|BACA
E01016910,E05015406,532951,105978,BACA,BACA,E01016910|BACA|BACA
E01016909,E05015406,532671,106649,BACA,BACA,E01016909|BACA|BACA
E01016909,E05015406,532707,106646,BACA,BACA,E01016909|BACA|BACA
E01016912,E05015406,532498,106344,BACA,BACA,E01016912|BACA|BACA
E01016912,E05015406,532436,106282,BACA,BACA,E01016912|BACA|BACA
E01016909,E05015406,532536,106340,BACA,BACA,E01016909|BACA|BACA
E01016909,E05015406,532562,106334,BACA,BACA,E01016909|BACA|BACA
E01016909,E05015406,532587,106306,BACA,BACA,E01016909|BACA|BACA
E01016909,E05015406,532607,106283,BACA,BACA,E01016909|BACA|BACA
E01016909,E05015406,532677,106282,BACA,BACA,E01016909|BACA|BACA
E01016909,E05015406,532634,106427,BACA,BACA,E01016909|BACA|BACA
E01016909,E05015406,532630,106204,BACA,BACA,E01016909|BACA|BACA
E01016913,E05015406,532779,106132,BACA,BACA,E01016913|BACA|BACA
E01016913,E05015406,532759,106114,BACA,BACA,E01016913|BACA|BACA
E01016909,E05015406,532503,106219,BACA,BACA,E01016909|BACA|BACA
E01016910,E05015406,533061,106048,BACA,BACA,E01016910|BACA|BACA
E01016910,E05015406,533039,105987,BACA,BACA,E01016910|BACA|BACA
E01016910,E05015406,532976,106009,BACA,BACA,E01016910|BACA|BACA
E01016910,E05015406,533022,106059,BACA,BACA,E01016910|BACA|BACA
E01016910,E05015406,532932,105899,BACA,BACA,E01016910|BACA|BACA
E01016910,E05015406,533084,106071,BACA,BACA,E01016910|BACA|BACA
E01016890,E05015403,532333,105913,DS_Varndean,BACA,E01016890|DS_Varndean|BACA
E01016912,E05015406,532493,105923,BACA,BACA,E01016912|BACA|BACA
E01016912,E05015406,532714,105889,BACA,BACA,E01016912|BACA|BACA
E01016910,E05015406,532967,106038,BACA,BACA,E01016910|BACA|BACA
E01016910,E05015406,533116,106167,BACA,BACA,E01016910|BACA|BACA
E01016909,E05015406,532952,106314,BACA,BACA,E01016909|BACA|BACA
E01016909,E05015406,532812,106377,BACA,BACA,E01016909|BACA|BACA
E01016913,E05015406,532765,106307,BACA,BACA,E01016913|BACA|BACA
E01016913,E05015406,532910,106251,BACA,BACA,E01016913|BACA|BACA
E01016913,E05015406,532774,106266,BACA,BACA,E01016913|BACA|BACA
E01016913,E05015406,532914,106078,BACA,BACA,E01016913|BACA|BACA
E01016913,E05015406,532871,106211,BACA,BACA,E01016913|BACA|BACA
E01016913,E05015406,532785,106171,BACA,BACA,E01016913|BACA|BACA
E01016910,E05015406,532974,105863,BACA,BACA,E01016910|BACA|BACA
E01016910,E05015406,532998,105840,BACA,BACA,E01016910|BACA|BACA
E01016912,E05015406,532478,106157,BACA,BACA,E01016912|BACA|BACA
E01016912,E05015406,532455,106196,BACA,BACA,E01016912|BACA|BACA
E01016913,E05015406,532737,106078,BACA,BACA,E01016913|BACA|BACA
E01016913,E05015406,532742,106031,BACA,BACA,E01016913|BACA|BACA
E01016910,E05015406,532805,105913,BACA,BACA,E01016910|BACA|BACA
E01016912,E05015406,532656,105932,BACA,BACA,E01016912|BACA|BACA
E01016913,E05015406,532627,105967,BACA,BACA,E01016913|BACA|BACA
E01016912,E05015406,532456,105959,BACA,BACA,E01016912|BACA|BACA
E01016912,E05015406,532504,106056,BACA,BACA,E01016912|BACA|BACA
E01016913,E05015406,532644,106057,BACA,BACA,E01016913|BACA|BACA
E01016913,E05015406,532613,106033,BACA,BACA,E01016913|BACA|BACA
E01016912,E05015406,532407,106280,BACA,BACA,E01016912|BACA|BACA
E01016904,E05015406,532229,106129,BACA,BACA,E01016904|BACA|BACA
E01016904,E05015406,532214,106143,BACA,BACA,E01016904|BACA|BACA
E01016904,E05015406,532192,106154,BACA,BACA,E01016904|BACA|BACA
E01016904,E05015406,532174,106250,BACA,BACA,E01016904|BACA|BACA
E01016904,E05015406,532290,106437,BACA,BACA,E01016904|BACA|BACA
E01016904,E05015406,532220,106295,BACA,BACA,E01016904|BACA|BACA
E01016909,E05015406,532954,106517,BACA,BACA,E01016909|BACA|BACA
E01016910,E05015406,533284,106273,BACA,BACA,E01016910|BACA|BACA
E01016910,E05015406,533288,106312,BACA,BACA,E01016910|BACA|BACA
E01016910,E05015406,533444,106439,BACA,BACA,E01016910|BACA|BACA
E01016910,E05015406,533362,106443,BACA,BACA,E01016910|BACA|BACA
E01016911,E05015406,533387,106509,BACA,BACA,E01016911|BACA|BACA
E01016911,E05015406,533702,106476,BACA,BACA,E01016911|BACA|BACA
E01016912,E05015406,532357,106244,BACA,BACA,E01016912|BACA|BACA
E01016913,E05015406,532939,106051,BACA,BACA,E01016913|BACA|BACA
E01016904,E05015406,532347,106436,BACA,BACA,E01016904|BACA|BACA
E01016904,E05015406,532415,106488,BACA,BACA,E01016904|BACA|BACA
E01016904,E05015406,532401,106566,BACA,BACA,E01016904|BACA|BACA
E01016900,E05015406,532799,107000,BACA,BACA,E01016900|BACA|BACA
E01016904,E05015406,532372,106406,BACA,BACA,E01016904|BACA|BACA
E01016904,E05015406,532343,106427,BACA,BACA,E01016904|BACA|BACA
E01016904,E05015406,532314,106436,BACA,BACA,E01016904|BACA|BACA
E01016904,E05015406,532373,106490,BACA,BACA,E01016904|BACA|BACA
E01016909,E05015406,532878,106912,BACA,BACA,E01016909|BACA|BACA
E01016900,E05015406,532641,106913,BACA,BACA,E01016900|BACA|BACA
E01016909,E05015406,532671,106715,BACA,BACA,E01016909|BACA|BACA
E01016909,E05015406,532926,107003,BACA,BACA,E01016909|BACA|BACA
E01016907,E05015406,533007,106992,BACA,BACA,E01016907|BACA|BACA
E01016907,E05015406,532918,106677,BACA,BACA,E01016907|BACA|BACA
E01016910,E05015406,533138,106450,BACA,BACA,E01016910|BACA|BACA
E01016900,E05015406,532493,106673,BACA,BACA,E01016900|BACA|BACA
E01016904,E05015406,532398,106455,BACA,BACA,E01016904|BACA|BACA
E01016900,E05015406,532568,106694,BACA,BACA,E01016900|BACA|BACA
E01016900,E05015406,532566,106917,BACA,BACA,E01016900|BACA|BACA
E01016912,E05015406,532370,106293,BACA,BACA,E01016912|BACA|BACA
E01016904,E05015406,532395,106539,BACA,BACA,E01016904|BACA|BACA
E01016904,E05015406,532336,106479,BACA,BACA,E01016904|BACA|BACA
E01016900,E05015406,532825,107028,BACA,BACA,E01016900|BACA|BACA
E01016900,E05015406,532751,107087,BACA,BACA,E01016900|BACA|BACA
E01016900,E05015406,532790,107128,BACA,BACA,E01016900|BACA|BACA
E01016900,E05015406,532885,107183,BACA,BACA,E01016900|BACA|BACA
E01016900,E05015406,532956,107284,BACA,BACA,E01016900|BACA|BACA
E01016900,E05015406,533063,107374,BACA,BACA,E01016900|BACA|BACA
E01016900,E05015406,532985,107218,BACA,BACA,E01016900|BACA|BACA
E01016900,E05015406,532906,107123,BACA,BACA,E01016900|BACA|BACA
E01016900,E05015406,532687,107038,BACA,BACA,E01016900|BACA|BACA
E01016900,E05015406,533074,107416,BACA,BACA,E01016900|BACA|BACA
E01016900,E05015406,532560,106900,BACA,BACA,E01016900|BACA|BACA
E01016900,E05015406,532584,106931,BACA,BACA,E01016900|BACA|BACA
E01016911,E05015406,533532,106215,BACA,BACA,E01016911|BACA|BACA
E01016911,E05015406,533557,106201,BACA,BACA,E01016911|BACA|BACA
E01016911,E05015406,533658,106238,BACA,BACA,E01016911|BACA|BACA
E01016911,E05015406,533683,106282,BACA,BACA,E01016911|BACA|BACA
E01016911,E05015406,533613,106397,BACA,BACA,E01016911|BACA|BACA
E01016911,E05015406,533946,106172,BACA,BACA,E01016911|BACA|BACA
E01016911,E05015406,533905,106038,BACA,BACA,E01016911|BACA|BACA
E01016911,E05015406,534035,106214,BACA,BACA,E01016911|BACA|BACA
E01016906,E05015406,534294,106272,BACA,BACA,E01016906|BACA|BACA
E01016906,E05015406,534278,106371,BACA,BACA,E01016906|BACA|BACA
E01016906,E05015406,534126,106340,BACA,BACA,E01016906|BACA|BACA
E01016911,E05015406,533960,106243,BACA,BACA,E01016911|BACA|BACA
E01016911,E05015406,534114,106461,BACA,BACA,E01016911|BACA|BACA
E01016911,E05015406,533920,106426,BACA,BACA,E01016911|BACA|BACA
E01016906,E05015406,534114,106436,BACA,BACA,E01016906|BACA|BACA
E01016906,E05015406,534070,106421,BACA,BACA,E01016906|BACA|BACA
E01016911,E05015406,533761,106293,BACA,BACA,E01016911|BACA|BACA
E01016906,E05015406,534078,106389,BACA,BACA,E01016906|BACA|BACA
E01016911,E05015406,533880,105889,BACA,BACA,E01016911|BACA|BACA
E01016908,E05015400,533324,107522,BACA,BACA,E01016908|BACA|BACA
E01016911,E05015406,533865,106618,BACA,BACA,E01016911|BACA|BACA
E01016906,E05015406,533915,106793,BACA,BACA,E01016906|BACA|BACA
E01016906,E05015406,533955,106644,BACA,BACA,E01016906|BACA|BACA
E01016906,E05015406,534026,106708,BACA,BACA,E01016906|BACA|BACA
E01016906,E05015406,534072,106783,BACA,BACA,E01016906|BACA|BACA
E01016906,E05015406,534286,106666,BACA,BACA,E01016906|BACA|BACA
E01016906,E05015406,534393,106708,BACA,BACA,E01016906|BACA|BACA
E01016906,E05015406,534478,106655,BACA,BACA,E01016906|BACA|BACA
E01016906,E05015406,534509,106596,BACA,BACA,E01016906|BACA|BACA
E01016906,E05015406,534554,106473,BACA,BACA,E01016906|BACA|BACA
E01016906,E05015406,534702,106626,BACA,BACA,E01016906|BACA|BACA
E01016906,E05015406,534596,106468,BACA,BACA,E01016906|BACA|BACA
E01016906,E05015406,534579,106297,BACA,BACA,E01016906|BACA|BACA
E01016906,E05015406,534385,106416,BACA,BACA,E01016906|BACA|BACA
E01016906,E05015406,534214,106479,BACA,BACA,E01016906|BACA|BACA
E01016906,E05015406,534171,106455,BACA,BACA,E01016906|BACA|BACA
E01016906,E05015406,534136,106507,BACA,BACA,E01016906|BACA|BACA
E01016906,E05015406,533957,106812,BACA,BACA,E01016906|BACA|BACA
E01016906,E05015406,534326,106428,BACA,BACA,E01016906|BACA|BACA
E01016906,E05015406,534536,106298,BACA,BACA,E01016906|BACA|BACA
E01016910,E05015406,533336,106132,BACA,BACA,E01016910|BACA|BACA
E01016910,E05015406,533550,106103,BACA,BACA,E01016910|BACA|BACA
E01016910,E05015406,533453,106035,BACA,BACA,E01016910|BACA|BACA
E01016910,E05015406,533391,106075,BACA,BACA,E01016910|BACA|BACA
E01016910,E05015406,533504,106046,BACA,BACA,E01016910|BACA|BACA
E01016904,E05015406,532095,105963,BACA,BACA,E01016904|BACA|BACA
E01016908,E05015400,533398,107648,BACA,BACA,E01016908|BACA|BACA
E01016906,E05015406,534268,106753,BACA,BACA,E01016906|BACA|BACA
E01016900,E05015406,532542,106787,BACA,BACA,E01016900|BACA|BACA
E01016904,E05015406,532353,106578,BACA,BACA,E01016904|BACA|BACA
E01016904,E05015406,532356,106506,BACA,BACA,E01016904|BACA|BACA
E01016909,E05015406,532523,106178,BACA,BACA,E01016909|BACA|BACA
E01016907,E05015406,533095,107250,BACA,BACA,E01016907|BACA|BACA
E01016908,E05015400,533539,107569,BACA,BACA,E01016908|BACA|BACA
E01016914,E05015400,533886,107774,BACA,BACA,E01016914|BACA|BACA
E01016914,E05015400,533800,107754,BACA,BACA,E01016914|BACA|BACA
E01016914,E05015400,533766,107905,BACA,BACA,E01016914|BACA|BACA
E01016914,E05015400,533736,107920,BACA,BACA,E01016914|BACA|BACA
E01016914,E05015400,534053,107898,BACA,BACA,E01016914|BACA|BACA
E01016914,E05015400,534085,107914,BACA,BACA,E01016914|BACA|BACA
E01016914,E05015400,534072,108053,BACA,BACA,E01016914|BACA|BACA
E01016914,E05015400,534024,108114,BACA,BACA,E01016914|BACA|BACA
E01016914,E05015400,533764,107836,BACA,BACA,E01016914|BACA|BACA
E01016915,E05015400,533816,107800,BACA,BACA,E01016915|BACA|BACA
E01016915,E05015400,533695,107743,BACA,BACA,E01016915|BACA|BACA
E01016915,E05015400,533630,107696,BACA,BACA,E01016915|BACA|BACA
E01016915,E05015400,533593,107718,BACA,BACA,E01016915|BACA|BACA
E01016915,E05015400,533560,107792,BACA,BACA,E01016915|BACA|BACA
E01016908,E05015406,533549,107426,BACA,BACA,E01016908|BACA|BACA
E01016915,E05015400,533676,107684,BACA,BACA,E01016915|BACA|BACA
E01016915,E05015400,533586,107595,BACA,BACA,E01016915|BACA|BACA
E01016908,E05015406,533653,107552,BACA,BACA,E01016908|BACA|BACA
E01016915,E05015406,533189,107440,BACA,BACA,E01016915|BACA|BACA
E01016914,E05015400,534131,108149,BACA,BACA,E01016914|BACA|BACA
E01016908,E05015406,533428,107491,BACA,BACA,E01016908|BACA|BACA
E01016915,E05015400,533551,107646,BACA,BACA,E01016915|BACA|BACA
E01016908,E05015400,533297,107593,BACA,BACA,E01016908|BACA|BACA
E01016912,E05015406,532487,106495,BACA,BACA,E01016912|BACA|BACA
E01016904,E05015406,532037,105920,BACA,BACA,E01016904|BACA|BACA
E01016915,E05015400,533195,107493,BACA,BACA,E01016915|BACA|BACA
E01016907,E05015406,533166,106612,BACA,BACA,E01016907|BACA|BACA
E01016907,E05015406,533197,106681,BACA,BACA,E01016907|BACA|BACA
E01016911,E05015406,533359,106852,BACA,BACA,E01016911|BACA|BACA
E01016911,E05015406,533317,106829,BACA,BACA,E01016911|BACA|BACA
E01016908,E05015406,533454,107148,BACA,BACA,E01016908|BACA|BACA
E01016908,E05015406,533474,107023,BACA,BACA,E01016908|BACA|BACA
E01016908,E05015406,533646,107177,BACA,BACA,E01016908|BACA|BACA
E01016908,E05015406,533616,107321,BACA,BACA,E01016908|BACA|BACA
E01016908,E05015406,533619,107256,BACA,BACA,E01016908|BACA|BACA
E01016908,E05015406,533513,107161,BACA,BACA,E01016908|BACA|BACA
E01016908,E05015406,533560,107165,BACA,BACA,E01016908|BACA|BACA
E01016908,E05015406,533687,107442,BACA,BACA,E01016908|BACA|BACA
E01016908,E05015406,533632,107422,BACA,BACA,E01016908|BACA|BACA
E01016908,E05015406,533476,107428,BACA,BACA,E01016908|BACA|BACA
E01016908,E05015406,533444,107445,BACA,BACA,E01016908|BACA|BACA
E01016908,E05015406,533346,107203,BACA,BACA,E01016908|BACA|BACA
E01016907,E05015406,533273,107193,BACA,BACA,E01016907|BACA|BACA
E01016908,E05015406,533422,107158,BACA,BACA,E01016908|BACA|BACA
E01016908,E05015406,533576,107392,BACA,BACA,E01016908|BACA|BACA
E01016908,E05015406,533505,107284,BACA,BACA,E01016908|BACA|BACA
E01016908,E05015406,533400,107315,BACA,BACA,E01016908|BACA|BACA
E01016915,E05015406,533253,107346,BACA,BACA,E01016915|BACA|BACA
E01016915,E05015400,533195,107493,BACA,BACA,E01016915|BACA|BACA
E01016915,E05015406,533253,107346,BACA,BACA,E01016915|BACA|BACA
E01016915,E05015400,533195,107493,BACA,BACA,E01016915|BACA|BACA
E01016915,E05015400,533195,107493,BACA,BACA,E01016915|BACA|BACA
E01016915,E05015400,533195,107493,BACA,BACA,E01016915|BACA|BACA
E01016915,E05015400,533195,107493,BACA,BACA,E01016915|BACA|BACA
E01016907,E05015406,532960,106715,BACA,BACA,E01016907|BACA|BACA
E01016907,E05015406,533014,106917,BACA,BACA,E01016907|BACA|BACA
E01016907,E05015406,533033,106813,BACA,BACA,E01016907|BACA|BACA
E01016907,E05015406,533123,107099,BACA,BACA,E01016907|BACA|BACA
E01016907,E05015406,533076,106830,BACA,BACA,E01016907|BACA|BACA
E01016907,E05015406,533139,106727,BACA,BACA,E01016907|BACA|BACA
E01016907,E05015406,533166,106934,BACA,BACA,E01016907|BACA|BACA
E01016907,E05015406,533196,106966,BACA,BACA,E01016907|BACA|BACA
E01016907,E05015406,533254,106946,BACA,BACA,E01016907|BACA|BACA
E01016908,E05015406,533283,107051,BACA,BACA,E01016908|BACA|BACA
E01016907,E05015406,533267,106898,BACA,BACA,E01016907|BACA|BACA
E01016907,E05015406,533276,106844,BACA,BACA,E01016907|BACA|BACA
E01016907,E05015406,533076,106642,BACA,BACA,E01016907|BACA|BACA
E01016907,E05015406,533077,106964,BACA,BACA,E01016907|BACA|BACA
E01016963,E05015405,533165,103711,DS_Varndean,Longhill,E01016963|DS_Varndean|Longhill
E01016963,E05015405,533253,103728,DS_Varndean,Longhill,E01016963|DS_Varndean|Longhill
E01016963,E05015405,533269,103638,DS_Varndean,Longhill,E01016963|DS_Varndean|Longhill
E01016969,E05015415,531040,104624,DS_Varndean,DS_Varndean,E01016969|DS_Varndean|DS_Varndean
E01016862,E05015405,532749,103808,DS_Varndean,Longhill,E01016862|DS_Varndean|Longhill
E01016863,E05015418,532826,103809,DS_Varndean,Longhill,E01016863|DS_Varndean|Longhill
E01016863,E05015418,532968,103912,DS_Varndean,Longhill,E01016863|DS_Varndean|Longhill
E01016862,E05015418,532654,103901,DS_Varndean,Longhill,E01016862|DS_Varndean|Longhill
E01016862,E05015405,532694,103827,DS_Varndean,Longhill,E01016862|DS_Varndean|Longhill
E01016863,E05015418,532797,104002,DS_Varndean,Longhill,E01016863|DS_Varndean|Longhill
E01016863,E05015418,532835,104084,DS_Varndean,Longhill,E01016863|DS_Varndean|Longhill
E01016863,E05015418,532949,104153,DS_Varndean,Longhill,E01016863|DS_Varndean|Longhill
E01016863,E05015418,532811,104042,DS_Varndean,Longhill,E01016863|DS_Varndean|Longhill
E01016863,E05015418,533047,104129,DS_Varndean,Longhill,E01016863|DS_Varndean|Longhill
E01016863,E05015418,533005,104061,DS_Varndean,Longhill,E01016863|DS_Varndean|Longhill
E01016863,E05015418,532896,104007,DS_Varndean,Longhill,E01016863|DS_Varndean|Longhill
E01016863,E05015418,532935,104047,DS_Varndean,Longhill,E01016863|DS_Varndean|Longhill
E01016863,E05015418,532982,104126,DS_Varndean,Longhill,E01016863|DS_Varndean|Longhill
E01016863,E05015418,533031,104165,DS_Varndean,Longhill,E01016863|DS_Varndean|Longhill
E01016969,E05015415,531040,104624,DS_Varndean,DS_Varndean,E01016969|DS_Varndean|DS_Varndean
E01016866,E05015418,533454,104520,Longhill,DS_Varndean,E01016866|Longhill|DS_Varndean
E01016869,E05015418,533460,104062,Longhill,DS_Varndean,E01016869|Longhill|DS_Varndean
E01016863,E05015418,533141,103907,DS_Varndean,Longhill,E01016863|DS_Varndean|Longhill
E01016863,E05015418,533286,104068,DS_Varndean,Longhill,E01016863|DS_Varndean|Longhill
E01016863,E05015418,533261,104105,DS_Varndean,Longhill,E01016863|DS_Varndean|Longhill
E01016868,E05015418,533236,104249,DS_Varndean,Longhill,E01016868|DS_Varndean|Longhill
E01016868,E05015418,533324,104156,DS_Varndean,Longhill,E01016868|DS_Varndean|Longhill
E01016868,E05015418,533336,104037,DS_Varndean,Longhill,E01016868|DS_Varndean|Longhill
E01016868,E05015418,533353,104240,DS_Varndean,Longhill,E01016868|DS_Varndean|Longhill
E01016868,E05015418,533337,104217,DS_Varndean,Longhill,E01016868|DS_Varndean|Longhill
E01016867,E05015418,533267,104451,Longhill,DS_Varndean,E01016867|Longhill|DS_Varndean
E01016867,E05015418,533213,104280,DS_Varndean,Longhill,E01016867|DS_Varndean|Longhill
E01016867,E05015418,533190,104302,DS_Varndean,Longhill,E01016867|DS_Varndean|Longhill
E01016863,E05015418,533127,104134,DS_Varndean,Longhill,E01016863|DS_Varndean|Longhill
E01016867,E05015418,533160,104321,DS_Varndean,Longhill,E01016867|DS_Varndean|Longhill
E01016867,E05015418,533128,104330,DS_Varndean,Longhill,E01016867|DS_Varndean|Longhill
E01016868,E05015418,533289,104461,Longhill,DS_Varndean,E01016868|Longhill|DS_Varndean
E01016863,E05015418,532975,103970,DS_Varndean,Longhill,E01016863|DS_Varndean|Longhill
E01016863,E05015418,533216,103887,DS_Varndean,Longhill,E01016863|DS_Varndean|Longhill
E01016863,E05015418,533246,103948,DS_Varndean,Longhill,E01016863|DS_Varndean|Longhill
E01016863,E05015418,533306,104122,DS_Varndean,Longhill,E01016863|DS_Varndean|Longhill
E01016869,E05015418,533474,103760,DS_Varndean,Longhill,E01016869|DS_Varndean|Longhill
E01016869,E05015418,533502,103842,DS_Varndean,Longhill,E01016869|DS_Varndean|Longhill
E01016868,E05015418,533431,104238,Longhill,DS_Varndean,E01016868|Longhill|DS_Varndean
E01016868,E05015418,533350,104376,Longhill,DS_Varndean,E01016868|Longhill|DS_Varndean
E01016868,E05015418,533497,104199,Longhill,DS_Varndean,E01016868|Longhill|DS_Varndean
E01016869,E05015418,533476,103949,DS_Varndean,Longhill,E01016869|DS_Varndean|Longhill
E01016868,E05015418,533536,104359,Longhill,DS_Varndean,E01016868|Longhill|DS_Varndean
E01016864,E05015418,533349,104558,Longhill,DS_Varndean,E01016864|Longhill|DS_Varndean
E01016866,E05015418,533397,104585,Longhill,DS_Varndean,E01016866|Longhill|DS_Varndean
E01016865,E05015418,533506,105364,Longhill,DS_Varndean,E01016865|Longhill|DS_Varndean
E01016864,E05015418,533531,105418,Longhill,DS_Varndean,E01016864|Longhill|DS_Varndean
E01016868,E05015418,533641,104180,Longhill,DS_Varndean,E01016868|Longhill|DS_Varndean
E01016868,E05015418,533677,104131,Longhill,DS_Varndean,E01016868|Longhill|DS_Varndean
E01016868,E05015418,533639,104124,Longhill,DS_Varndean,E01016868|Longhill|DS_Varndean
E01016868,E05015418,533643,104234,Longhill,DS_Varndean,E01016868|Longhill|DS_Varndean
E01016868,E05015418,533537,104258,Longhill,DS_Varndean,E01016868|Longhill|DS_Varndean
E01016869,E05015418,533588,104089,Longhill,DS_Varndean,E01016869|Longhill|DS_Varndean
E01016869,E05015418,533441,103944,DS_Varndean,Longhill,E01016869|DS_Varndean|Longhill
E01016869,E05015418,533420,103962,DS_Varndean,Longhill,E01016869|DS_Varndean|Longhill
E01016869,E05015418,533396,103996,DS_Varndean,Longhill,E01016869|DS_Varndean|Longhill
E01016869,E05015418,533502,104067,Longhill,DS_Varndean,E01016869|Longhill|DS_Varndean
E01016869,E05015418,533516,104025,Longhill,DS_Varndean,E01016869|Longhill|DS_Varndean
E01016869,E05015418,533565,104074,Longhill,DS_Varndean,E01016869|Longhill|DS_Varndean
E01016869,E05015418,533539,104124,Longhill,DS_Varndean,E01016869|Longhill|DS_Varndean
E01016869,E05015418,533476,104111,Longhill,DS_Varndean,E01016869|Longhill|DS_Varndean
E01016868,E05015418,533440,104160,Longhill,DS_Varndean,E01016868|Longhill|DS_Varndean
E01016868,E05015418,533414,104237,Longhill,DS_Varndean,E01016868|Longhill|DS_Varndean
E01016868,E05015418,533378,104320,Longhill,DS_Varndean,E01016868|Longhill|DS_Varndean
E01016868,E05015418,533494,104334,Longhill,DS_Varndean,E01016868|Longhill|DS_Varndean
E01016868,E05015418,533478,104254,Longhill,DS_Varndean,E01016868|Longhill|DS_Varndean
E01016868,E05015418,533404,104351,Longhill,DS_Varndean,E01016868|Longhill|DS_Varndean
E01016868,E05015418,533476,104418,Longhill,DS_Varndean,E01016868|Longhill|DS_Varndean
E01016957,E05015418,534425,103002,Longhill,Longhill,E01016957|Longhill|Longhill
E01016865,E05015418,533522,104857,Longhill,DS_Varndean,E01016865|Longhill|DS_Varndean
E01016866,E05015418,533523,104785,Longhill,DS_Varndean,E01016866|Longhill|DS_Varndean
E01016865,E05015418,533569,104832,Longhill,DS_Varndean,E01016865|Longhill|DS_Varndean
E01016866,E05015418,533489,104822,Longhill,DS_Varndean,E01016866|Longhill|DS_Varndean
E01016866,E05015418,533438,104768,Longhill,DS_Varndean,E01016866|Longhill|DS_Varndean
E01016866,E05015418,533467,104594,Longhill,DS_Varndean,E01016866|Longhill|DS_Varndean
E01016866,E05015418,533467,104662,Longhill,DS_Varndean,E01016866|Longhill|DS_Varndean
E01016866,E05015418,533490,104693,Longhill,DS_Varndean,E01016866|Longhill|DS_Varndean
E01016866,E05015418,533427,104746,Longhill,DS_Varndean,E01016866|Longhill|DS_Varndean
E01016866,E05015418,533433,104835,Longhill,DS_Varndean,E01016866|Longhill|DS_Varndean
E01016865,E05015418,533618,104912,Longhill,DS_Varndean,E01016865|Longhill|DS_Varndean
E01016865,E05015418,533605,104968,Longhill,DS_Varndean,E01016865|Longhill|DS_Varndean
E01016865,E05015418,533601,105052,Longhill,DS_Varndean,E01016865|Longhill|DS_Varndean
E01016864,E05015418,533392,104982,Longhill,DS_Varndean,E01016864|Longhill|DS_Varndean
E01016865,E05015418,533499,104951,Longhill,DS_Varndean,E01016865|Longhill|DS_Varndean
E01016865,E05015418,533508,105014,Longhill,DS_Varndean,E01016865|Longhill|DS_Varndean
E01016865,E05015418,533480,105028,Longhill,DS_Varndean,E01016865|Longhill|DS_Varndean
E01016864,E05015418,533405,104970,Longhill,DS_Varndean,E01016864|Longhill|DS_Varndean
E01016869,E05015418,533464,103799,DS_Varndean,Longhill,E01016869|DS_Varndean|Longhill
E01016869,E05015418,533445,103811,DS_Varndean,Longhill,E01016869|DS_Varndean|Longhill
E01016963,E05015405,533406,103696,DS_Varndean,Longhill,E01016963|DS_Varndean|Longhill
E01016963,E05015405,533349,103650,DS_Varndean,Longhill,E01016963|DS_Varndean|Longhill
E01016863,E05015405,533039,103656,DS_Varndean,Longhill,E01016863|DS_Varndean|Longhill
E01016863,E05015405,533039,103656,DS_Varndean,Longhill,E01016863|DS_Varndean|Longhill
E01016863,E05015405,533043,103686,DS_Varndean,Longhill,E01016863|DS_Varndean|Longhill
E01016869,E05015418,533419,103802,DS_Varndean,Longhill,E01016869|DS_Varndean|Longhill
E01016863,E05015418,533113,103747,DS_Varndean,Longhill,E01016863|DS_Varndean|Longhill
E01016869,E05015418,533280,103874,DS_Varndean,Longhill,E01016869|DS_Varndean|Longhill
E01016869,E05015418,533324,103974,DS_Varndean,Longhill,E01016869|DS_Varndean|Longhill
E01016869,E05015418,533261,103776,DS_Varndean,Longhill,E01016869|DS_Varndean|Longhill
E01016869,E05015418,533347,103821,DS_Varndean,Longhill,E01016869|DS_Varndean|Longhill
E01016869,E05015418,533400,103910,DS_Varndean,Longhill,E01016869|DS_Varndean|Longhill
E01016863,E05015418,533124,103849,DS_Varndean,Longhill,E01016863|DS_Varndean|Longhill
E01016869,E05015418,533366,103786,DS_Varndean,Longhill,E01016869|DS_Varndean|Longhill
E01016869,E05015418,533292,103762,DS_Varndean,Longhill,E01016869|DS_Varndean|Longhill
E01016866,E05015418,533684,104411,Longhill,DS_Varndean,E01016866|Longhill|DS_Varndean
E01016866,E05015418,533616,104658,Longhill,DS_Varndean,E01016866|Longhill|DS_Varndean
E01016864,E05015418,533814,105206,Longhill,DS_Varndean,E01016864|Longhill|DS_Varndean
E01016963,E05015405,533372,103679,DS_Varndean,Longhill,E01016963|DS_Varndean|Longhill
E01016865,E05015418,533608,105087,Longhill,DS_Varndean,E01016865|Longhill|DS_Varndean
E01016865,E05015418,533590,105195,Longhill,DS_Varndean,E01016865|Longhill|DS_Varndean
E01016866,E05015418,533676,104366,Longhill,DS_Varndean,E01016866|Longhill|DS_Varndean
E01016866,E05015418,533734,104320,Longhill,DS_Varndean,E01016866|Longhill|DS_Varndean
E01016866,E05015418,533701,104531,Longhill,DS_Varndean,E01016866|Longhill|DS_Varndean
E01016866,E05015418,533658,104514,Longhill,DS_Varndean,E01016866|Longhill|DS_Varndean
E01016866,E05015418,533648,104545,Longhill,DS_Varndean,E01016866|Longhill|DS_Varndean
E01016866,E05015418,533556,104592,Longhill,DS_Varndean,E01016866|Longhill|DS_Varndean
E01016866,E05015418,533521,104673,Longhill,DS_Varndean,E01016866|Longhill|DS_Varndean
E01016866,E05015418,533555,104523,Longhill,DS_Varndean,E01016866|Longhill|DS_Varndean
E01016868,E05015418,533584,104417,Longhill,DS_Varndean,E01016868|Longhill|DS_Varndean
E01016869,E05015418,533623,103750,DS_Varndean,Longhill,E01016869|DS_Varndean|Longhill
E01016869,E05015418,533613,103840,DS_Varndean,Longhill,E01016869|DS_Varndean|Longhill
E01016869,E05015418,533657,103922,Longhill,DS_Varndean,E01016869|Longhill|DS_Varndean
E01016869,E05015418,533631,103934,Longhill,DS_Varndean,E01016869|Longhill|DS_Varndean
E01016869,E05015418,533572,103941,Longhill,DS_Varndean,E01016869|Longhill|DS_Varndean
E01016868,E05015418,533627,104282,Longhill,DS_Varndean,E01016868|Longhill|DS_Varndean
E01016868,E05015418,533614,104325,Longhill,DS_Varndean,E01016868|Longhill|DS_Varndean
E01016868,E05015418,533639,104348,Longhill,DS_Varndean,E01016868|Longhill|DS_Varndean
E01016868,E05015418,533676,104274,Longhill,DS_Varndean,E01016868|Longhill|DS_Varndean
E01016866,E05015418,533710,104178,Longhill,DS_Varndean,E01016866|Longhill|DS_Varndean
E01016866,E05015418,533537,104520,Longhill,DS_Varndean,E01016866|Longhill|DS_Varndean
E01016869,E05015418,533561,103814,DS_Varndean,Longhill,E01016869|DS_Varndean|Longhill
E01016866,E05015418,533618,104474,Longhill,DS_Varndean,E01016866|Longhill|DS_Varndean
E01016866,E05015418,533730,104258,Longhill,DS_Varndean,E01016866|Longhill|DS_Varndean
E01016868,E05015418,533706,104137,Longhill,DS_Varndean,E01016868|Longhill|DS_Varndean
E01016868,E05015418,533695,104127,Longhill,DS_Varndean,E01016868|Longhill|DS_Varndean
E01016866,E05015418,533737,104120,Longhill,DS_Varndean,E01016866|Longhill|DS_Varndean
E01016868,E05015418,533632,104380,Longhill,DS_Varndean,E01016868|Longhill|DS_Varndean
E01016869,E05015418,533751,104019,Longhill,DS_Varndean,E01016869|Longhill|DS_Varndean
E01016864,E05015418,533819,104460,Longhill,DS_Varndean,E01016864|Longhill|DS_Varndean
E01016864,E05015418,533802,104942,Longhill,DS_Varndean,E01016864|Longhill|DS_Varndean
E01016866,E05015418,533794,104412,Longhill,DS_Varndean,E01016866|Longhill|DS_Varndean
E01016866,E05015418,533747,104485,Longhill,DS_Varndean,E01016866|Longhill|DS_Varndean
E01016864,E05015418,533793,105122,Longhill,DS_Varndean,E01016864|Longhill|DS_Varndean
E01016864,E05015418,533712,105222,Longhill,DS_Varndean,E01016864|Longhill|DS_Varndean
E01016864,E05015418,533763,104997,Longhill,DS_Varndean,E01016864|Longhill|DS_Varndean
E01016864,E05015418,533746,104747,Longhill,DS_Varndean,E01016864|Longhill|DS_Varndean
E01016864,E05015418,533722,104634,Longhill,DS_Varndean,E01016864|Longhill|DS_Varndean
E01016864,E05015418,533653,104702,Longhill,DS_Varndean,E01016864|Longhill|DS_Varndean
E01016865,E05015418,533666,104963,Longhill,DS_Varndean,E01016865|Longhill|DS_Varndean
E01016865,E05015418,533661,105210,Longhill,DS_Varndean,E01016865|Longhill|DS_Varndean
E01016865,E05015418,533634,105194,Longhill,DS_Varndean,E01016865|Longhill|DS_Varndean
E01016866,E05015418,533798,104298,Longhill,DS_Varndean,E01016866|Longhill|DS_Varndean
E01016866,E05015418,533691,104010,Longhill,DS_Varndean,E01016866|Longhill|DS_Varndean
E01016864,E05015418,533722,104826,Longhill,DS_Varndean,E01016864|Longhill|DS_Varndean
E01016866,E05015418,533742,104374,Longhill,DS_Varndean,E01016866|Longhill|DS_Varndean
E01016864,E05015418,533586,105391,Longhill,DS_Varndean,E01016864|Longhill|DS_Varndean
E01016865,E05015418,533635,105391,Longhill,DS_Varndean,E01016865|Longhill|DS_Varndean
E01016865,E05015418,533650,105332,Longhill,DS_Varndean,E01016865|Longhill|DS_Varndean
E01016864,E05015418,533624,105436,Longhill,DS_Varndean,E01016864|Longhill|DS_Varndean
E01016864,E05015418,533593,105460,Longhill,DS_Varndean,E01016864|Longhill|DS_Varndean
E01016864,E05015418,533565,105469,Longhill,DS_Varndean,E01016864|Longhill|DS_Varndean
E01016864,E05015418,533537,105482,Longhill,DS_Varndean,E01016864|Longhill|DS_Varndean
E01016864,E05015418,533514,105470,Longhill,DS_Varndean,E01016864|Longhill|DS_Varndean
E01016865,E05015418,533541,105247,Longhill,DS_Varndean,E01016865|Longhill|DS_Varndean
E01016865,E05015418,533488,105209,Longhill,DS_Varndean,E01016865|Longhill|DS_Varndean
E01016866,E05015418,533607,104728,Longhill,DS_Varndean,E01016866|Longhill|DS_Varndean
E01016865,E05015418,533604,104814,Longhill,DS_Varndean,E01016865|Longhill|DS_Varndean
E01016865,E05015418,533636,104828,Longhill,DS_Varndean,E01016865|Longhill|DS_Varndean
E01016864,E05015418,533423,105177,Longhill,DS_Varndean,E01016864|Longhill|DS_Varndean
E01016864,E05015418,533428,105097,Longhill,DS_Varndean,E01016864|Longhill|DS_Varndean
E01016865,E05015418,533549,105128,Longhill,DS_Varndean,E01016865|Longhill|DS_Varndean
E01016865,E05015418,533563,105180,Longhill,DS_Varndean,E01016865|Longhill|DS_Varndean
E01016864,E05015418,533404,105015,Longhill,DS_Varndean,E01016864|Longhill|DS_Varndean
E01016865,E05015418,533452,105190,Longhill,DS_Varndean,E01016865|Longhill|DS_Varndean
E01016963,E05015418,533917,103545,Longhill,Longhill,E01016963|Longhill|Longhill
E01016963,E05015418,533772,103563,Longhill,Longhill,E01016963|Longhill|Longhill
E01016963,E05015418,533705,103520,Longhill,Longhill,E01016963|Longhill|Longhill
E01016963,E05015418,533987,103460,Longhill,Longhill,E01016963|Longhill|Longhill
E01016963,E05015418,533928,103529,Longhill,Longhill,E01016963|Longhill|Longhill
E01016957,E05015418,534539,103521,Longhill,Longhill,E01016957|Longhill|Longhill
E01016957,E05015418,534520,103475,Longhill,Longhill,E01016957|Longhill|Longhill
E01016957,E05015418,534473,103409,Longhill,Longhill,E01016957|Longhill|Longhill
E01016957,E05015418,534385,103248,Longhill,Longhill,E01016957|Longhill|Longhill
E01016957,E05015418,534546,103418,Longhill,Longhill,E01016957|Longhill|Longhill
E01016957,E05015418,534514,103424,Longhill,Longhill,E01016957|Longhill|Longhill
E01016957,E05015418,534960,103192,Longhill,Longhill,E01016957|Longhill|Longhill
E01016865,E05015418,533569,105038,Longhill,DS_Varndean,E01016865|Longhill|DS_Varndean
E01016963,E05015418,533644,103673,DS_Varndean,Longhill,E01016963|DS_Varndean|Longhill
E01016963,E05015405,533498,103664,DS_Varndean,Longhill,E01016963|DS_Varndean|Longhill
E01016963,E05015418,533585,103725,DS_Varndean,Longhill,E01016963|DS_Varndean|Longhill
E01016963,E05015405,533413,103433,DS_Varndean,Longhill,E01016963|DS_Varndean|Longhill
E01016957,E05015418,534138,103540,Longhill,Longhill,E01016957|Longhill|Longhill
E01016957,E05015418,534247,103033,Longhill,Longhill,E01016957|Longhill|Longhill
E01016957,E05015418,534247,103033,Longhill,Longhill,E01016957|Longhill|Longhill
E01016957,E05015418,534153,103064,Longhill,Longhill,E01016957|Longhill|Longhill
E01016957,E05015418,534153,103064,Longhill,Longhill,E01016957|Longhill|Longhill
E01016957,E05015418,533914,103082,Longhill,Longhill,E01016957|Longhill|Longhill
E01016957,E05015418,533914,103082,Longhill,Longhill,E01016957|Longhill|Longhill
E01016963,E05015405,533380,103575,DS_Varndean,Longhill,E01016963|DS_Varndean|Longhill
E01016963,E05015405,533436,103649,DS_Varndean,Longhill,E01016963|DS_Varndean|Longhill
E01016963,E05015405,533431,103513,DS_Varndean,Longhill,E01016963|DS_Varndean|Longhill
E01016963,E05015405,533400,103516,DS_Varndean,Longhill,E01016963|DS_Varndean|Longhill
E01016963,E05015405,533415,103466,DS_Varndean,Longhill,E01016963|DS_Varndean|Longhill
E01016963,E05015405,533488,103522,DS_Varndean,Longhill,E01016963|DS_Varndean|Longhill
E01016963,E05015405,533465,103530,DS_Varndean,Longhill,E01016963|DS_Varndean|Longhill
E01016963,E05015418,533531,103616,DS_Varndean,Longhill,E01016963|DS_Varndean|Longhill
E01016957,E05015418,533676,103456,Longhill,Longhill,E01016957|Longhill|Longhill
E01016957,E05015418,533676,103456,Longhill,Longhill,E01016957|Longhill|Longhill
E01016957,E05015418,533676,103456,Longhill,Longhill,E01016957|Longhill|Longhill
E01016963,E05015418,533657,103570,Longhill,Longhill,E01016963|Longhill|Longhill
E01016864,E05015418,534077,104110,Longhill,Longhill,E01016864|Longhill|Longhill
E01016963,E05015405,533348,103620,DS_Varndean,Longhill,E01016963|DS_Varndean|Longhill
E01016963,E05015405,533440,103669,DS_Varndean,Longhill,E01016963|DS_Varndean|Longhill
E01016864,E05015418,533922,103825,Longhill,Longhill,E01016864|Longhill|Longhill
E01016963,E05015405,533464,103403,DS_Varndean,Longhill,E01016963|DS_Varndean|Longhill
E01016957,E05015418,533905,103173,Longhill,Longhill,E01016957|Longhill|Longhill
E01016957,E05015418,534425,103002,Longhill,Longhill,E01016957|Longhill|Longhill
E01016957,E05015418,533835,102964,Longhill,Longhill,E01016957|Longhill|Longhill
E01016957,E05015418,534180,102871,Longhill,Longhill,E01016957|Longhill|Longhill
E01016957,E05015418,533581,103090,Longhill,Longhill,E01016957|Longhill|Longhill
E01016957,E05015418,533788,103261,Longhill,Longhill,E01016957|Longhill|Longhill
E01016957,E05015418,533830,103190,Longhill,Longhill,E01016957|Longhill|Longhill
E01016957,E05015418,533855,103282,Longhill,Longhill,E01016957|Longhill|Longhill
E01016957,E05015418,534002,103196,Longhill,Longhill,E01016957|Longhill|Longhill
E01016957,E05015418,533896,103290,Longhill,Longhill,E01016957|Longhill|Longhill
E01016957,E05015418,533803,103195,Longhill,Longhill,E01016957|Longhill|Longhill
E01016957,E05015418,533765,103247,Longhill,Longhill,E01016957|Longhill|Longhill
E01016957,E05015418,533892,103252,Longhill,Longhill,E01016957|Longhill|Longhill
E01016957,E05015418,534061,103129,Longhill,Longhill,E01016957|Longhill|Longhill
E01016957,E05015418,534088,103045,Longhill,Longhill,E01016957|Longhill|Longhill
E01016957,E05015418,534088,103045,Longhill,Longhill,E01016957|Longhill|Longhill
E01016957,E05015418,534132,103178,Longhill,Longhill,E01016957|Longhill|Longhill
E01016957,E05015418,534163,103122,Longhill,Longhill,E01016957|Longhill|Longhill
E01016957,E05015418,534237,103090,Longhill,Longhill,E01016957|Longhill|Longhill
E01016957,E05015418,534301,103092,Longhill,Longhill,E01016957|Longhill|Longhill
E01016957,E05015418,534343,102982,Longhill,Longhill,E01016957|Longhill|Longhill
E01016957,E05015418,534025,103059,Longhill,Longhill,E01016957|Longhill|Longhill
E01016957,E05015418,534025,103059,Longhill,Longhill,E01016957|Longhill|Longhill
E01016957,E05015418,534775,103378,Longhill,Longhill,E01016957|Longhill|Longhill
E01016963,E05015405,533327,103722,DS_Varndean,Longhill,E01016963|DS_Varndean|Longhill
E01016869,E05015418,533207,103856,DS_Varndean,Longhill,E01016869|DS_Varndean|Longhill
E01016869,E05015418,533169,103831,DS_Varndean,Longhill,E01016869|DS_Varndean|Longhill
E01016957,E05015418,533672,102993,Longhill,Longhill,E01016957|Longhill|Longhill
E01016957,E05015418,533658,102960,Longhill,Longhill,E01016957|Longhill|Longhill
E01016957,E05015418,533682,103055,Longhill,Longhill,E01016957|Longhill|Longhill
E01016957,E05015418,533672,103022,Longhill,Longhill,E01016957|Longhill|Longhill
E01016868,E05015418,533632,104081,Longhill,DS_Varndean,E01016868|Longhill|DS_Varndean
E01016963,E05015405,533323,103718,DS_Varndean,Longhill,E01016963|DS_Varndean|Longhill
E01016866,E05015418,533366,104647,Longhill,DS_Varndean,E01016866|Longhill|DS_Varndean
E01016963,E05015405,533340,103478,DS_Varndean,Longhill,E01016963|DS_Varndean|Longhill
E01016910,E05015406,533506,105835,Longhill,Longhill,E01016910|Longhill|Longhill
E01016910,E05015406,533609,105803,Longhill,Longhill,E01016910|Longhill|Longhill
E01017008,E05015420,535102,106241,Longhill,Longhill,E01017008|Longhill|Longhill
E01017012,E05015420,536389,105002,Longhill,Longhill,E01017012|Longhill|Longhill
E01017007,E05015420,535819,106258,Longhill,Longhill,E01017007|Longhill|Longhill
E01017008,E05015420,534676,105879,Longhill,Longhill,E01017008|Longhill|Longhill
E01017009,E05015420,536329,105181,Longhill,Longhill,E01017009|Longhill|Longhill
E01017010,E05015420,535853,105929,Longhill,Longhill,E01017010|Longhill|Longhill
E01017007,E05015420,535298,105799,Longhill,Longhill,E01017007|Longhill|Longhill
E01017007,E05015420,535428,105832,Longhill,Longhill,E01017007|Longhill|Longhill
E01017008,E05015420,535550,106054,Longhill,Longhill,E01017008|Longhill|Longhill
E01017008,E05015420,535483,106055,Longhill,Longhill,E01017008|Longhill|Longhill
E01017008,E05015420,535406,105996,Longhill,Longhill,E01017008|Longhill|Longhill
E01017008,E05015420,535277,105968,Longhill,Longhill,E01017008|Longhill|Longhill
E01017008,E05015420,535322,105933,Longhill,Longhill,E01017008|Longhill|Longhill
E01017008,E05015420,535202,105939,Longhill,Longhill,E01017008|Longhill|Longhill
E01017008,E05015420,535165,105809,Longhill,Longhill,E01017008|Longhill|Longhill
E01017008,E05015420,535080,105889,Longhill,Longhill,E01017008|Longhill|Longhill
E01017008,E05015420,535127,105918,Longhill,Longhill,E01017008|Longhill|Longhill
E01017008,E05015420,535503,106122,Longhill,Longhill,E01017008|Longhill|Longhill
E01017008,E05015420,535509,106041,Longhill,Longhill,E01017008|Longhill|Longhill
E01017007,E05015420,535246,105721,Longhill,Longhill,E01017007|Longhill|Longhill
E01017008,E05015420,535170,105767,Longhill,Longhill,E01017008|Longhill|Longhill
E01017008,E05015420,534841,105657,Longhill,Longhill,E01017008|Longhill|Longhill
E01017008,E05015420,535062,105852,Longhill,Longhill,E01017008|Longhill|Longhill
E01017008,E05015420,534996,105819,Longhill,Longhill,E01017008|Longhill|Longhill
E01017008,E05015420,534532,105620,Longhill,Longhill,E01017008|Longhill|Longhill
E01017008,E05015420,534608,105624,Longhill,Longhill,E01017008|Longhill|Longhill
E01017008,E05015420,534750,105778,Longhill,Longhill,E01017008|Longhill|Longhill
E01017008,E05015420,534792,105846,Longhill,Longhill,E01017008|Longhill|Longhill
E01017008,E05015420,534525,105746,Longhill,Longhill,E01017008|Longhill|Longhill
E01017008,E05015420,534612,105783,Longhill,Longhill,E01017008|Longhill|Longhill
E01017008,E05015420,534608,105668,Longhill,Longhill,E01017008|Longhill|Longhill
E01017008,E05015420,534832,105761,Longhill,Longhill,E01017008|Longhill|Longhill
E01017008,E05015420,534793,105699,Longhill,Longhill,E01017008|Longhill|Longhill
E01017008,E05015420,534590,105551,Longhill,Longhill,E01017008|Longhill|Longhill
E01017007,E05015420,535468,105573,Longhill,Longhill,E01017007|Longhill|Longhill
E01017008,E05015420,535164,105640,Longhill,Longhill,E01017008|Longhill|Longhill
E01017012,E05015420,535965,104848,Longhill,Longhill,E01017012|Longhill|Longhill
E01017012,E05015420,536198,104892,Longhill,Longhill,E01017012|Longhill|Longhill
E01017012,E05015420,536153,104930,Longhill,Longhill,E01017012|Longhill|Longhill
E01017012,E05015420,536267,104981,Longhill,Longhill,E01017012|Longhill|Longhill
E01017012,E05015420,536127,104830,Longhill,Longhill,E01017012|Longhill|Longhill
E01017010,E05015420,535825,105205,Longhill,Longhill,E01017010|Longhill|Longhill
E01017010,E05015420,535668,105574,Longhill,Longhill,E01017010|Longhill|Longhill
E01017010,E05015420,535881,105265,Longhill,Longhill,E01017010|Longhill|Longhill
E01017010,E05015420,535843,105432,Longhill,Longhill,E01017010|Longhill|Longhill
E01017007,E05015420,535883,105745,Longhill,Longhill,E01017007|Longhill|Longhill
E01017007,E05015420,535842,105760,Longhill,Longhill,E01017007|Longhill|Longhill
E01017010,E05015420,535883,105891,Longhill,Longhill,E01017010|Longhill|Longhill
E01017010,E05015420,535768,105519,Longhill,Longhill,E01017010|Longhill|Longhill
E01017010,E05015420,535803,105504,Longhill,Longhill,E01017010|Longhill|Longhill
E01017007,E05015420,535651,106026,Longhill,Longhill,E01017007|Longhill|Longhill
E01017010,E05015420,535659,105732,Longhill,Longhill,E01017010|Longhill|Longhill
E01017007,E05015420,535645,105858,Longhill,Longhill,E01017007|Longhill|Longhill
E01017010,E05015420,535738,105721,Longhill,Longhill,E01017010|Longhill|Longhill
E01017007,E05015420,535834,106156,Longhill,Longhill,E01017007|Longhill|Longhill
E01017007,E05015420,535899,106112,Longhill,Longhill,E01017007|Longhill|Longhill
E01017007,E05015420,535953,106212,Longhill,Longhill,E01017007|Longhill|Longhill
E01017007,E05015420,536064,106255,Longhill,Longhill,E01017007|Longhill|Longhill
E01017007,E05015420,536130,106138,Longhill,Longhill,E01017007|Longhill|Longhill
E01017007,E05015420,536104,106222,Longhill,Longhill,E01017007|Longhill|Longhill
E01017007,E05015420,536180,106201,Longhill,Longhill,E01017007|Longhill|Longhill
E01017007,E05015420,536259,106160,Longhill,Longhill,E01017007|Longhill|Longhill
E01017007,E05015420,535655,106271,Longhill,Longhill,E01017007|Longhill|Longhill
E01017007,E05015420,535749,106191,Longhill,Longhill,E01017007|Longhill|Longhill
E01017012,E05015420,535994,105088,Longhill,Longhill,E01017012|Longhill|Longhill
E01017010,E05015420,535977,105316,Longhill,Longhill,E01017010|Longhill|Longhill
E01017010,E05015420,536002,105614,Longhill,Longhill,E01017010|Longhill|Longhill
E01017010,E05015420,535919,105866,Longhill,Longhill,E01017010|Longhill|Longhill
E01017010,E05015420,536134,106025,Longhill,Longhill,E01017010|Longhill|Longhill
E01017007,E05015420,536132,106072,Longhill,Longhill,E01017007|Longhill|Longhill
E01017007,E05015420,535713,105987,Longhill,Longhill,E01017007|Longhill|Longhill
E01017007,E05015420,535691,105929,Longhill,Longhill,E01017007|Longhill|Longhill
E01017012,E05015420,536030,105119,Longhill,Longhill,E01017012|Longhill|Longhill
E01017007,E05015420,535792,105950,Longhill,Longhill,E01017007|Longhill|Longhill
E01017007,E05015420,535721,105941,Longhill,Longhill,E01017007|Longhill|Longhill
E01017007,E05015420,536130,106276,Longhill,Longhill,E01017007|Longhill|Longhill
E01017011,E05015420,536540,106005,Longhill,Longhill,E01017011|Longhill|Longhill
E01017010,E05015420,536463,106024,Longhill,Longhill,E01017010|Longhill|Longhill
E01017011,E05015420,536609,105991,Longhill,Longhill,E01017011|Longhill|Longhill
E01017011,E05015420,536667,105951,Longhill,Longhill,E01017011|Longhill|Longhill
E01017011,E05015420,536632,105816,Longhill,Longhill,E01017011|Longhill|Longhill
E01017011,E05015420,536729,105704,Longhill,Longhill,E01017011|Longhill|Longhill
E01017011,E05015420,536751,105816,Longhill,Longhill,E01017011|Longhill|Longhill
E01017011,E05015420,536788,105667,Longhill,Longhill,E01017011|Longhill|Longhill
E01017011,E05015420,536664,105745,Longhill,Longhill,E01017011|Longhill|Longhill
E01017011,E05015420,536690,105648,Longhill,Longhill,E01017011|Longhill|Longhill
E01017012,E05015420,536136,105048,Longhill,Longhill,E01017012|Longhill|Longhill
E01017012,E05015420,536183,105021,Longhill,Longhill,E01017012|Longhill|Longhill
E01017009,E05015420,536276,105273,Longhill,Longhill,E01017009|Longhill|Longhill
E01017012,E05015420,536226,105136,Longhill,Longhill,E01017012|Longhill|Longhill
E01017009,E05015420,536341,105389,Longhill,Longhill,E01017009|Longhill|Longhill
E01017009,E05015420,536382,105433,Longhill,Longhill,E01017009|Longhill|Longhill
E01017009,E05015420,536447,105597,Longhill,Longhill,E01017009|Longhill|Longhill
E01017009,E05015420,536486,105600,Longhill,Longhill,E01017009|Longhill|Longhill
E01017009,E05015420,536308,105718,Longhill,Longhill,E01017009|Longhill|Longhill
E01017009,E05015420,536429,105789,Longhill,Longhill,E01017009|Longhill|Longhill
E01017010,E05015420,536286,105839,Longhill,Longhill,E01017010|Longhill|Longhill
E01017012,E05015420,536185,105222,Longhill,Longhill,E01017012|Longhill|Longhill
E01017009,E05015420,536292,105533,Longhill,Longhill,E01017009|Longhill|Longhill
E01017009,E05015420,536279,105460,Longhill,Longhill,E01017009|Longhill|Longhill
E01017012,E05015420,536124,105120,Longhill,Longhill,E01017012|Longhill|Longhill
E01017009,E05015420,536582,105272,Longhill,Longhill,E01017009|Longhill|Longhill
E01017009,E05015420,536544,105287,Longhill,Longhill,E01017009|Longhill|Longhill
E01017009,E05015420,536536,105109,Longhill,Longhill,E01017009|Longhill|Longhill
E01017009,E05015420,536477,105288,Longhill,Longhill,E01017009|Longhill|Longhill
E01017009,E05015420,536574,105601,Longhill,Longhill,E01017009|Longhill|Longhill
E01017011,E05015420,536605,105665,Longhill,Longhill,E01017011|Longhill|Longhill
E01017009,E05015420,536599,105208,Longhill,Longhill,E01017009|Longhill|Longhill
E01017009,E05015420,536506,105754,Longhill,Longhill,E01017009|Longhill|Longhill
E01017010,E05015420,536446,105971,Longhill,Longhill,E01017010|Longhill|Longhill
E01017010,E05015420,536424,105893,Longhill,Longhill,E01017010|Longhill|Longhill
E01017010,E05015420,536078,105914,Longhill,Longhill,E01017010|Longhill|Longhill
E01017010,E05015420,536103,105876,Longhill,Longhill,E01017010|Longhill|Longhill
E01017010,E05015420,536213,105832,Longhill,Longhill,E01017010|Longhill|Longhill
E01017010,E05015420,535995,105953,Longhill,Longhill,E01017010|Longhill|Longhill
E01017009,E05015420,536501,105058,Longhill,Longhill,E01017009|Longhill|Longhill
E01017010,E05015420,536269,105988,Longhill,Longhill,E01017010|Longhill|Longhill
E01017010,E05015420,536455,105840,Longhill,Longhill,E01017010|Longhill|Longhill
E01017009,E05015420,536445,105042,Longhill,Longhill,E01017009|Longhill|Longhill
E01017012,E05015420,536425,104936,Longhill,Longhill,E01017012|Longhill|Longhill
E01017012,E05015420,536531,104958,Longhill,Longhill,E01017012|Longhill|Longhill
E01017009,E05015420,536522,104997,Longhill,Longhill,E01017009|Longhill|Longhill
E01017009,E05015420,536608,105078,Longhill,Longhill,E01017009|Longhill|Longhill
E01017011,E05015420,536760,105228,Longhill,Longhill,E01017011|Longhill|Longhill
E01017011,E05015420,536799,105202,Longhill,Longhill,E01017011|Longhill|Longhill
E01017011,E05015420,536692,105248,Longhill,Longhill,E01017011|Longhill|Longhill
E01017011,E05015420,536726,105227,Longhill,Longhill,E01017011|Longhill|Longhill
E01017011,E05015420,536639,105310,Longhill,Longhill,E01017011|Longhill|Longhill
E01017011,E05015420,536735,105520,Longhill,Longhill,E01017011|Longhill|Longhill
E01017012,E05015420,536684,104947,Longhill,Longhill,E01017012|Longhill|Longhill
E01017012,E05015420,536549,104916,Longhill,Longhill,E01017012|Longhill|Longhill
E01017011,E05015420,536712,105445,Longhill,Longhill,E01017011|Longhill|Longhill
E01017011,E05015420,536659,105387,Longhill,Longhill,E01017011|Longhill|Longhill
E01017011,E05015420,536626,105109,Longhill,Longhill,E01017011|Longhill|Longhill
E01017010,E05015420,536151,105806,Longhill,Longhill,E01017010|Longhill|Longhill
E01017010,E05015420,536064,105797,Longhill,Longhill,E01017010|Longhill|Longhill
E01017010,E05015420,536131,105744,Longhill,Longhill,E01017010|Longhill|Longhill
E01017010,E05015420,536070,105617,Longhill,Longhill,E01017010|Longhill|Longhill
E01017010,E05015420,536079,105397,Longhill,Longhill,E01017010|Longhill|Longhill
E01017009,E05015420,536138,105345,Longhill,Longhill,E01017009|Longhill|Longhill
E01017009,E05015420,536220,105408,Longhill,Longhill,E01017009|Longhill|Longhill
E01017009,E05015420,536181,105468,Longhill,Longhill,E01017009|Longhill|Longhill
E01017009,E05015420,536157,105441,Longhill,Longhill,E01017009|Longhill|Longhill
E01017012,E05015420,536293,104528,Longhill,Longhill,E01017012|Longhill|Longhill
E01017012,E05015420,536424,104596,Longhill,Longhill,E01017012|Longhill|Longhill
E01017012,E05015420,536456,104764,Longhill,Longhill,E01017012|Longhill|Longhill
E01017012,E05015420,536227,104710,Longhill,Longhill,E01017012|Longhill|Longhill
E01017012,E05015420,536270,104685,Longhill,Longhill,E01017012|Longhill|Longhill
E01017012,E05015420,536329,104809,Longhill,Longhill,E01017012|Longhill|Longhill
E01017012,E05015420,536355,104674,Longhill,Longhill,E01017012|Longhill|Longhill
E01017012,E05015420,536405,104642,Longhill,Longhill,E01017012|Longhill|Longhill
E01017012,E05015420,536563,104810,Longhill,Longhill,E01017012|Longhill|Longhill
E01017012,E05015420,536597,104787,Longhill,Longhill,E01017012|Longhill|Longhill
E01016962,E05015412,536053,104277,Longhill,Longhill,E01016962|Longhill|Longhill
E01016962,E05015412,536025,104041,Longhill,Longhill,E01016962|Longhill|Longhill
E01016962,E05015412,535990,104326,Longhill,Longhill,E01016962|Longhill|Longhill
E01016962,E05015412,535582,103832,Longhill,Longhill,E01016962|Longhill|Longhill
E01016960,E05015412,537006,102298,Longhill,Longhill,E01016960|Longhill|Longhill
E01016962,E05015412,535775,103844,Longhill,Longhill,E01016962|Longhill|Longhill
E01016962,E05015412,536111,103558,Longhill,Longhill,E01016962|Longhill|Longhill
E01016962,E05015412,535657,103613,Longhill,Longhill,E01016962|Longhill|Longhill
E01016960,E05015412,537058,102097,Longhill,Longhill,E01016960|Longhill|Longhill
E01016962,E05015412,535594,103613,Longhill,Longhill,E01016962|Longhill|Longhill
E01016962,E05015412,535668,103851,Longhill,Longhill,E01016962|Longhill|Longhill
E01016962,E05015412,535863,103819,Longhill,Longhill,E01016962|Longhill|Longhill
E01016962,E05015412,536145,103431,Longhill,Longhill,E01016962|Longhill|Longhill
E01016962,E05015412,536092,103420,Longhill,Longhill,E01016962|Longhill|Longhill
E01016962,E05015412,535984,103337,Longhill,Longhill,E01016962|Longhill|Longhill
E01016962,E05015412,535923,103494,Longhill,Longhill,E01016962|Longhill|Longhill
E01016962,E05015412,535913,103257,Longhill,Longhill,E01016962|Longhill|Longhill
E01016962,E05015412,536117,103194,Longhill,Longhill,E01016962|Longhill|Longhill
E01016962,E05015412,535548,103729,Longhill,Longhill,E01016962|Longhill|Longhill
E01016962,E05015412,535688,103867,Longhill,Longhill,E01016962|Longhill|Longhill
E01016957,E05015412,536195,102729,Longhill,Longhill,E01016957|Longhill|Longhill
E01016962,E05015412,535921,103832,Longhill,Longhill,E01016962|Longhill|Longhill
E01016962,E05015412,536085,103672,Longhill,Longhill,E01016962|Longhill|Longhill
E01016962,E05015412,536008,103468,Longhill,Longhill,E01016962|Longhill|Longhill
E01016962,E05015412,536089,103841,Longhill,Longhill,E01016962|Longhill|Longhill
E01016962,E05015412,536142,103726,Longhill,Longhill,E01016962|Longhill|Longhill
E01016962,E05015412,536162,103772,Longhill,Longhill,E01016962|Longhill|Longhill
E01016960,E05015412,536715,103022,Longhill,Longhill,E01016960|Longhill|Longhill
E01016960,E05015412,536970,102957,Longhill,Longhill,E01016960|Longhill|Longhill
E01016960,E05015412,536895,102780,Longhill,Longhill,E01016960|Longhill|Longhill
E01016959,E05015412,536962,102654,Longhill,Longhill,E01016959|Longhill|Longhill
E01016959,E05015412,537026,102634,Longhill,Longhill,E01016959|Longhill|Longhill
E01016959,E05015412,536984,102740,Longhill,Longhill,E01016959|Longhill|Longhill
E01016959,E05015412,537117,102684,Longhill,Longhill,E01016959|Longhill|Longhill
E01016959,E05015412,537435,102952,Longhill,Longhill,E01016959|Longhill|Longhill
E01016960,E05015412,537435,102997,Longhill,Longhill,E01016960|Longhill|Longhill
E01016960,E05015412,537399,103114,Longhill,Longhill,E01016960|Longhill|Longhill
E01016960,E05015412,537234,102906,Longhill,Longhill,E01016960|Longhill|Longhill
E01016960,E05015412,537073,102858,Longhill,Longhill,E01016960|Longhill|Longhill
E01016960,E05015412,537090,102763,Longhill,Longhill,E01016960|Longhill|Longhill
E01016959,E05015412,537466,102938,Longhill,Longhill,E01016959|Longhill|Longhill
E01016960,E05015412,536829,102816,Longhill,Longhill,E01016960|Longhill|Longhill
E01016960,E05015412,536817,102837,Longhill,Longhill,E01016960|Longhill|Longhill
E01016960,E05015412,536745,102817,Longhill,Longhill,E01016960|Longhill|Longhill
E01016960,E05015412,536718,102915,Longhill,Longhill,E01016960|Longhill|Longhill
E01016960,E05015412,536824,102733,Longhill,Longhill,E01016960|Longhill|Longhill
E01016960,E05015412,536972,102843,Longhill,Longhill,E01016960|Longhill|Longhill
E01016960,E05015412,537212,102833,Longhill,Longhill,E01016960|Longhill|Longhill
E01016960,E05015412,536638,103026,Longhill,Longhill,E01016960|Longhill|Longhill
E01016960,E05015412,536607,103191,Longhill,Longhill,E01016960|Longhill|Longhill
E01016960,E05015412,536517,103122,Longhill,Longhill,E01016960|Longhill|Longhill
E01016960,E05015412,536497,103213,Longhill,Longhill,E01016960|Longhill|Longhill
E01016962,E05015412,536381,103331,Longhill,Longhill,E01016962|Longhill|Longhill
E01016962,E05015412,536286,103565,Longhill,Longhill,E01016962|Longhill|Longhill
E01016962,E05015412,536345,103612,Longhill,Longhill,E01016962|Longhill|Longhill
E01016960,E05015412,536425,103354,Longhill,Longhill,E01016960|Longhill|Longhill
E01016960,E05015412,536594,103283,Longhill,Longhill,E01016960|Longhill|Longhill
E01016960,E05015412,536530,103381,Longhill,Longhill,E01016960|Longhill|Longhill
E01016962,E05015412,536481,103464,Longhill,Longhill,E01016962|Longhill|Longhill
E01016962,E05015412,536436,103629,Longhill,Longhill,E01016962|Longhill|Longhill
E01016962,E05015412,536461,103596,Longhill,Longhill,E01016962|Longhill|Longhill
E01016962,E05015412,536215,103810,Longhill,Longhill,E01016962|Longhill|Longhill
E01016962,E05015412,536539,103673,Longhill,Longhill,E01016962|Longhill|Longhill
E01016960,E05015412,536583,103230,Longhill,Longhill,E01016960|Longhill|Longhill
E01016960,E05015412,536888,102381,Longhill,Longhill,E01016960|Longhill|Longhill
E01016961,E05015412,537644,102081,Longhill,Longhill,E01016961|Longhill|Longhill
E01016960,E05015412,536542,103323,Longhill,Longhill,E01016960|Longhill|Longhill
E01016960,E05015412,537012,102354,Longhill,Longhill,E01016960|Longhill|Longhill
E01016960,E05015412,537058,102452,Longhill,Longhill,E01016960|Longhill|Longhill
E01016960,E05015412,537095,102327,Longhill,Longhill,E01016960|Longhill|Longhill
E01016959,E05015412,537222,102264,Longhill,Longhill,E01016959|Longhill|Longhill
E01016959,E05015412,537322,102119,Longhill,Longhill,E01016959|Longhill|Longhill
E01016959,E05015412,537526,102133,Longhill,Longhill,E01016959|Longhill|Longhill
E01016959,E05015412,537409,102162,Longhill,Longhill,E01016959|Longhill|Longhill
E01016959,E05015412,537287,102326,Longhill,Longhill,E01016959|Longhill|Longhill
E01016959,E05015412,537366,102198,Longhill,Longhill,E01016959|Longhill|Longhill
E01016959,E05015412,537430,102374,Longhill,Longhill,E01016959|Longhill|Longhill
E01016959,E05015412,537612,102344,Longhill,Longhill,E01016959|Longhill|Longhill
E01016959,E05015412,537548,102229,Longhill,Longhill,E01016959|Longhill|Longhill
E01016959,E05015412,537517,102260,Longhill,Longhill,E01016959|Longhill|Longhill
E01016959,E05015412,537347,102372,Longhill,Longhill,E01016959|Longhill|Longhill
E01016959,E05015412,537455,102110,Longhill,Longhill,E01016959|Longhill|Longhill
E01016959,E05015412,537596,102164,Longhill,Longhill,E01016959|Longhill|Longhill
E01016959,E05015412,537563,102088,Longhill,Longhill,E01016959|Longhill|Longhill
E01016962,E05015412,536100,104220,Longhill,Longhill,E01016962|Longhill|Longhill
E01016960,E05015412,536772,102263,Longhill,Longhill,E01016960|Longhill|Longhill
E01016959,E05015412,536884,102544,Longhill,Longhill,E01016959|Longhill|Longhill
E01016959,E05015412,537084,102552,Longhill,Longhill,E01016959|Longhill|Longhill
E01016959,E05015412,536954,102469,Longhill,Longhill,E01016959|Longhill|Longhill
E01016960,E05015412,536928,102349,Longhill,Longhill,E01016960|Longhill|Longhill
E01016960,E05015412,536956,102343,Longhill,Longhill,E01016960|Longhill|Longhill
E01016960,E05015412,536813,102392,Longhill,Longhill,E01016960|Longhill|Longhill
E01016960,E05015412,536811,102359,Longhill,Longhill,E01016960|Longhill|Longhill
E01016960,E05015412,536834,102234,Longhill,Longhill,E01016960|Longhill|Longhill
E01016960,E05015412,536882,102268,Longhill,Longhill,E01016960|Longhill|Longhill
E01016960,E05015412,536832,102310,Longhill,Longhill,E01016960|Longhill|Longhill
E01016960,E05015412,536908,102230,Longhill,Longhill,E01016960|Longhill|Longhill
E01016960,E05015412,537043,102208,Longhill,Longhill,E01016960|Longhill|Longhill
E01016960,E05015412,537014,102182,Longhill,Longhill,E01016960|Longhill|Longhill
E01016960,E05015412,537042,102164,Longhill,Longhill,E01016960|Longhill|Longhill
E01016960,E05015412,536972,102463,Longhill,Longhill,E01016960|Longhill|Longhill
E01016959,E05015412,536997,102459,Longhill,Longhill,E01016959|Longhill|Longhill
E01016960,E05015412,536921,102258,Longhill,Longhill,E01016960|Longhill|Longhill
E01016960,E05015412,537137,102208,Longhill,Longhill,E01016960|Longhill|Longhill
E01016959,E05015412,536927,102471,Longhill,Longhill,E01016959|Longhill|Longhill
E01016960,E05015412,536902,102306,Longhill,Longhill,E01016960|Longhill|Longhill
E01016960,E05015412,536810,102257,Longhill,Longhill,E01016960|Longhill|Longhill
E01016960,E05015412,537044,102119,Longhill,Longhill,E01016960|Longhill|Longhill
E01016960,E05015412,536888,102381,Longhill,Longhill,E01016960|Longhill|Longhill
E01016960,E05015412,536904,102248,Longhill,Longhill,E01016960|Longhill|Longhill
E01016960,E05015412,537123,102242,Longhill,Longhill,E01016960|Longhill|Longhill
E01016962,E05015412,537736,104131,Longhill,Longhill,E01016962|Longhill|Longhill
E01016960,E05015412,536814,102432,Longhill,Longhill,E01016960|Longhill|Longhill
E01016960,E05015412,536883,102419,Longhill,Longhill,E01016960|Longhill|Longhill
E01016960,E05015412,537043,102259,Longhill,Longhill,E01016960|Longhill|Longhill
E01016960,E05015412,536888,102381,Longhill,Longhill,E01016960|Longhill|Longhill
E01016961,E05015412,537711,102070,Longhill,Longhill,E01016961|Longhill|Longhill
E01016961,E05015412,538461,102153,Longhill,Longhill,E01016961|Longhill|Longhill
E01016959,E05015412,537700,102157,Longhill,Longhill,E01016959|Longhill|Longhill
E01016961,E05015412,537774,102186,Longhill,Longhill,E01016961|Longhill|Longhill
E01016959,E05015412,537694,102287,Longhill,Longhill,E01016959|Longhill|Longhill
E01016959,E05015412,537819,102472,Longhill,Longhill,E01016959|Longhill|Longhill
E01016959,E05015412,537745,102498,Longhill,Longhill,E01016959|Longhill|Longhill
E01016959,E05015412,537655,102432,Longhill,Longhill,E01016959|Longhill|Longhill
E01016958,E05015412,537679,102739,Longhill,Longhill,E01016958|Longhill|Longhill
E01016958,E05015412,537716,102666,Longhill,Longhill,E01016958|Longhill|Longhill
E01016958,E05015412,537814,102854,Longhill,Longhill,E01016958|Longhill|Longhill
E01016959,E05015412,537821,102717,Longhill,Longhill,E01016959|Longhill|Longhill
E01016959,E05015412,537951,102558,Longhill,Longhill,E01016959|Longhill|Longhill
E01016958,E05015412,537896,102745,Longhill,Longhill,E01016958|Longhill|Longhill
E01016958,E05015412,538004,102627,Longhill,Longhill,E01016958|Longhill|Longhill
E01016959,E05015412,537769,102356,Longhill,Longhill,E01016959|Longhill|Longhill
E01016959,E05015412,537876,102429,Longhill,Longhill,E01016959|Longhill|Longhill
E01016961,E05015412,538468,102113,Longhill,Longhill,E01016961|Longhill|Longhill
E01016961,E05015412,538465,102190,Longhill,Longhill,E01016961|Longhill|Longhill
E01016961,E05015412,538507,102143,Longhill,Longhill,E01016961|Longhill|Longhill
E01016961,E05015412,538397,102056,Longhill,Longhill,E01016961|Longhill|Longhill
E01016961,E05015412,538507,102143,Longhill,Longhill,E01016961|Longhill|Longhill
E01016961,E05015412,538487,102085,Longhill,Longhill,E01016961|Longhill|Longhill
E01016958,E05015412,538305,102577,Longhill,Longhill,E01016958|Longhill|Longhill
E01016958,E05015412,538112,102680,Longhill,Longhill,E01016958|Longhill|Longhill
E01016958,E05015412,538176,102587,Longhill,Longhill,E01016958|Longhill|Longhill
E01016958,E05015412,537933,102814,Longhill,Longhill,E01016958|Longhill|Longhill
E01016958,E05015412,537908,102790,Longhill,Longhill,E01016958|Longhill|Longhill
E01016958,E05015412,537974,102960,Longhill,Longhill,E01016958|Longhill|Longhill
E01016958,E05015412,537988,102872,Longhill,Longhill,E01016958|Longhill|Longhill
E01016958,E05015412,537913,103036,Longhill,Longhill,E01016958|Longhill|Longhill
E01016958,E05015412,538122,102825,Longhill,Longhill,E01016958|Longhill|Longhill
E01016956,E05015412,538335,102939,Longhill,Longhill,E01016956|Longhill|Longhill
E01016956,E05015412,538276,103037,Longhill,Longhill,E01016956|Longhill|Longhill
E01016958,E05015412,538120,103129,Longhill,Longhill,E01016958|Longhill|Longhill
E01016958,E05015412,538154,103100,Longhill,Longhill,E01016958|Longhill|Longhill
E01016958,E05015412,538240,103110,Longhill,Longhill,E01016958|Longhill|Longhill
E01016958,E05015412,538248,103065,Longhill,Longhill,E01016958|Longhill|Longhill
E01016958,E05015412,538413,103071,Longhill,Longhill,E01016958|Longhill|Longhill
E01016958,E05015412,538080,102756,Longhill,Longhill,E01016958|Longhill|Longhill
E01016958,E05015412,538310,102790,Longhill,Longhill,E01016958|Longhill|Longhill
E01016958,E05015412,538163,102646,Longhill,Longhill,E01016958|Longhill|Longhill
E01016958,E05015412,538243,102618,Longhill,Longhill,E01016958|Longhill|Longhill
E01016958,E05015412,538172,102934,Longhill,Longhill,E01016958|Longhill|Longhill
E01016961,E05015412,538436,102174,Longhill,Longhill,E01016961|Longhill|Longhill
E01016958,E05015412,538084,102656,Longhill,Longhill,E01016958|Longhill|Longhill
E01016959,E05015412,537851,103030,Longhill,Longhill,E01016959|Longhill|Longhill
E01016956,E05015412,538538,103358,Longhill,Longhill,E01016956|Longhill|Longhill
E01016956,E05015412,538416,102618,Longhill,Longhill,E01016956|Longhill|Longhill
E01016958,E05015412,538327,102859,Longhill,Longhill,E01016958|Longhill|Longhill
E01016956,E05015412,538429,102888,Longhill,Longhill,E01016956|Longhill|Longhill
E01016956,E05015412,538507,102951,Longhill,Longhill,E01016956|Longhill|Longhill
E01016956,E05015412,538572,103075,Longhill,Longhill,E01016956|Longhill|Longhill
E01016958,E05015412,538495,103274,Longhill,Longhill,E01016958|Longhill|Longhill
E01016956,E05015412,538494,103107,Longhill,Longhill,E01016956|Longhill|Longhill
E01016956,E05015412,538817,103273,Longhill,Longhill,E01016956|Longhill|Longhill
E01016956,E05015412,538841,103304,Longhill,Longhill,E01016956|Longhill|Longhill
E01016956,E05015412,539215,103320,Longhill,Longhill,E01016956|Longhill|Longhill
E01016956,E05015412,539095,103184,Longhill,Longhill,E01016956|Longhill|Longhill
E01016956,E05015412,539009,103110,Longhill,Longhill,E01016956|Longhill|Longhill
E01016956,E05015412,538904,103200,Longhill,Longhill,E01016956|Longhill|Longhill
E01016956,E05015412,538777,103189,Longhill,Longhill,E01016956|Longhill|Longhill
E01016956,E05015412,538664,103284,Longhill,Longhill,E01016956|Longhill|Longhill
E01016956,E05015412,538615,103253,Longhill,Longhill,E01016956|Longhill|Longhill
E01016958,E05015412,538341,102693,Longhill,Longhill,E01016958|Longhill|Longhill
E01016956,E05015412,538666,103594,Longhill,Longhill,E01016956|Longhill|Longhill
E01016961,E05015412,538276,101938,Longhill,Longhill,E01016961|Longhill|Longhill
E01016961,E05015412,538288,102029,Longhill,Longhill,E01016961|Longhill|Longhill
E01016961,E05015412,538292,102095,Longhill,Longhill,E01016961|Longhill|Longhill
E01016961,E05015412,538474,102272,Longhill,Longhill,E01016961|Longhill|Longhill
E01016961,E05015412,538356,102059,Longhill,Longhill,E01016961|Longhill|Longhill
E01016961,E05015412,538393,101994,Longhill,Longhill,E01016961|Longhill|Longhill
E01016961,E05015412,538371,102269,Longhill,Longhill,E01016961|Longhill|Longhill
E01016961,E05015412,538457,102257,Longhill,Longhill,E01016961|Longhill|Longhill
E01016961,E05015412,538325,102354,Longhill,Longhill,E01016961|Longhill|Longhill
E01016961,E05015412,538491,102332,Longhill,Longhill,E01016961|Longhill|Longhill
E01016961,E05015412,538552,102384,Longhill,Longhill,E01016961|Longhill|Longhill
E01016961,E05015412,538498,102535,Longhill,Longhill,E01016961|Longhill|Longhill
E01016961,E05015412,538600,102442,Longhill,Longhill,E01016961|Longhill|Longhill
E01016961,E05015412,538241,101974,Longhill,Longhill,E01016961|Longhill|Longhill
E01016961,E05015412,538257,101985,Longhill,Longhill,E01016961|Longhill|Longhill
E01016961,E05015412,538262,101942,Longhill,Longhill,E01016961|Longhill|Longhill
E01016956,E05015412,539132,103163,Longhill,Longhill,E01016956|Longhill|Longhill
E01016956,E05015412,538592,102798,Longhill,Longhill,E01016956|Longhill|Longhill
E01016956,E05015412,538612,102884,Longhill,Longhill,E01016956|Longhill|Longhill
E01016956,E05015412,538779,103048,Longhill,Longhill,E01016956|Longhill|Longhill
E01016956,E05015412,538660,102952,Longhill,Longhill,E01016956|Longhill|Longhill
E01016956,E05015412,538737,102993,Longhill,Longhill,E01016956|Longhill|Longhill
E01016956,E05015412,538626,103034,Longhill,Longhill,E01016956|Longhill|Longhill
E01016956,E05015412,538702,103117,Longhill,Longhill,E01016956|Longhill|Longhill
E01016956,E05015412,538597,103125,Longhill,Longhill,E01016956|Longhill|Longhill
E01016956,E05015412,538736,103184,Longhill,Longhill,E01016956|Longhill|Longhill
E01016956,E05015412,538954,103055,Longhill,Longhill,E01016956|Longhill|Longhill
E01016956,E05015412,538792,102978,Longhill,Longhill,E01016956|Longhill|Longhill
E01016956,E05015412,538675,102806,Longhill,Longhill,E01016956|Longhill|Longhill
E01016956,E05015412,538539,102732,Longhill,Longhill,E01016956|Longhill|Longhill
E01016961,E05015412,538470,102572,Longhill,Longhill,E01016961|Longhill|Longhill
E01016956,E05015412,538623,103205,Longhill,Longhill,E01016956|Longhill|Longhill
E01016961,E05015412,538673,102305,Longhill,Longhill,E01016961|Longhill|Longhill
E01016961,E05015412,537799,102040,Longhill,Longhill,E01016961|Longhill|Longhill
E01016961,E05015412,537853,102206,Longhill,Longhill,E01016961|Longhill|Longhill
E01016958,E05015412,538047,102511,Longhill,Longhill,E01016958|Longhill|Longhill
E01016958,E05015412,538150,102544,Longhill,Longhill,E01016958|Longhill|Longhill
E01016958,E05015412,538097,102451,Longhill,Longhill,E01016958|Longhill|Longhill
E01016961,E05015412,537979,102333,Longhill,Longhill,E01016961|Longhill|Longhill
E01016961,E05015412,537925,102183,Longhill,Longhill,E01016961|Longhill|Longhill
E01016961,E05015412,538008,102298,Longhill,Longhill,E01016961|Longhill|Longhill
E01016961,E05015412,538283,102181,Longhill,Longhill,E01016961|Longhill|Longhill
E01016961,E05015412,538162,101986,Longhill,Longhill,E01016961|Longhill|Longhill
E01016961,E05015412,538073,102075,Longhill,Longhill,E01016961|Longhill|Longhill
E01016961,E05015412,538069,101950,Longhill,Longhill,E01016961|Longhill|Longhill
E01016961,E05015412,537958,102028,Longhill,Longhill,E01016961|Longhill|Longhill
E01016960,E05015412,536888,102381,Longhill,Longhill,E01016960|Longhill|Longhill
E01016960,E05015412,536888,102381,Longhill,Longhill,E01016960|Longhill|Longhill
E01016960,E05015412,536888,102381,Longhill,Longhill,E01016960|Longhill|Longhill
E01016947,E05015410,531572,104658,DS_Varndean,DS_Varndean,E01016947|DS_Varndean|DS_Varndean
E01016947,E05015410,531547,104655,DS_Varndean,DS_Varndean,E01016947|DS_Varndean|DS_Varndean
E01016895,E05015403,532729,105062,DS_Varndean,DS_Varndean,E01016895|DS_Varndean|DS_Varndean
E01016895,E05015403,532751,105107,DS_Varndean,DS_Varndean,E01016895|DS_Varndean|DS_Varndean
E01016895,E05015403,532769,105055,DS_Varndean,DS_Varndean,E01016895|DS_Varndean|DS_Varndean
E01016895,E05015403,532768,105037,DS_Varndean,DS_Varndean,E01016895|DS_Varndean|DS_Varndean
E01016947,E05015410,531552,104474,DS_Varndean,DS_Varndean,E01016947|DS_Varndean|DS_Varndean
E01016947,E05015410,531539,104762,DS_Varndean,DS_Varndean,E01016947|DS_Varndean|DS_Varndean
E01016947,E05015410,531498,104513,DS_Varndean,DS_Varndean,E01016947|DS_Varndean|DS_Varndean
E01016947,E05015410,531498,104513,DS_Varndean,DS_Varndean,E01016947|DS_Varndean|DS_Varndean
E01016949,E05015410,531524,104358,DS_Varndean,DS_Varndean,E01016949|DS_Varndean|DS_Varndean
E01016947,E05015410,531483,104488,DS_Varndean,DS_Varndean,E01016947|DS_Varndean|DS_Varndean
E01016895,E05015403,532909,105013,DS_Varndean,DS_Varndean,E01016895|DS_Varndean|DS_Varndean
E01016947,E05015410,531501,104564,DS_Varndean,DS_Varndean,E01016947|DS_Varndean|DS_Varndean
E01016896,E05015403,532071,105070,DS_Varndean,DS_Varndean,E01016896|DS_Varndean|DS_Varndean
E01016895,E05015403,532903,105000,DS_Varndean,DS_Varndean,E01016895|DS_Varndean|DS_Varndean
E01016947,E05015410,531498,104728,DS_Varndean,DS_Varndean,E01016947|DS_Varndean|DS_Varndean
E01016948,E05015410,531652,104453,DS_Varndean,DS_Varndean,E01016948|DS_Varndean|DS_Varndean
E01016894,E05015403,531815,105195,DS_Varndean,DS_Varndean,E01016894|DS_Varndean|DS_Varndean
E01016941,E05015410,531384,104285,DS_Varndean,DS_Varndean,E01016941|DS_Varndean|DS_Varndean
E01016947,E05015410,531710,104696,DS_Varndean,DS_Varndean,E01016947|DS_Varndean|DS_Varndean
E01016896,E05015403,531764,104929,DS_Varndean,DS_Varndean,E01016896|DS_Varndean|DS_Varndean
E01016947,E05015410,531498,104859,DS_Varndean,DS_Varndean,E01016947|DS_Varndean|DS_Varndean
E01016947,E05015410,531495,104814,DS_Varndean,DS_Varndean,E01016947|DS_Varndean|DS_Varndean
E01016894,E05015403,531506,104886,DS_Varndean,DS_Varndean,E01016894|DS_Varndean|DS_Varndean
E01016894,E05015403,531543,104899,DS_Varndean,DS_Varndean,E01016894|DS_Varndean|DS_Varndean
E01016947,E05015410,531528,104822,DS_Varndean,DS_Varndean,E01016947|DS_Varndean|DS_Varndean
E01016947,E05015410,531578,104728,DS_Varndean,DS_Varndean,E01016947|DS_Varndean|DS_Varndean
E01016947,E05015410,531609,104776,DS_Varndean,DS_Varndean,E01016947|DS_Varndean|DS_Varndean
E01016947,E05015410,531639,104805,DS_Varndean,DS_Varndean,E01016947|DS_Varndean|DS_Varndean
E01016947,E05015410,531635,104723,DS_Varndean,DS_Varndean,E01016947|DS_Varndean|DS_Varndean
E01016947,E05015410,531671,104768,DS_Varndean,DS_Varndean,E01016947|DS_Varndean|DS_Varndean
E01016947,E05015410,531596,104840,DS_Varndean,DS_Varndean,E01016947|DS_Varndean|DS_Varndean
E01016894,E05015403,531691,104815,DS_Varndean,DS_Varndean,E01016894|DS_Varndean|DS_Varndean
E01016896,E05015403,531758,104918,DS_Varndean,DS_Varndean,E01016896|DS_Varndean|DS_Varndean
E01016894,E05015403,531673,104908,DS_Varndean,DS_Varndean,E01016894|DS_Varndean|DS_Varndean
E01016896,E05015403,531741,104867,DS_Varndean,DS_Varndean,E01016896|DS_Varndean|DS_Varndean
E01016896,E05015403,531765,104857,DS_Varndean,DS_Varndean,E01016896|DS_Varndean|DS_Varndean
E01016896,E05015403,531790,104834,DS_Varndean,DS_Varndean,E01016896|DS_Varndean|DS_Varndean
E01016897,E05015403,531822,104706,DS_Varndean,DS_Varndean,E01016897|DS_Varndean|DS_Varndean
E01016948,E05015410,531936,104616,DS_Varndean,DS_Varndean,E01016948|DS_Varndean|DS_Varndean
E01016897,E05015403,531818,104806,DS_Varndean,DS_Varndean,E01016897|DS_Varndean|DS_Varndean
E01016948,E05015410,531886,104626,DS_Varndean,DS_Varndean,E01016948|DS_Varndean|DS_Varndean
E01016948,E05015410,531805,104688,DS_Varndean,DS_Varndean,E01016948|DS_Varndean|DS_Varndean
E01016948,E05015410,531814,104635,DS_Varndean,DS_Varndean,E01016948|DS_Varndean|DS_Varndean
E01016948,E05015410,531932,104598,DS_Varndean,DS_Varndean,E01016948|DS_Varndean|DS_Varndean
E01016947,E05015410,531544,104870,DS_Varndean,DS_Varndean,E01016947|DS_Varndean|DS_Varndean
E01016947,E05015410,531542,104725,DS_Varndean,DS_Varndean,E01016947|DS_Varndean|DS_Varndean
E01016947,E05015410,531663,104694,DS_Varndean,DS_Varndean,E01016947|DS_Varndean|DS_Varndean
E01016947,E05015410,531682,104723,DS_Varndean,DS_Varndean,E01016947|DS_Varndean|DS_Varndean
E01016947,E05015410,531557,104810,DS_Varndean,DS_Varndean,E01016947|DS_Varndean|DS_Varndean
E01016947,E05015410,531581,104781,DS_Varndean,DS_Varndean,E01016947|DS_Varndean|DS_Varndean
E01016947,E05015410,531519,104780,DS_Varndean,DS_Varndean,E01016947|DS_Varndean|DS_Varndean
E01016947,E05015410,531426,104479,DS_Varndean,DS_Varndean,E01016947|DS_Varndean|DS_Varndean
E01016947,E05015410,531472,104628,DS_Varndean,DS_Varndean,E01016947|DS_Varndean|DS_Varndean
E01016947,E05015410,531529,104651,DS_Varndean,DS_Varndean,E01016947|DS_Varndean|DS_Varndean
E01016947,E05015410,531526,104632,DS_Varndean,DS_Varndean,E01016947|DS_Varndean|DS_Varndean
E01016947,E05015410,531443,104493,DS_Varndean,DS_Varndean,E01016947|DS_Varndean|DS_Varndean
E01016947,E05015410,531537,104481,DS_Varndean,DS_Varndean,E01016947|DS_Varndean|DS_Varndean
E01016947,E05015410,531561,104457,DS_Varndean,DS_Varndean,E01016947|DS_Varndean|DS_Varndean
E01016948,E05015410,531673,104590,DS_Varndean,DS_Varndean,E01016948|DS_Varndean|DS_Varndean
E01016947,E05015410,531498,104626,DS_Varndean,DS_Varndean,E01016947|DS_Varndean|DS_Varndean
E01016947,E05015410,531623,104593,DS_Varndean,DS_Varndean,E01016947|DS_Varndean|DS_Varndean
E01016947,E05015410,531625,104655,DS_Varndean,DS_Varndean,E01016947|DS_Varndean|DS_Varndean
E01016947,E05015410,531552,104588,DS_Varndean,DS_Varndean,E01016947|DS_Varndean|DS_Varndean
E01016948,E05015410,531738,104572,DS_Varndean,DS_Varndean,E01016948|DS_Varndean|DS_Varndean
E01016948,E05015410,531786,104568,DS_Varndean,DS_Varndean,E01016948|DS_Varndean|DS_Varndean
E01016948,E05015410,531808,104560,DS_Varndean,DS_Varndean,E01016948|DS_Varndean|DS_Varndean
E01016948,E05015410,531694,104513,DS_Varndean,DS_Varndean,E01016948|DS_Varndean|DS_Varndean
E01016947,E05015410,531452,104545,DS_Varndean,DS_Varndean,E01016947|DS_Varndean|DS_Varndean
E01016947,E05015410,531654,104645,DS_Varndean,DS_Varndean,E01016947|DS_Varndean|DS_Varndean
E01016947,E05015410,531613,104544,DS_Varndean,DS_Varndean,E01016947|DS_Varndean|DS_Varndean
E01016947,E05015410,531556,104549,DS_Varndean,DS_Varndean,E01016947|DS_Varndean|DS_Varndean
E01016947,E05015410,531648,104535,DS_Varndean,DS_Varndean,E01016947|DS_Varndean|DS_Varndean
E01016948,E05015410,531712,104587,DS_Varndean,DS_Varndean,E01016948|DS_Varndean|DS_Varndean
E01016941,E05015410,531420,104290,DS_Varndean,DS_Varndean,E01016941|DS_Varndean|DS_Varndean
E01016894,E05015403,531584,104986,DS_Varndean,DS_Varndean,E01016894|DS_Varndean|DS_Varndean
E01016894,E05015403,531749,105143,DS_Varndean,DS_Varndean,E01016894|DS_Varndean|DS_Varndean
E01016894,E05015403,531776,105221,DS_Varndean,DS_Varndean,E01016894|DS_Varndean|DS_Varndean
E01016894,E05015403,531922,105201,DS_Varndean,DS_Varndean,E01016894|DS_Varndean|DS_Varndean
E01016896,E05015403,532055,105084,DS_Varndean,DS_Varndean,E01016896|DS_Varndean|DS_Varndean
E01016896,E05015403,532030,105075,DS_Varndean,DS_Varndean,E01016896|DS_Varndean|DS_Varndean
E01016894,E05015403,531891,105199,DS_Varndean,DS_Varndean,E01016894|DS_Varndean|DS_Varndean
E01016897,E05015403,532070,104895,DS_Varndean,DS_Varndean,E01016897|DS_Varndean|DS_Varndean
E01016893,E05015403,532110,104889,DS_Varndean,DS_Varndean,E01016893|DS_Varndean|DS_Varndean
E01016894,E05015403,531832,105084,DS_Varndean,DS_Varndean,E01016894|DS_Varndean|DS_Varndean
E01016894,E05015403,531819,105099,DS_Varndean,DS_Varndean,E01016894|DS_Varndean|DS_Varndean
E01016894,E05015403,531864,105064,DS_Varndean,DS_Varndean,E01016894|DS_Varndean|DS_Varndean
E01016896,E05015403,531892,105041,DS_Varndean,DS_Varndean,E01016896|DS_Varndean|DS_Varndean
E01016894,E05015403,531779,105116,DS_Varndean,DS_Varndean,E01016894|DS_Varndean|DS_Varndean
E01016894,E05015403,531794,105104,DS_Varndean,DS_Varndean,E01016894|DS_Varndean|DS_Varndean
E01016893,E05015403,532129,104943,DS_Varndean,DS_Varndean,E01016893|DS_Varndean|DS_Varndean
E01016894,E05015403,531807,105240,DS_Varndean,DS_Varndean,E01016894|DS_Varndean|DS_Varndean
E01016897,E05015403,532100,104844,DS_Varndean,DS_Varndean,E01016897|DS_Varndean|DS_Varndean
E01016894,E05015403,531615,105024,DS_Varndean,DS_Varndean,E01016894|DS_Varndean|DS_Varndean
E01016893,E05015403,532134,105099,DS_Varndean,DS_Varndean,E01016893|DS_Varndean|DS_Varndean
E01016893,E05015403,532126,105144,DS_Varndean,DS_Varndean,E01016893|DS_Varndean|DS_Varndean
E01016896,E05015403,532084,105162,DS_Varndean,DS_Varndean,E01016896|DS_Varndean|DS_Varndean
E01016896,E05015403,532001,105194,DS_Varndean,DS_Varndean,E01016896|DS_Varndean|DS_Varndean
E01016891,E05015403,531956,105214,DS_Varndean,DS_Varndean,E01016891|DS_Varndean|DS_Varndean
E01016891,E05015403,531931,105210,DS_Varndean,DS_Varndean,E01016891|DS_Varndean|DS_Varndean
E01016941,E05015410,531399,104333,DS_Varndean,DS_Varndean,E01016941|DS_Varndean|DS_Varndean
E01016894,E05015403,531720,105016,DS_Varndean,DS_Varndean,E01016894|DS_Varndean|DS_Varndean
E01016894,E05015403,531735,105096,DS_Varndean,DS_Varndean,E01016894|DS_Varndean|DS_Varndean
E01016896,E05015403,531823,104925,DS_Varndean,DS_Varndean,E01016896|DS_Varndean|DS_Varndean
E01016897,E05015403,531920,104836,DS_Varndean,DS_Varndean,E01016897|DS_Varndean|DS_Varndean
E01016897,E05015403,532018,104750,DS_Varndean,DS_Varndean,E01016897|DS_Varndean|DS_Varndean
E01016896,E05015403,531918,105011,DS_Varndean,DS_Varndean,E01016896|DS_Varndean|DS_Varndean
E01016896,E05015403,531902,105019,DS_Varndean,DS_Varndean,E01016896|DS_Varndean|DS_Varndean
E01016896,E05015403,531907,104967,DS_Varndean,DS_Varndean,E01016896|DS_Varndean|DS_Varndean
E01016896,E05015403,531939,105006,DS_Varndean,DS_Varndean,E01016896|DS_Varndean|DS_Varndean
E01016896,E05015403,531980,105049,DS_Varndean,DS_Varndean,E01016896|DS_Varndean|DS_Varndean
E01016896,E05015403,531952,104983,DS_Varndean,DS_Varndean,E01016896|DS_Varndean|DS_Varndean
E01016896,E05015403,531964,104963,DS_Varndean,DS_Varndean,E01016896|DS_Varndean|DS_Varndean
E01016896,E05015403,531977,104947,DS_Varndean,DS_Varndean,E01016896|DS_Varndean|DS_Varndean
E01016897,E05015403,531984,104923,DS_Varndean,DS_Varndean,E01016897|DS_Varndean|DS_Varndean
E01016897,E05015403,531990,104898,DS_Varndean,DS_Varndean,E01016897|DS_Varndean|DS_Varndean
E01016897,E05015403,532029,104860,DS_Varndean,DS_Varndean,E01016897|DS_Varndean|DS_Varndean
E01016897,E05015403,531988,104687,DS_Varndean,DS_Varndean,E01016897|DS_Varndean|DS_Varndean
E01016897,E05015403,532067,104795,DS_Varndean,DS_Varndean,E01016897|DS_Varndean|DS_Varndean
E01016897,E05015403,531950,104711,DS_Varndean,DS_Varndean,E01016897|DS_Varndean|DS_Varndean
E01016897,E05015403,531902,104725,DS_Varndean,DS_Varndean,E01016897|DS_Varndean|DS_Varndean
E01016897,E05015403,531857,104770,DS_Varndean,DS_Varndean,E01016897|DS_Varndean|DS_Varndean
E01016897,E05015403,531829,104793,DS_Varndean,DS_Varndean,E01016897|DS_Varndean|DS_Varndean
E01016897,E05015403,532006,104783,DS_Varndean,DS_Varndean,E01016897|DS_Varndean|DS_Varndean
E01016897,E05015403,532047,104819,DS_Varndean,DS_Varndean,E01016897|DS_Varndean|DS_Varndean
E01016894,E05015403,531707,104989,DS_Varndean,DS_Varndean,E01016894|DS_Varndean|DS_Varndean
E01016894,E05015403,531696,104973,DS_Varndean,DS_Varndean,E01016894|DS_Varndean|DS_Varndean
E01016894,E05015403,531662,104996,DS_Varndean,DS_Varndean,E01016894|DS_Varndean|DS_Varndean
E01016894,E05015403,531675,105023,DS_Varndean,DS_Varndean,E01016894|DS_Varndean|DS_Varndean
E01016894,E05015403,531667,105030,DS_Varndean,DS_Varndean,E01016894|DS_Varndean|DS_Varndean
E01016894,E05015403,531569,104970,DS_Varndean,DS_Varndean,E01016894|DS_Varndean|DS_Varndean
E01016894,E05015403,531600,104948,DS_Varndean,DS_Varndean,E01016894|DS_Varndean|DS_Varndean
E01016894,E05015403,531624,104927,DS_Varndean,DS_Varndean,E01016894|DS_Varndean|DS_Varndean
E01016941,E05015410,531393,104315,DS_Varndean,DS_Varndean,E01016941|DS_Varndean|DS_Varndean
E01016893,E05015403,532197,105135,DS_Varndean,DS_Varndean,E01016893|DS_Varndean|DS_Varndean
E01016893,E05015403,532276,105080,DS_Varndean,DS_Varndean,E01016893|DS_Varndean|DS_Varndean
E01016893,E05015403,532251,105086,DS_Varndean,DS_Varndean,E01016893|DS_Varndean|DS_Varndean
E01016893,E05015403,532185,104968,DS_Varndean,DS_Varndean,E01016893|DS_Varndean|DS_Varndean
E01016893,E05015403,532186,104940,DS_Varndean,DS_Varndean,E01016893|DS_Varndean|DS_Varndean
E01016893,E05015403,532200,104923,DS_Varndean,DS_Varndean,E01016893|DS_Varndean|DS_Varndean
E01016893,E05015403,532206,104902,DS_Varndean,DS_Varndean,E01016893|DS_Varndean|DS_Varndean
E01016893,E05015403,532344,105007,DS_Varndean,DS_Varndean,E01016893|DS_Varndean|DS_Varndean
E01016893,E05015403,532469,105129,DS_Varndean,DS_Varndean,E01016893|DS_Varndean|DS_Varndean
E01016893,E05015403,532464,105165,DS_Varndean,DS_Varndean,E01016893|DS_Varndean|DS_Varndean
E01016893,E05015403,532422,105148,DS_Varndean,DS_Varndean,E01016893|DS_Varndean|DS_Varndean
E01016893,E05015403,532400,105134,DS_Varndean,DS_Varndean,E01016893|DS_Varndean|DS_Varndean
E01016893,E05015403,532381,105124,DS_Varndean,DS_Varndean,E01016893|DS_Varndean|DS_Varndean
E01016893,E05015403,532359,105116,DS_Varndean,DS_Varndean,E01016893|DS_Varndean|DS_Varndean
E01016893,E05015403,532340,105105,DS_Varndean,DS_Varndean,E01016893|DS_Varndean|DS_Varndean
E01016893,E05015403,532318,105098,DS_Varndean,DS_Varndean,E01016893|DS_Varndean|DS_Varndean
E01016893,E05015403,532299,105077,DS_Varndean,DS_Varndean,E01016893|DS_Varndean|DS_Varndean
E01016864,E05015418,533117,105238,Longhill,DS_Varndean,E01016864|Longhill|DS_Varndean
E01016864,E05015418,533014,105008,Longhill,DS_Varndean,E01016864|Longhill|DS_Varndean
E01016946,E05015410,532328,104745,DS_Varndean,DS_Varndean,E01016946|DS_Varndean|DS_Varndean
E01016946,E05015410,532386,104605,DS_Varndean,DS_Varndean,E01016946|DS_Varndean|DS_Varndean
E01016946,E05015410,532544,104695,DS_Varndean,DS_Varndean,E01016946|DS_Varndean|DS_Varndean
E01016946,E05015410,532504,104702,DS_Varndean,DS_Varndean,E01016946|DS_Varndean|DS_Varndean
E01016895,E05015403,532783,104890,DS_Varndean,DS_Varndean,E01016895|DS_Varndean|DS_Varndean
E01016895,E05015403,532746,104844,DS_Varndean,DS_Varndean,E01016895|DS_Varndean|DS_Varndean
E01016895,E05015403,532770,104932,DS_Varndean,DS_Varndean,E01016895|DS_Varndean|DS_Varndean
E01016895,E05015403,532634,104925,DS_Varndean,DS_Varndean,E01016895|DS_Varndean|DS_Varndean
E01016895,E05015403,532543,104916,DS_Varndean,DS_Varndean,E01016895|DS_Varndean|DS_Varndean
E01016895,E05015403,532663,104977,DS_Varndean,DS_Varndean,E01016895|DS_Varndean|DS_Varndean
E01016895,E05015403,532534,104996,DS_Varndean,DS_Varndean,E01016895|DS_Varndean|DS_Varndean
E01016893,E05015403,532143,105049,DS_Varndean,DS_Varndean,E01016893|DS_Varndean|DS_Varndean
E01016897,E05015403,531994,104834,DS_Varndean,DS_Varndean,E01016897|DS_Varndean|DS_Varndean
E01016946,E05015410,532411,104624,DS_Varndean,DS_Varndean,E01016946|DS_Varndean|DS_Varndean
E01016893,E05015403,532220,104879,DS_Varndean,DS_Varndean,E01016893|DS_Varndean|DS_Varndean
E01016946,E05015410,532253,104871,DS_Varndean,DS_Varndean,E01016946|DS_Varndean|DS_Varndean
E01016946,E05015410,532293,104854,DS_Varndean,DS_Varndean,E01016946|DS_Varndean|DS_Varndean
E01016946,E05015410,532381,104804,DS_Varndean,DS_Varndean,E01016946|DS_Varndean|DS_Varndean
E01016946,E05015410,532494,104759,DS_Varndean,DS_Varndean,E01016946|DS_Varndean|DS_Varndean
E01016946,E05015410,532419,104848,DS_Varndean,DS_Varndean,E01016946|DS_Varndean|DS_Varndean
E01016946,E05015410,532430,104882,DS_Varndean,DS_Varndean,E01016946|DS_Varndean|DS_Varndean
E01016895,E05015403,532507,104885,DS_Varndean,DS_Varndean,E01016895|DS_Varndean|DS_Varndean
E01016892,E05015403,532481,105095,DS_Varndean,DS_Varndean,E01016892|DS_Varndean|DS_Varndean
E01016895,E05015403,532593,105108,DS_Varndean,DS_Varndean,E01016895|DS_Varndean|DS_Varndean
E01016895,E05015403,532644,105074,DS_Varndean,DS_Varndean,E01016895|DS_Varndean|DS_Varndean
E01016895,E05015403,532486,104892,DS_Varndean,DS_Varndean,E01016895|DS_Varndean|DS_Varndean
E01016850,E05015398,529963,104469,Hove_Blatch,Hove_Blatch,E01016850|Hove_Blatch|Hove_Blatch
E01016851,E05015398,529805,104500,Hove_Blatch,Hove_Blatch,E01016851|Hove_Blatch|Hove_Blatch
E01016850,E05015398,529994,104426,Hove_Blatch,Hove_Blatch,E01016850|Hove_Blatch|Hove_Blatch
E01016850,E05015398,529921,104336,Hove_Blatch,Hove_Blatch,E01016850|Hove_Blatch|Hove_Blatch
E01016850,E05015398,529963,104412,Hove_Blatch,Hove_Blatch,E01016850|Hove_Blatch|Hove_Blatch
E01016850,E05015398,529964,104444,Hove_Blatch,Hove_Blatch,E01016850|Hove_Blatch|Hove_Blatch
E01016850,E05015398,529912,104427,Hove_Blatch,Hove_Blatch,E01016850|Hove_Blatch|Hove_Blatch
E01016850,E05015398,529960,104373,Hove_Blatch,Hove_Blatch,E01016850|Hove_Blatch|Hove_Blatch
E01016850,E05015398,529891,104317,Hove_Blatch,Hove_Blatch,E01016850|Hove_Blatch|Hove_Blatch
E01016850,E05015398,529949,104276,Hove_Blatch,Hove_Blatch,E01016850|Hove_Blatch|Hove_Blatch
E01016850,E05015398,529896,104451,Hove_Blatch,Hove_Blatch,E01016850|Hove_Blatch|Hove_Blatch
E01016850,E05015398,529853,104335,Hove_Blatch,Hove_Blatch,E01016850|Hove_Blatch|Hove_Blatch
E01016850,E05015398,529833,104353,Hove_Blatch,Hove_Blatch,E01016850|Hove_Blatch|Hove_Blatch
E01016851,E05015398,529840,104476,Hove_Blatch,Hove_Blatch,E01016851|Hove_Blatch|Hove_Blatch
E01016850,E05015398,529940,104434,Hove_Blatch,Hove_Blatch,E01016850|Hove_Blatch|Hove_Blatch
E01016850,E05015398,529949,104363,Hove_Blatch,Hove_Blatch,E01016850|Hove_Blatch|Hove_Blatch
E01016853,E05015398,529576,104621,Hove_Blatch,Hove_Blatch,E01016853|Hove_Blatch|Hove_Blatch
E01016851,E05015398,529856,104450,Hove_Blatch,Hove_Blatch,E01016851|Hove_Blatch|Hove_Blatch
E01016876,E05015401,530488,105186,Hove_Blatch,Hove_Blatch,E01016876|Hove_Blatch|Hove_Blatch
E01016850,E05015398,529966,104389,Hove_Blatch,Hove_Blatch,E01016850|Hove_Blatch|Hove_Blatch
E01016854,E05015398,530013,104488,Hove_Blatch,Hove_Blatch,E01016854|Hove_Blatch|Hove_Blatch
E01016854,E05015398,529908,104510,Hove_Blatch,Hove_Blatch,E01016854|Hove_Blatch|Hove_Blatch
E01016854,E05015398,529840,104525,Hove_Blatch,Hove_Blatch,E01016854|Hove_Blatch|Hove_Blatch
E01016854,E05015398,529878,104632,Hove_Blatch,Hove_Blatch,E01016854|Hove_Blatch|Hove_Blatch
E01016854,E05015398,529908,104598,Hove_Blatch,Hove_Blatch,E01016854|Hove_Blatch|Hove_Blatch
E01016854,E05015398,529940,104584,Hove_Blatch,Hove_Blatch,E01016854|Hove_Blatch|Hove_Blatch
E01016854,E05015398,529973,104590,Hove_Blatch,Hove_Blatch,E01016854|Hove_Blatch|Hove_Blatch
E01016854,E05015398,530011,104589,Hove_Blatch,Hove_Blatch,E01016854|Hove_Blatch|Hove_Blatch
E01016854,E05015398,530037,104567,Hove_Blatch,Hove_Blatch,E01016854|Hove_Blatch|Hove_Blatch
E01016877,E05015401,530032,104677,Hove_Blatch,Hove_Blatch,E01016877|Hove_Blatch|Hove_Blatch
E01016854,E05015398,530077,104638,Hove_Blatch,Hove_Blatch,E01016854|Hove_Blatch|Hove_Blatch
E01016851,E05015398,529759,104504,Hove_Blatch,Hove_Blatch,E01016851|Hove_Blatch|Hove_Blatch
E01016851,E05015398,529804,104488,Hove_Blatch,Hove_Blatch,E01016851|Hove_Blatch|Hove_Blatch
E01016851,E05015398,529737,104477,Hove_Blatch,Hove_Blatch,E01016851|Hove_Blatch|Hove_Blatch
E01016851,E05015398,529706,104402,Hove_Blatch,Hove_Blatch,E01016851|Hove_Blatch|Hove_Blatch
E01016851,E05015398,529686,104330,Hove_Blatch,Hove_Blatch,E01016851|Hove_Blatch|Hove_Blatch
E01016850,E05015398,529815,104303,Hove_Blatch,Hove_Blatch,E01016850|Hove_Blatch|Hove_Blatch
E01016851,E05015398,529814,104373,Hove_Blatch,Hove_Blatch,E01016851|Hove_Blatch|Hove_Blatch
E01016851,E05015398,529826,104444,Hove_Blatch,Hove_Blatch,E01016851|Hove_Blatch|Hove_Blatch
E01016851,E05015398,529669,104387,Hove_Blatch,Hove_Blatch,E01016851|Hove_Blatch|Hove_Blatch
E01016852,E05015398,529733,104546,Hove_Blatch,Hove_Blatch,E01016852|Hove_Blatch|Hove_Blatch
E01016852,E05015398,529748,104642,Hove_Blatch,Hove_Blatch,E01016852|Hove_Blatch|Hove_Blatch
E01016852,E05015398,529770,104644,Hove_Blatch,Hove_Blatch,E01016852|Hove_Blatch|Hove_Blatch
E01016877,E05015401,529670,104810,Hove_Blatch,Hove_Blatch,E01016877|Hove_Blatch|Hove_Blatch
E01016852,E05015398,529675,104772,Hove_Blatch,Hove_Blatch,E01016852|Hove_Blatch|Hove_Blatch
E01016852,E05015398,529684,104579,Hove_Blatch,Hove_Blatch,E01016852|Hove_Blatch|Hove_Blatch
E01016852,E05015398,529705,104651,Hove_Blatch,Hove_Blatch,E01016852|Hove_Blatch|Hove_Blatch
E01016852,E05015398,529729,104729,Hove_Blatch,Hove_Blatch,E01016852|Hove_Blatch|Hove_Blatch
E01016852,E05015398,529651,104598,Hove_Blatch,Hove_Blatch,E01016852|Hove_Blatch|Hove_Blatch
E01016852,E05015398,529673,104673,Hove_Blatch,Hove_Blatch,E01016852|Hove_Blatch|Hove_Blatch
E01016852,E05015398,529691,104738,Hove_Blatch,Hove_Blatch,E01016852|Hove_Blatch|Hove_Blatch
E01016852,E05015398,529633,104639,Hove_Blatch,Hove_Blatch,E01016852|Hove_Blatch|Hove_Blatch
E01016852,E05015398,529658,104723,Hove_Blatch,Hove_Blatch,E01016852|Hove_Blatch|Hove_Blatch
E01016853,E05015398,529612,104650,Hove_Blatch,Hove_Blatch,E01016853|Hove_Blatch|Hove_Blatch
E01016853,E05015398,529634,104741,Hove_Blatch,Hove_Blatch,E01016853|Hove_Blatch|Hove_Blatch
E01016852,E05015398,529706,104585,Hove_Blatch,Hove_Blatch,E01016852|Hove_Blatch|Hove_Blatch
E01016852,E05015398,529765,104700,Hove_Blatch,Hove_Blatch,E01016852|Hove_Blatch|Hove_Blatch
E01016877,E05015401,529708,104799,Hove_Blatch,Hove_Blatch,E01016877|Hove_Blatch|Hove_Blatch
E01016877,E05015401,529761,104772,Hove_Blatch,Hove_Blatch,E01016877|Hove_Blatch|Hove_Blatch
E01016852,E05015398,529725,104545,Hove_Blatch,Hove_Blatch,E01016852|Hove_Blatch|Hove_Blatch
E01016853,E05015398,529472,104852,Hove_Blatch,Hove_Blatch,E01016853|Hove_Blatch|Hove_Blatch
E01016852,E05015398,529643,104562,Hove_Blatch,Hove_Blatch,E01016852|Hove_Blatch|Hove_Blatch
E01016852,E05015398,529733,104616,Hove_Blatch,Hove_Blatch,E01016852|Hove_Blatch|Hove_Blatch
E01016876,E05015401,530309,105072,Hove_Blatch,Hove_Blatch,E01016876|Hove_Blatch|Hove_Blatch
E01016876,E05015401,530294,105022,Hove_Blatch,Hove_Blatch,E01016876|Hove_Blatch|Hove_Blatch
E01016877,E05015401,529585,104896,Hove_Blatch,Hove_Blatch,E01016877|Hove_Blatch|Hove_Blatch
E01016851,E05015398,529537,104306,Hove_Blatch,Hove_Blatch,E01016851|Hove_Blatch|Hove_Blatch
E01016851,E05015398,529582,104374,Hove_Blatch,Hove_Blatch,E01016851|Hove_Blatch|Hove_Blatch
E01016851,E05015398,529551,104341,Hove_Blatch,Hove_Blatch,E01016851|Hove_Blatch|Hove_Blatch
E01016851,E05015398,529560,104420,Hove_Blatch,Hove_Blatch,E01016851|Hove_Blatch|Hove_Blatch
E01016852,E05015398,529615,104469,Hove_Blatch,Hove_Blatch,E01016852|Hove_Blatch|Hove_Blatch
E01016851,E05015398,529634,104406,Hove_Blatch,Hove_Blatch,E01016851|Hove_Blatch|Hove_Blatch
E01016852,E05015398,529658,104490,Hove_Blatch,Hove_Blatch,E01016852|Hove_Blatch|Hove_Blatch
E01016851,E05015398,529649,104288,Hove_Blatch,Hove_Blatch,E01016851|Hove_Blatch|Hove_Blatch
E01016850,E05015398,529826,104254,Hove_Blatch,Hove_Blatch,E01016850|Hove_Blatch|Hove_Blatch
E01016850,E05015398,529917,104233,Hove_Blatch,Hove_Blatch,E01016850|Hove_Blatch|Hove_Blatch
E01016876,E05015401,529820,105200,Hove_Blatch,Hove_Blatch,E01016876|Hove_Blatch|Hove_Blatch
E01016852,E05015398,529618,104573,Hove_Blatch,Hove_Blatch,E01016852|Hove_Blatch|Hove_Blatch
E01016852,E05015398,529623,104534,Hove_Blatch,Hove_Blatch,E01016852|Hove_Blatch|Hove_Blatch
E01016851,E05015398,529550,104496,Hove_Blatch,Hove_Blatch,E01016851|Hove_Blatch|Hove_Blatch
E01016851,E05015398,529532,104406,Hove_Blatch,Hove_Blatch,E01016851|Hove_Blatch|Hove_Blatch
E01016851,E05015398,529587,104479,Hove_Blatch,Hove_Blatch,E01016851|Hove_Blatch|Hove_Blatch
E01016851,E05015398,529548,104393,Hove_Blatch,Hove_Blatch,E01016851|Hove_Blatch|Hove_Blatch
E01016849,E05015398,529512,104473,Hove_Blatch,Hove_Blatch,E01016849|Hove_Blatch|Hove_Blatch
E01016853,E05015398,529546,104643,Hove_Blatch,Hove_Blatch,E01016853|Hove_Blatch|Hove_Blatch
E01016853,E05015398,529606,104711,Hove_Blatch,Hove_Blatch,E01016853|Hove_Blatch|Hove_Blatch
E01016877,E05015401,529635,104893,Hove_Blatch,Hove_Blatch,E01016877|Hove_Blatch|Hove_Blatch
E01016874,E05015401,529654,105200,Hove_Blatch,Hove_Blatch,E01016874|Hove_Blatch|Hove_Blatch
E01016874,E05015401,529649,105165,Hove_Blatch,Hove_Blatch,E01016874|Hove_Blatch|Hove_Blatch
E01016877,E05015401,529679,105100,Hove_Blatch,Hove_Blatch,E01016877|Hove_Blatch|Hove_Blatch
E01016851,E05015398,529558,104366,Hove_Blatch,Hove_Blatch,E01016851|Hove_Blatch|Hove_Blatch
E01016874,E05015401,529620,105020,Hove_Blatch,Hove_Blatch,E01016874|Hove_Blatch|Hove_Blatch
E01016853,E05015398,529554,104679,Hove_Blatch,Hove_Blatch,E01016853|Hove_Blatch|Hove_Blatch
E01016874,E05015401,529608,104973,Hove_Blatch,Hove_Blatch,E01016874|Hove_Blatch|Hove_Blatch
E01016874,E05015401,529631,105075,Hove_Blatch,Hove_Blatch,E01016874|Hove_Blatch|Hove_Blatch
E01016854,E05015398,529823,104580,Hove_Blatch,Hove_Blatch,E01016854|Hove_Blatch|Hove_Blatch
E01016854,E05015398,529843,104673,Hove_Blatch,Hove_Blatch,E01016854|Hove_Blatch|Hove_Blatch
E01016852,E05015398,529783,104596,Hove_Blatch,Hove_Blatch,E01016852|Hove_Blatch|Hove_Blatch
E01016854,E05015398,529796,104684,Hove_Blatch,Hove_Blatch,E01016854|Hove_Blatch|Hove_Blatch
E01016877,E05015401,529905,104779,Hove_Blatch,Hove_Blatch,E01016877|Hove_Blatch|Hove_Blatch
E01016877,E05015401,529905,104779,Hove_Blatch,Hove_Blatch,E01016877|Hove_Blatch|Hove_Blatch
E01016877,E05015401,529905,104779,Hove_Blatch,Hove_Blatch,E01016877|Hove_Blatch|Hove_Blatch
E01016877,E05015401,529905,104779,Hove_Blatch,Hove_Blatch,E01016877|Hove_Blatch|Hove_Blatch
E01016877,E05015401,529834,104815,Hove_Blatch,Hove_Blatch,E01016877|Hove_Blatch|Hove_Blatch
E01016877,E05015401,529896,104858,Hove_Blatch,Hove_Blatch,E01016877|Hove_Blatch|Hove_Blatch
E01016877,E05015401,529896,104858,Hove_Blatch,Hove_Blatch,E01016877|Hove_Blatch|Hove_Blatch
E01016877,E05015401,529896,104858,Hove_Blatch,Hove_Blatch,E01016877|Hove_Blatch|Hove_Blatch
E01016877,E05015401,529896,104858,Hove_Blatch,Hove_Blatch,E01016877|Hove_Blatch|Hove_Blatch
E01016877,E05015401,530021,104830,Hove_Blatch,Hove_Blatch,E01016877|Hove_Blatch|Hove_Blatch
E01016877,E05015401,530092,104745,Hove_Blatch,Hove_Blatch,E01016877|Hove_Blatch|Hove_Blatch
E01016876,E05015401,530197,104929,Hove_Blatch,Hove_Blatch,E01016876|Hove_Blatch|Hove_Blatch
E01016876,E05015401,530040,105074,Hove_Blatch,Hove_Blatch,E01016876|Hove_Blatch|Hove_Blatch
E01016876,E05015401,530114,104865,Hove_Blatch,Hove_Blatch,E01016876|Hove_Blatch|Hove_Blatch
E01016876,E05015401,529999,104882,Hove_Blatch,Hove_Blatch,E01016876|Hove_Blatch|Hove_Blatch
E01016876,E05015401,530184,105039,Hove_Blatch,Hove_Blatch,E01016876|Hove_Blatch|Hove_Blatch
E01016876,E05015401,529852,105114,Hove_Blatch,Hove_Blatch,E01016876|Hove_Blatch|Hove_Blatch
E01016877,E05015401,530150,104847,Hove_Blatch,Hove_Blatch,E01016877|Hove_Blatch|Hove_Blatch
E01016877,E05015401,530075,104824,Hove_Blatch,Hove_Blatch,E01016877|Hove_Blatch|Hove_Blatch
E01016876,E05015401,530047,104897,Hove_Blatch,Hove_Blatch,E01016876|Hove_Blatch|Hove_Blatch
E01016876,E05015401,530195,104984,Hove_Blatch,Hove_Blatch,E01016876|Hove_Blatch|Hove_Blatch
E01016876,E05015401,530472,105126,Hove_Blatch,Hove_Blatch,E01016876|Hove_Blatch|Hove_Blatch
E01016876,E05015401,530306,105112,Hove_Blatch,Hove_Blatch,E01016876|Hove_Blatch|Hove_Blatch
E01016876,E05015401,530326,105070,Hove_Blatch,Hove_Blatch,E01016876|Hove_Blatch|Hove_Blatch
E01016951,E05015411,530462,105079,Hove_Blatch,Hove_Blatch,E01016951|Hove_Blatch|Hove_Blatch
E01016853,E05015398,529582,104595,Hove_Blatch,Hove_Blatch,E01016853|Hove_Blatch|Hove_Blatch
E01016876,E05015401,530148,105127,Hove_Blatch,Hove_Blatch,E01016876|Hove_Blatch|Hove_Blatch
E01016876,E05015401,530109,105095,Hove_Blatch,Hove_Blatch,E01016876|Hove_Blatch|Hove_Blatch
E01016875,E05015401,530033,105213,Hove_Blatch,Hove_Blatch,E01016875|Hove_Blatch|Hove_Blatch
E01016876,E05015401,529849,105199,Hove_Blatch,Hove_Blatch,E01016876|Hove_Blatch|Hove_Blatch
E01016876,E05015401,529905,105143,Hove_Blatch,Hove_Blatch,E01016876|Hove_Blatch|Hove_Blatch
E01016877,E05015401,529799,105101,Hove_Blatch,Hove_Blatch,E01016877|Hove_Blatch|Hove_Blatch
E01016877,E05015401,529715,105050,Hove_Blatch,Hove_Blatch,E01016877|Hove_Blatch|Hove_Blatch
E01016877,E05015401,529840,104908,Hove_Blatch,Hove_Blatch,E01016877|Hove_Blatch|Hove_Blatch
E01016877,E05015401,529778,104829,Hove_Blatch,Hove_Blatch,E01016877|Hove_Blatch|Hove_Blatch
E01016877,E05015401,529800,105129,Hove_Blatch,Hove_Blatch,E01016877|Hove_Blatch|Hove_Blatch
E01016877,E05015401,529669,105059,Hove_Blatch,Hove_Blatch,E01016877|Hove_Blatch|Hove_Blatch
E01016877,E05015401,529812,104835,Hove_Blatch,Hove_Blatch,E01016877|Hove_Blatch|Hove_Blatch
E01016877,E05015401,529715,105008,Hove_Blatch,Hove_Blatch,E01016877|Hove_Blatch|Hove_Blatch
E01016877,E05015401,529720,104784,Hove_Blatch,Hove_Blatch,E01016877|Hove_Blatch|Hove_Blatch
E01016877,E05015401,529772,105081,Hove_Blatch,Hove_Blatch,E01016877|Hove_Blatch|Hove_Blatch
E01016876,E05015401,529808,105256,Hove_Blatch,Hove_Blatch,E01016876|Hove_Blatch|Hove_Blatch
E01016876,E05015401,529864,105147,Hove_Blatch,Hove_Blatch,E01016876|Hove_Blatch|Hove_Blatch
E01016873,E05015401,529099,105474,Hove_Blatch,Hove_Blatch,E01016873|Hove_Blatch|Hove_Blatch
E01016875,E05015401,530118,105204,Hove_Blatch,Hove_Blatch,E01016875|Hove_Blatch|Hove_Blatch
E01016876,E05015401,530114,105176,Hove_Blatch,Hove_Blatch,E01016876|Hove_Blatch|Hove_Blatch
E01016876,E05015401,530220,105140,Hove_Blatch,Hove_Blatch,E01016876|Hove_Blatch|Hove_Blatch
E01016876,E05015401,530257,105005,Hove_Blatch,Hove_Blatch,E01016876|Hove_Blatch|Hove_Blatch
E01016875,E05015401,530224,105213,Hove_Blatch,Hove_Blatch,E01016875|Hove_Blatch|Hove_Blatch
E01016876,E05015401,530327,105192,Hove_Blatch,Hove_Blatch,E01016876|Hove_Blatch|Hove_Blatch
E01016876,E05015401,530448,105154,Hove_Blatch,Hove_Blatch,E01016876|Hove_Blatch|Hove_Blatch
E01016876,E05015401,530517,105184,Hove_Blatch,Hove_Blatch,E01016876|Hove_Blatch|Hove_Blatch
E01016875,E05015401,530380,105346,Hove_Blatch,Hove_Blatch,E01016875|Hove_Blatch|Hove_Blatch
E01016876,E05015401,530433,105210,Hove_Blatch,Hove_Blatch,E01016876|Hove_Blatch|Hove_Blatch
E01016876,E05015401,530324,105217,Hove_Blatch,Hove_Blatch,E01016876|Hove_Blatch|Hove_Blatch
E01016875,E05015401,530319,105246,Hove_Blatch,Hove_Blatch,E01016875|Hove_Blatch|Hove_Blatch
E01016875,E05015401,530129,105230,Hove_Blatch,Hove_Blatch,E01016875|Hove_Blatch|Hove_Blatch
E01016875,E05015401,530148,105256,Hove_Blatch,Hove_Blatch,E01016875|Hove_Blatch|Hove_Blatch
E01016876,E05015401,530256,105071,Hove_Blatch,Hove_Blatch,E01016876|Hove_Blatch|Hove_Blatch
E01016876,E05015401,530405,105213,Hove_Blatch,Hove_Blatch,E01016876|Hove_Blatch|Hove_Blatch
E01016876,E05015401,530510,105160,Hove_Blatch,Hove_Blatch,E01016876|Hove_Blatch|Hove_Blatch
E01016876,E05015401,530456,105246,Hove_Blatch,Hove_Blatch,E01016876|Hove_Blatch|Hove_Blatch
E01016874,E05015401,529687,105300,Hove_Blatch,Hove_Blatch,E01016874|Hove_Blatch|Hove_Blatch
E01016851,E05015398,529656,104348,Hove_Blatch,Hove_Blatch,E01016851|Hove_Blatch|Hove_Blatch
E01016877,E05015401,529714,105097,Hove_Blatch,Hove_Blatch,E01016877|Hove_Blatch|Hove_Blatch
E01016877,E05015401,529752,105134,Hove_Blatch,Hove_Blatch,E01016877|Hove_Blatch|Hove_Blatch
E01016874,E05015401,529695,105148,Hove_Blatch,Hove_Blatch,E01016874|Hove_Blatch|Hove_Blatch
E01016874,E05015401,529708,105185,Hove_Blatch,Hove_Blatch,E01016874|Hove_Blatch|Hove_Blatch
E01016874,E05015401,529738,105174,Hove_Blatch,Hove_Blatch,E01016874|Hove_Blatch|Hove_Blatch
E01016873,E05015401,529099,105474,Hove_Blatch,Hove_Blatch,E01016873|Hove_Blatch|Hove_Blatch
E01016873,E05015401,529099,105474,Hove_Blatch,Hove_Blatch,E01016873|Hove_Blatch|Hove_Blatch
E01016860,E05015399,528434,104833,Hove_Blatch,Hove_Blatch,E01016860|Hove_Blatch|Hove_Blatch
E01016857,E05015399,528670,104788,Hove_Blatch,Hove_Blatch,E01016857|Hove_Blatch|Hove_Blatch
E01016855,E05015399,528767,104775,Hove_Blatch,Hove_Blatch,E01016855|Hove_Blatch|Hove_Blatch
E01016855,E05015399,528861,104758,Hove_Blatch,Hove_Blatch,E01016855|Hove_Blatch|Hove_Blatch
E01016855,E05015399,528827,104770,Hove_Blatch,Hove_Blatch,E01016855|Hove_Blatch|Hove_Blatch
E01016856,E05015399,529051,104722,Hove_Blatch,Hove_Blatch,E01016856|Hove_Blatch|Hove_Blatch
E01016856,E05015399,529173,104708,Hove_Blatch,Hove_Blatch,E01016856|Hove_Blatch|Hove_Blatch
E01016849,E05015398,529248,104695,Hove_Blatch,Hove_Blatch,E01016849|Hove_Blatch|Hove_Blatch
E01016853,E05015398,529341,104679,Hove_Blatch,Hove_Blatch,E01016853|Hove_Blatch|Hove_Blatch
E01016856,E05015399,529008,104734,Hove_Blatch,Hove_Blatch,E01016856|Hove_Blatch|Hove_Blatch
E01016859,E05015399,528878,104487,Hove_Blatch,Hove_Blatch,E01016859|Hove_Blatch|Hove_Blatch
E01016849,E05015398,529253,104694,Hove_Blatch,Hove_Blatch,E01016849|Hove_Blatch|Hove_Blatch
E01016857,E05015399,528367,104438,Hove_Blatch,Hove_Blatch,E01016857|Hove_Blatch|Hove_Blatch
E01016853,E05015398,529363,104676,Hove_Blatch,Hove_Blatch,E01016853|Hove_Blatch|Hove_Blatch
E01016853,E05015398,529370,104675,Hove_Blatch,Hove_Blatch,E01016853|Hove_Blatch|Hove_Blatch
E01016857,E05015399,528463,104754,Hove_Blatch,Hove_Blatch,E01016857|Hove_Blatch|Hove_Blatch
E01016857,E05015399,528398,104591,Hove_Blatch,Hove_Blatch,E01016857|Hove_Blatch|Hove_Blatch
E01016857,E05015399,528366,104622,Hove_Blatch,Hove_Blatch,E01016857|Hove_Blatch|Hove_Blatch
E01016857,E05015399,528350,104705,Hove_Blatch,Hove_Blatch,E01016857|Hove_Blatch|Hove_Blatch
E01016857,E05015399,528330,104652,Hove_Blatch,Hove_Blatch,E01016857|Hove_Blatch|Hove_Blatch
E01016857,E05015399,528325,104663,Hove_Blatch,Hove_Blatch,E01016857|Hove_Blatch|Hove_Blatch
E01016988,E05015416,528306,104727,Hove_Blatch,Hove_Blatch,E01016988|Hove_Blatch|Hove_Blatch
E01016860,E05015399,528446,104796,Hove_Blatch,Hove_Blatch,E01016860|Hove_Blatch|Hove_Blatch
E01016857,E05015399,528633,104760,Hove_Blatch,Hove_Blatch,E01016857|Hove_Blatch|Hove_Blatch
E01016857,E05015399,528369,104786,Hove_Blatch,Hove_Blatch,E01016857|Hove_Blatch|Hove_Blatch
E01016857,E05015399,528361,104720,Hove_Blatch,Hove_Blatch,E01016857|Hove_Blatch|Hove_Blatch
E01016858,E05015399,528759,104732,Hove_Blatch,Hove_Blatch,E01016858|Hove_Blatch|Hove_Blatch
E01016855,E05015399,528868,104716,Hove_Blatch,Hove_Blatch,E01016855|Hove_Blatch|Hove_Blatch
E01016855,E05015399,528962,104706,Hove_Blatch,Hove_Blatch,E01016855|Hove_Blatch|Hove_Blatch
E01016860,E05015399,528478,104787,Hove_Blatch,Hove_Blatch,E01016860|Hove_Blatch|Hove_Blatch
E01016849,E05015398,529328,104558,Hove_Blatch,Hove_Blatch,E01016849|Hove_Blatch|Hove_Blatch
E01016853,E05015398,529477,104661,Hove_Blatch,Hove_Blatch,E01016853|Hove_Blatch|Hove_Blatch
E01016849,E05015398,529315,104497,Hove_Blatch,Hove_Blatch,E01016849|Hove_Blatch|Hove_Blatch
E01016849,E05015398,529286,104370,Hove_Blatch,Hove_Blatch,E01016849|Hove_Blatch|Hove_Blatch
E01016849,E05015398,529289,104453,Hove_Blatch,Hove_Blatch,E01016849|Hove_Blatch|Hove_Blatch
E01016849,E05015398,529298,104533,Hove_Blatch,Hove_Blatch,E01016849|Hove_Blatch|Hove_Blatch
E01016849,E05015398,529231,104445,Hove_Blatch,Hove_Blatch,E01016849|Hove_Blatch|Hove_Blatch
E01016849,E05015398,529253,104559,Hove_Blatch,Hove_Blatch,E01016849|Hove_Blatch|Hove_Blatch
E01016849,E05015398,529321,104614,Hove_Blatch,Hove_Blatch,E01016849|Hove_Blatch|Hove_Blatch
E01016849,E05015398,529266,104650,Hove_Blatch,Hove_Blatch,E01016849|Hove_Blatch|Hove_Blatch
E01016856,E05015399,529148,104669,Hove_Blatch,Hove_Blatch,E01016856|Hove_Blatch|Hove_Blatch
E01016856,E05015399,529024,104691,Hove_Blatch,Hove_Blatch,E01016856|Hove_Blatch|Hove_Blatch
E01016856,E05015399,529102,104676,Hove_Blatch,Hove_Blatch,E01016856|Hove_Blatch|Hove_Blatch
E01016850,E05015398,529272,104269,Hove_Blatch,Hove_Blatch,E01016850|Hove_Blatch|Hove_Blatch
E01016856,E05015399,529062,104684,Hove_Blatch,Hove_Blatch,E01016856|Hove_Blatch|Hove_Blatch
E01016849,E05015398,529324,104516,Hove_Blatch,Hove_Blatch,E01016849|Hove_Blatch|Hove_Blatch
E01016849,E05015398,529329,104534,Hove_Blatch,Hove_Blatch,E01016849|Hove_Blatch|Hove_Blatch
E01016853,E05015398,529410,104694,Hove_Blatch,Hove_Blatch,E01016853|Hove_Blatch|Hove_Blatch
E01016853,E05015398,529417,104668,Hove_Blatch,Hove_Blatch,E01016853|Hove_Blatch|Hove_Blatch
E01016873,E05015401,529099,105474,Hove_Blatch,Hove_Blatch,E01016873|Hove_Blatch|Hove_Blatch
E01016849,E05015398,529267,104362,Hove_Blatch,Hove_Blatch,E01016849|Hove_Blatch|Hove_Blatch
E01016849,E05015398,529277,104429,Hove_Blatch,Hove_Blatch,E01016849|Hove_Blatch|Hove_Blatch
E01016858,E05015399,528757,104530,Hove_Blatch,Hove_Blatch,E01016858|Hove_Blatch|Hove_Blatch
E01016853,E05015398,529517,104655,Hove_Blatch,Hove_Blatch,E01016853|Hove_Blatch|Hove_Blatch
E01016849,E05015398,529475,104484,Hove_Blatch,Hove_Blatch,E01016849|Hove_Blatch|Hove_Blatch
E01016849,E05015398,529486,104548,Hove_Blatch,Hove_Blatch,E01016849|Hove_Blatch|Hove_Blatch
E01016851,E05015398,529473,104340,Hove_Blatch,Hove_Blatch,E01016851|Hove_Blatch|Hove_Blatch
E01016849,E05015398,529482,104387,Hove_Blatch,Hove_Blatch,E01016849|Hove_Blatch|Hove_Blatch
E01016849,E05015398,529472,104432,Hove_Blatch,Hove_Blatch,E01016849|Hove_Blatch|Hove_Blatch
E01016849,E05015398,529365,104461,Hove_Blatch,Hove_Blatch,E01016849|Hove_Blatch|Hove_Blatch
E01016849,E05015398,529336,104418,Hove_Blatch,Hove_Blatch,E01016849|Hove_Blatch|Hove_Blatch
E01016849,E05015398,529325,104370,Hove_Blatch,Hove_Blatch,E01016849|Hove_Blatch|Hove_Blatch
E01016849,E05015398,529316,104365,Hove_Blatch,Hove_Blatch,E01016849|Hove_Blatch|Hove_Blatch
E01016849,E05015398,529382,104573,Hove_Blatch,Hove_Blatch,E01016849|Hove_Blatch|Hove_Blatch
E01016849,E05015398,529372,104520,Hove_Blatch,Hove_Blatch,E01016849|Hove_Blatch|Hove_Blatch
E01016849,E05015398,529487,104583,Hove_Blatch,Hove_Blatch,E01016849|Hove_Blatch|Hove_Blatch
E01016859,E05015399,529113,104479,Hove_Blatch,Hove_Blatch,E01016859|Hove_Blatch|Hove_Blatch
E01016859,E05015399,529118,104510,Hove_Blatch,Hove_Blatch,E01016859|Hove_Blatch|Hove_Blatch
E01016859,E05015399,529122,104530,Hove_Blatch,Hove_Blatch,E01016859|Hove_Blatch|Hove_Blatch
E01016859,E05015399,529122,104530,Hove_Blatch,Hove_Blatch,E01016859|Hove_Blatch|Hove_Blatch
E01016856,E05015399,529139,104630,Hove_Blatch,Hove_Blatch,E01016856|Hove_Blatch|Hove_Blatch
E01016859,E05015399,529148,104464,Hove_Blatch,Hove_Blatch,E01016859|Hove_Blatch|Hove_Blatch
E01016859,E05015399,529168,104568,Hove_Blatch,Hove_Blatch,E01016859|Hove_Blatch|Hove_Blatch
E01016856,E05015399,529176,104647,Hove_Blatch,Hove_Blatch,E01016856|Hove_Blatch|Hove_Blatch
E01016849,E05015398,529215,104548,Hove_Blatch,Hove_Blatch,E01016849|Hove_Blatch|Hove_Blatch
E01016849,E05015398,529201,104456,Hove_Blatch,Hove_Blatch,E01016849|Hove_Blatch|Hove_Blatch
E01016859,E05015398,529207,104399,Hove_Blatch,Hove_Blatch,E01016859|Hove_Blatch|Hove_Blatch
E01016859,E05015398,529207,104399,Hove_Blatch,Hove_Blatch,E01016859|Hove_Blatch|Hove_Blatch
E01016859,E05015398,529207,104399,Hove_Blatch,Hove_Blatch,E01016859|Hove_Blatch|Hove_Blatch
E01016849,E05015398,529252,104619,Hove_Blatch,Hove_Blatch,E01016849|Hove_Blatch|Hove_Blatch
E01016858,E05015399,528760,104553,Hove_Blatch,Hove_Blatch,E01016858|Hove_Blatch|Hove_Blatch
E01016856,E05015399,529055,104660,Hove_Blatch,Hove_Blatch,E01016856|Hove_Blatch|Hove_Blatch
E01016859,E05015399,529021,104601,Hove_Blatch,Hove_Blatch,E01016859|Hove_Blatch|Hove_Blatch
E01016859,E05015399,529021,104601,Hove_Blatch,Hove_Blatch,E01016859|Hove_Blatch|Hove_Blatch
E01016859,E05015399,529021,104601,Hove_Blatch,Hove_Blatch,E01016859|Hove_Blatch|Hove_Blatch
E01016859,E05015399,529021,104601,Hove_Blatch,Hove_Blatch,E01016859|Hove_Blatch|Hove_Blatch
E01016859,E05015399,529020,104558,Hove_Blatch,Hove_Blatch,E01016859|Hove_Blatch|Hove_Blatch
E01016859,E05015399,529014,104521,Hove_Blatch,Hove_Blatch,E01016859|Hove_Blatch|Hove_Blatch
E01016859,E05015399,529005,104494,Hove_Blatch,Hove_Blatch,E01016859|Hove_Blatch|Hove_Blatch
E01016859,E05015399,529003,104462,Hove_Blatch,Hove_Blatch,E01016859|Hove_Blatch|Hove_Blatch
E01016859,E05015399,529003,104462,Hove_Blatch,Hove_Blatch,E01016859|Hove_Blatch|Hove_Blatch
E01016859,E05015399,529002,104425,Hove_Blatch,Hove_Blatch,E01016859|Hove_Blatch|Hove_Blatch
E01016859,E05015399,529002,104425,Hove_Blatch,Hove_Blatch,E01016859|Hove_Blatch|Hove_Blatch
E01016856,E05015399,529058,104675,Hove_Blatch,Hove_Blatch,E01016856|Hove_Blatch|Hove_Blatch
E01016856,E05015399,529003,104647,Hove_Blatch,Hove_Blatch,E01016856|Hove_Blatch|Hove_Blatch
E01016859,E05015399,528969,104507,Hove_Blatch,Hove_Blatch,E01016859|Hove_Blatch|Hove_Blatch
E01016859,E05015399,528930,104586,Hove_Blatch,Hove_Blatch,E01016859|Hove_Blatch|Hove_Blatch
E01016859,E05015399,528976,104404,Hove_Blatch,Hove_Blatch,E01016859|Hove_Blatch|Hove_Blatch
E01016859,E05015399,528899,104428,Hove_Blatch,Hove_Blatch,E01016859|Hove_Blatch|Hove_Blatch
E01016858,E05015399,528864,104429,Hove_Blatch,Hove_Blatch,E01016858|Hove_Blatch|Hove_Blatch
E01016858,E05015399,528831,104517,Hove_Blatch,Hove_Blatch,E01016858|Hove_Blatch|Hove_Blatch
E01016855,E05015399,528853,104634,Hove_Blatch,Hove_Blatch,E01016855|Hove_Blatch|Hove_Blatch
E01016858,E05015399,528887,104524,Hove_Blatch,Hove_Blatch,E01016858|Hove_Blatch|Hove_Blatch
E01016855,E05015399,528905,104635,Hove_Blatch,Hove_Blatch,E01016855|Hove_Blatch|Hove_Blatch
E01016856,E05015399,529038,104665,Hove_Blatch,Hove_Blatch,E01016856|Hove_Blatch|Hove_Blatch
E01016855,E05015399,528843,104670,Hove_Blatch,Hove_Blatch,E01016855|Hove_Blatch|Hove_Blatch
E01016858,E05015399,528823,104442,Hove_Blatch,Hove_Blatch,E01016858|Hove_Blatch|Hove_Blatch
E01016858,E05015399,528837,104590,Hove_Blatch,Hove_Blatch,E01016858|Hove_Blatch|Hove_Blatch
E01016855,E05015399,528915,104697,Hove_Blatch,Hove_Blatch,E01016855|Hove_Blatch|Hove_Blatch
E01016857,E05015399,528462,104413,Hove_Blatch,Hove_Blatch,E01016857|Hove_Blatch|Hove_Blatch
E01016859,E05015399,528920,104534,Hove_Blatch,Hove_Blatch,E01016859|Hove_Blatch|Hove_Blatch
E01016859,E05015399,529118,104380,Hove_Blatch,Hove_Blatch,E01016859|Hove_Blatch|Hove_Blatch
E01016859,E05015399,529104,104433,Hove_Blatch,Hove_Blatch,E01016859|Hove_Blatch|Hove_Blatch
E01016859,E05015399,529143,104421,Hove_Blatch,Hove_Blatch,E01016859|Hove_Blatch|Hove_Blatch
E01016858,E05015399,528668,104623,Hove_Blatch,Hove_Blatch,E01016858|Hove_Blatch|Hove_Blatch
E01016858,E05015399,528651,104666,Hove_Blatch,Hove_Blatch,E01016858|Hove_Blatch|Hove_Blatch
E01016858,E05015399,528616,104523,Hove_Blatch,Hove_Blatch,E01016858|Hove_Blatch|Hove_Blatch
E01016858,E05015399,528593,104551,Hove_Blatch,Hove_Blatch,E01016858|Hove_Blatch|Hove_Blatch
E01016858,E05015399,528660,104565,Hove_Blatch,Hove_Blatch,E01016858|Hove_Blatch|Hove_Blatch
E01016857,E05015399,528638,104480,Hove_Blatch,Hove_Blatch,E01016857|Hove_Blatch|Hove_Blatch
E01016857,E05015399,528559,104485,Hove_Blatch,Hove_Blatch,E01016857|Hove_Blatch|Hove_Blatch
E01016858,E05015399,528677,104542,Hove_Blatch,Hove_Blatch,E01016858|Hove_Blatch|Hove_Blatch
E01016855,E05015399,528713,104686,Hove_Blatch,Hove_Blatch,E01016855|Hove_Blatch|Hove_Blatch
E01016858,E05015399,528746,104626,Hove_Blatch,Hove_Blatch,E01016858|Hove_Blatch|Hove_Blatch
E01016859,E05015399,528711,104487,Hove_Blatch,Hove_Blatch,E01016859|Hove_Blatch|Hove_Blatch
E01016859,E05015399,528704,104449,Hove_Blatch,Hove_Blatch,E01016859|Hove_Blatch|Hove_Blatch
E01016858,E05015399,528790,104423,Hove_Blatch,Hove_Blatch,E01016858|Hove_Blatch|Hove_Blatch
E01016858,E05015399,528798,104511,Hove_Blatch,Hove_Blatch,E01016858|Hove_Blatch|Hove_Blatch
E01016858,E05015399,528811,104640,Hove_Blatch,Hove_Blatch,E01016858|Hove_Blatch|Hove_Blatch
E01016858,E05015399,528752,104515,Hove_Blatch,Hove_Blatch,E01016858|Hove_Blatch|Hove_Blatch
E01016858,E05015399,528772,104640,Hove_Blatch,Hove_Blatch,E01016858|Hove_Blatch|Hove_Blatch
E01016858,E05015399,528685,104724,Hove_Blatch,Hove_Blatch,E01016858|Hove_Blatch|Hove_Blatch
E01016855,E05015399,528690,104680,Hove_Blatch,Hove_Blatch,E01016855|Hove_Blatch|Hove_Blatch
E01016857,E05015399,528639,104512,Hove_Blatch,Hove_Blatch,E01016857|Hove_Blatch|Hove_Blatch
E01016857,E05015399,528387,104488,Hove_Blatch,Hove_Blatch,E01016857|Hove_Blatch|Hove_Blatch
E01016857,E05015399,528440,104504,Hove_Blatch,Hove_Blatch,E01016857|Hove_Blatch|Hove_Blatch
E01016857,E05015399,528487,104590,Hove_Blatch,Hove_Blatch,E01016857|Hove_Blatch|Hove_Blatch
E01016857,E05015399,528550,104715,Hove_Blatch,Hove_Blatch,E01016857|Hove_Blatch|Hove_Blatch
E01016857,E05015399,528408,104548,Hove_Blatch,Hove_Blatch,E01016857|Hove_Blatch|Hove_Blatch
E01016857,E05015399,528481,104491,Hove_Blatch,Hove_Blatch,E01016857|Hove_Blatch|Hove_Blatch
E01016858,E05015399,528511,104538,Hove_Blatch,Hove_Blatch,E01016858|Hove_Blatch|Hove_Blatch
E01016858,E05015399,528564,104640,Hove_Blatch,Hove_Blatch,E01016858|Hove_Blatch|Hove_Blatch
E01016857,E05015399,528596,104708,Hove_Blatch,Hove_Blatch,E01016857|Hove_Blatch|Hove_Blatch
E01016858,E05015399,528565,104544,Hove_Blatch,Hove_Blatch,E01016858|Hove_Blatch|Hove_Blatch
E01016858,E05015399,528635,104684,Hove_Blatch,Hove_Blatch,E01016858|Hove_Blatch|Hove_Blatch
E01016857,E05015399,528284,104510,Hove_Blatch,Hove_Blatch,E01016857|Hove_Blatch|Hove_Blatch
E01016857,E05015399,528289,104572,Hove_Blatch,Hove_Blatch,E01016857|Hove_Blatch|Hove_Blatch
E01016986,E05015416,528251,104596,Hove_Blatch,Hove_Blatch,E01016986|Hove_Blatch|Hove_Blatch
E01016986,E05015416,528233,104561,Hove_Blatch,Hove_Blatch,E01016986|Hove_Blatch|Hove_Blatch
E01016857,E05015399,528565,104359,Hove_Blatch,Hove_Blatch,E01016857|Hove_Blatch|Hove_Blatch
E01016857,E05015399,528567,104416,Hove_Blatch,Hove_Blatch,E01016857|Hove_Blatch|Hove_Blatch
E01016857,E05015399,528544,104396,Hove_Blatch,Hove_Blatch,E01016857|Hove_Blatch|Hove_Blatch
E01016857,E05015399,528560,104384,Hove_Blatch,Hove_Blatch,E01016857|Hove_Blatch|Hove_Blatch
E01016859,E05015399,528702,104379,Hove_Blatch,Hove_Blatch,E01016859|Hove_Blatch|Hove_Blatch
E01016859,E05015399,528761,104347,Hove_Blatch,Hove_Blatch,E01016859|Hove_Blatch|Hove_Blatch
E01016859,E05015399,528761,104347,Hove_Blatch,Hove_Blatch,E01016859|Hove_Blatch|Hove_Blatch
E01016859,E05015399,528810,104355,Hove_Blatch,Hove_Blatch,E01016859|Hove_Blatch|Hove_Blatch
E01016857,E05015399,528627,104378,Hove_Blatch,Hove_Blatch,E01016857|Hove_Blatch|Hove_Blatch
E01016850,E05015398,529910,104138,Hove_Blatch,Hove_Blatch,E01016850|Hove_Blatch|Hove_Blatch
E01016857,E05015399,528522,104371,Hove_Blatch,Hove_Blatch,E01016857|Hove_Blatch|Hove_Blatch
E01016857,E05015399,528451,104372,Hove_Blatch,Hove_Blatch,E01016857|Hove_Blatch|Hove_Blatch
E01016857,E05015399,528572,104357,Hove_Blatch,Hove_Blatch,E01016857|Hove_Blatch|Hove_Blatch
E01016857,E05015399,528596,104352,Hove_Blatch,Hove_Blatch,E01016857|Hove_Blatch|Hove_Blatch
E01016857,E05015399,528367,104438,Hove_Blatch,Hove_Blatch,E01016857|Hove_Blatch|Hove_Blatch
E01016853,E05015398,529432,104810,Hove_Blatch,Hove_Blatch,E01016853|Hove_Blatch|Hove_Blatch
E01016853,E05015398,529377,104721,Hove_Blatch,Hove_Blatch,E01016853|Hove_Blatch|Hove_Blatch
E01016853,E05015398,529393,104804,Hove_Blatch,Hove_Blatch,E01016853|Hove_Blatch|Hove_Blatch
E01016853,E05015398,529410,104900,Hove_Blatch,Hove_Blatch,E01016853|Hove_Blatch|Hove_Blatch
E01016874,E05015401,529404,104958,Hove_Blatch,Hove_Blatch,E01016874|Hove_Blatch|Hove_Blatch
E01016853,E05015398,529343,104800,Hove_Blatch,Hove_Blatch,E01016853|Hove_Blatch|Hove_Blatch
E01016853,E05015398,529362,104896,Hove_Blatch,Hove_Blatch,E01016853|Hove_Blatch|Hove_Blatch
E01016853,E05015398,529294,104768,Hove_Blatch,Hove_Blatch,E01016853|Hove_Blatch|Hove_Blatch
E01016853,E05015398,529316,104892,Hove_Blatch,Hove_Blatch,E01016853|Hove_Blatch|Hove_Blatch
E01016874,E05015401,529356,105136,Hove_Blatch,Hove_Blatch,E01016874|Hove_Blatch|Hove_Blatch
E01016855,E05015399,528867,104854,Hove_Blatch,Hove_Blatch,E01016855|Hove_Blatch|Hove_Blatch
E01016874,E05015401,529384,105004,Hove_Blatch,Hove_Blatch,E01016874|Hove_Blatch|Hove_Blatch
E01016874,E05015401,529384,105004,Hove_Blatch,Hove_Blatch,E01016874|Hove_Blatch|Hove_Blatch
E01016877,E05015401,529460,104979,Hove_Blatch,Hove_Blatch,E01016877|Hove_Blatch|Hove_Blatch
E01016872,E05015401,528831,105114,Hove_Blatch,Hove_Blatch,E01016872|Hove_Blatch|Hove_Blatch
E01016853,E05015398,529532,104798,Hove_Blatch,Hove_Blatch,E01016853|Hove_Blatch|Hove_Blatch
E01016853,E05015398,529527,104740,Hove_Blatch,Hove_Blatch,E01016853|Hove_Blatch|Hove_Blatch
E01016853,E05015398,529578,104795,Hove_Blatch,Hove_Blatch,E01016853|Hove_Blatch|Hove_Blatch
E01016853,E05015398,529533,104730,Hove_Blatch,Hove_Blatch,E01016853|Hove_Blatch|Hove_Blatch
E01016853,E05015398,529426,104770,Hove_Blatch,Hove_Blatch,E01016853|Hove_Blatch|Hove_Blatch
E01016856,E05015399,529022,104810,Hove_Blatch,Hove_Blatch,E01016856|Hove_Blatch|Hove_Blatch
E01016856,E05015399,529045,104942,Hove_Blatch,Hove_Blatch,E01016856|Hove_Blatch|Hove_Blatch
E01016855,E05015399,528897,104862,Hove_Blatch,Hove_Blatch,E01016855|Hove_Blatch|Hove_Blatch
E01016855,E05015399,528923,104967,Hove_Blatch,Hove_Blatch,E01016855|Hove_Blatch|Hove_Blatch
E01016855,E05015399,528949,104890,Hove_Blatch,Hove_Blatch,E01016855|Hove_Blatch|Hove_Blatch
E01016855,E05015399,528963,104974,Hove_Blatch,Hove_Blatch,E01016855|Hove_Blatch|Hove_Blatch
E01016855,E05015399,528986,104869,Hove_Blatch,Hove_Blatch,E01016855|Hove_Blatch|Hove_Blatch
E01016855,E05015399,529003,104946,Hove_Blatch,Hove_Blatch,E01016855|Hove_Blatch|Hove_Blatch
E01016877,E05015401,529572,104855,Hove_Blatch,Hove_Blatch,E01016877|Hove_Blatch|Hove_Blatch
E01016855,E05015399,528953,104842,Hove_Blatch,Hove_Blatch,E01016855|Hove_Blatch|Hove_Blatch
E01016855,E05015399,528834,105002,Hove_Blatch,Hove_Blatch,E01016855|Hove_Blatch|Hove_Blatch
E01016855,E05015399,528798,104868,Hove_Blatch,Hove_Blatch,E01016855|Hove_Blatch|Hove_Blatch
E01016855,E05015399,528757,104869,Hove_Blatch,Hove_Blatch,E01016855|Hove_Blatch|Hove_Blatch
E01016855,E05015399,528788,104991,Hove_Blatch,Hove_Blatch,E01016855|Hove_Blatch|Hove_Blatch
E01016855,E05015399,528822,104866,Hove_Blatch,Hove_Blatch,E01016855|Hove_Blatch|Hove_Blatch
E01016855,E05015399,528858,104997,Hove_Blatch,Hove_Blatch,E01016855|Hove_Blatch|Hove_Blatch
E01016855,E05015399,528848,104837,Hove_Blatch,Hove_Blatch,E01016855|Hove_Blatch|Hove_Blatch
E01016855,E05015399,528887,104969,Hove_Blatch,Hove_Blatch,E01016855|Hove_Blatch|Hove_Blatch
E01016855,E05015399,528844,105054,Hove_Blatch,Hove_Blatch,E01016855|Hove_Blatch|Hove_Blatch
E01016874,E05015401,529659,105247,Hove_Blatch,Hove_Blatch,E01016874|Hove_Blatch|Hove_Blatch
E01016873,E05015401,528474,105532,Hove_Blatch,Hove_Blatch,E01016873|Hove_Blatch|Hove_Blatch
E01016874,E05015401,529557,105265,Hove_Blatch,Hove_Blatch,E01016874|Hove_Blatch|Hove_Blatch
E01016855,E05015399,528932,104809,Hove_Blatch,Hove_Blatch,E01016855|Hove_Blatch|Hove_Blatch
E01016873,E05015401,529076,105375,Hove_Blatch,Hove_Blatch,E01016873|Hove_Blatch|Hove_Blatch
E01016871,E05015401,529267,105337,Hove_Blatch,Hove_Blatch,E01016871|Hove_Blatch|Hove_Blatch
E01016870,E05015401,529279,105392,Hove_Blatch,Hove_Blatch,E01016870|Hove_Blatch|Hove_Blatch
E01016871,E05015401,529382,105308,Hove_Blatch,Hove_Blatch,E01016871|Hove_Blatch|Hove_Blatch
E01016874,E05015401,529526,105226,Hove_Blatch,Hove_Blatch,E01016874|Hove_Blatch|Hove_Blatch
E01016874,E05015401,529456,105243,Hove_Blatch,Hove_Blatch,E01016874|Hove_Blatch|Hove_Blatch
E01016874,E05015401,529432,105240,Hove_Blatch,Hove_Blatch,E01016874|Hove_Blatch|Hove_Blatch
E01016874,E05015401,529441,105330,Hove_Blatch,Hove_Blatch,E01016874|Hove_Blatch|Hove_Blatch
E01016870,E05015401,529492,105357,Hove_Blatch,Hove_Blatch,E01016870|Hove_Blatch|Hove_Blatch
E01016874,E05015401,529553,105313,Hove_Blatch,Hove_Blatch,E01016874|Hove_Blatch|Hove_Blatch
E01016874,E05015401,529669,105286,Hove_Blatch,Hove_Blatch,E01016874|Hove_Blatch|Hove_Blatch
E01016874,E05015401,529570,105301,Hove_Blatch,Hove_Blatch,E01016874|Hove_Blatch|Hove_Blatch
E01016874,E05015401,529521,105278,Hove_Blatch,Hove_Blatch,E01016874|Hove_Blatch|Hove_Blatch
E01016874,E05015401,529620,105251,Hove_Blatch,Hove_Blatch,E01016874|Hove_Blatch|Hove_Blatch
E01016874,E05015401,529411,105324,Hove_Blatch,Hove_Blatch,E01016874|Hove_Blatch|Hove_Blatch
E01016871,E05015401,529256,105281,Hove_Blatch,Hove_Blatch,E01016871|Hove_Blatch|Hove_Blatch
E01016871,E05015401,529204,105282,Hove_Blatch,Hove_Blatch,E01016871|Hove_Blatch|Hove_Blatch
E01016870,E05015401,529267,105421,Hove_Blatch,Hove_Blatch,E01016870|Hove_Blatch|Hove_Blatch
E01016988,E05015416,528361,104936,Hove_Blatch,Hove_Blatch,E01016988|Hove_Blatch|Hove_Blatch
E01016988,E05015416,528392,105090,Hove_Blatch,Hove_Blatch,E01016988|Hove_Blatch|Hove_Blatch
E01016988,E05015416,528405,105186,Hove_Blatch,Hove_Blatch,E01016988|Hove_Blatch|Hove_Blatch
E01016988,E05015416,528358,104919,Hove_Blatch,Hove_Blatch,E01016988|Hove_Blatch|Hove_Blatch
E01016988,E05015416,528378,105015,Hove_Blatch,Hove_Blatch,E01016988|Hove_Blatch|Hove_Blatch
E01016860,E05015399,528711,104960,Hove_Blatch,Hove_Blatch,E01016860|Hove_Blatch|Hove_Blatch
E01016874,E05015401,529564,105088,Hove_Blatch,Hove_Blatch,E01016874|Hove_Blatch|Hove_Blatch
E01016853,E05015398,529456,104757,Hove_Blatch,Hove_Blatch,E01016853|Hove_Blatch|Hove_Blatch
E01016853,E05015398,529496,104759,Hove_Blatch,Hove_Blatch,E01016853|Hove_Blatch|Hove_Blatch
E01016853,E05015398,529482,104891,Hove_Blatch,Hove_Blatch,E01016853|Hove_Blatch|Hove_Blatch
E01016874,E05015401,529519,105048,Hove_Blatch,Hove_Blatch,E01016874|Hove_Blatch|Hove_Blatch
E01016874,E05015401,529570,105045,Hove_Blatch,Hove_Blatch,E01016874|Hove_Blatch|Hove_Blatch
E01016877,E05015401,529552,104977,Hove_Blatch,Hove_Blatch,E01016877|Hove_Blatch|Hove_Blatch
E01016877,E05015401,529552,104977,Hove_Blatch,Hove_Blatch,E01016877|Hove_Blatch|Hove_Blatch
E01016856,E05015399,529184,104773,Hove_Blatch,Hove_Blatch,E01016856|Hove_Blatch|Hove_Blatch
E01016856,E05015399,529184,104773,Hove_Blatch,Hove_Blatch,E01016856|Hove_Blatch|Hove_Blatch
E01016856,E05015399,529193,104826,Hove_Blatch,Hove_Blatch,E01016856|Hove_Blatch|Hove_Blatch
E01016856,E05015399,529193,104826,Hove_Blatch,Hove_Blatch,E01016856|Hove_Blatch|Hove_Blatch
E01016853,E05015398,529483,104677,Hove_Blatch,Hove_Blatch,E01016853|Hove_Blatch|Hove_Blatch
E01016874,E05015401,529522,105093,Hove_Blatch,Hove_Blatch,E01016874|Hove_Blatch|Hove_Blatch
E01016853,E05015398,529387,104769,Hove_Blatch,Hove_Blatch,E01016853|Hove_Blatch|Hove_Blatch
E01016991,E05015416,528421,105290,Hove_Blatch,Hove_Blatch,E01016991|Hove_Blatch|Hove_Blatch
E01016991,E05015416,528434,105372,Hove_Blatch,Hove_Blatch,E01016991|Hove_Blatch|Hove_Blatch
E01016873,E05015401,528473,105547,Hove_Blatch,Hove_Blatch,E01016873|Hove_Blatch|Hove_Blatch
E01016990,E05015416,528436,105529,Hove_Blatch,Hove_Blatch,E01016990|Hove_Blatch|Hove_Blatch
E01016990,E05015416,528429,105595,Hove_Blatch,Hove_Blatch,E01016990|Hove_Blatch|Hove_Blatch
E01016853,E05015398,529568,104746,Hove_Blatch,Hove_Blatch,E01016853|Hove_Blatch|Hove_Blatch
E01016991,E05015416,528437,105415,Hove_Blatch,Hove_Blatch,E01016991|Hove_Blatch|Hove_Blatch
E01016856,E05015399,529063,104766,Hove_Blatch,Hove_Blatch,E01016856|Hove_Blatch|Hove_Blatch
E01016856,E05015399,529069,104809,Hove_Blatch,Hove_Blatch,E01016856|Hove_Blatch|Hove_Blatch
E01016856,E05015399,529084,104922,Hove_Blatch,Hove_Blatch,E01016856|Hove_Blatch|Hove_Blatch
E01016856,E05015399,529138,104881,Hove_Blatch,Hove_Blatch,E01016856|Hove_Blatch|Hove_Blatch
E01016856,E05015399,529141,104917,Hove_Blatch,Hove_Blatch,E01016856|Hove_Blatch|Hove_Blatch
E01016856,E05015399,529145,104958,Hove_Blatch,Hove_Blatch,E01016856|Hove_Blatch|Hove_Blatch
E01016856,E05015399,529204,104841,Hove_Blatch,Hove_Blatch,E01016856|Hove_Blatch|Hove_Blatch
E01016856,E05015399,529219,104898,Hove_Blatch,Hove_Blatch,E01016856|Hove_Blatch|Hove_Blatch
E01016856,E05015399,529225,104949,Hove_Blatch,Hove_Blatch,E01016856|Hove_Blatch|Hove_Blatch
E01016853,E05015398,529249,104751,Hove_Blatch,Hove_Blatch,E01016853|Hove_Blatch|Hove_Blatch
E01016853,E05015398,529269,104890,Hove_Blatch,Hove_Blatch,E01016853|Hove_Blatch|Hove_Blatch
E01016856,E05015399,529181,104916,Hove_Blatch,Hove_Blatch,E01016856|Hove_Blatch|Hove_Blatch
E01016860,E05015399,528501,104863,Hove_Blatch,Hove_Blatch,E01016860|Hove_Blatch|Hove_Blatch
E01016856,E05015399,529119,104745,Hove_Blatch,Hove_Blatch,E01016856|Hove_Blatch|Hove_Blatch
E01016856,E05015399,529062,104749,Hove_Blatch,Hove_Blatch,E01016856|Hove_Blatch|Hove_Blatch
E01016856,E05015399,529096,104973,Hove_Blatch,Hove_Blatch,E01016856|Hove_Blatch|Hove_Blatch
E01016860,E05015399,528492,104839,Hove_Blatch,Hove_Blatch,E01016860|Hove_Blatch|Hove_Blatch
E01016873,E05015401,528528,105582,Hove_Blatch,Hove_Blatch,E01016873|Hove_Blatch|Hove_Blatch
E01016873,E05015401,528541,105613,Hove_Blatch,Hove_Blatch,E01016873|Hove_Blatch|Hove_Blatch
E01016873,E05015401,528850,105464,Hove_Blatch,Hove_Blatch,E01016873|Hove_Blatch|Hove_Blatch
E01016873,E05015401,528682,105493,Hove_Blatch,Hove_Blatch,E01016873|Hove_Blatch|Hove_Blatch
E01016873,E05015401,528670,105452,Hove_Blatch,Hove_Blatch,E01016873|Hove_Blatch|Hove_Blatch
E01016873,E05015401,528593,105464,Hove_Blatch,Hove_Blatch,E01016873|Hove_Blatch|Hove_Blatch
E01016873,E05015401,528679,105575,Hove_Blatch,Hove_Blatch,E01016873|Hove_Blatch|Hove_Blatch
E01016873,E05015401,528572,105544,Hove_Blatch,Hove_Blatch,E01016873|Hove_Blatch|Hove_Blatch
E01016873,E05015401,528520,105543,Hove_Blatch,Hove_Blatch,E01016873|Hove_Blatch|Hove_Blatch
E01016874,E05015401,529324,104982,Hove_Blatch,Hove_Blatch,E01016874|Hove_Blatch|Hove_Blatch
E01016873,E05015401,529056,105407,Hove_Blatch,Hove_Blatch,E01016873|Hove_Blatch|Hove_Blatch
E01016877,E05015401,529537,104869,Hove_Blatch,Hove_Blatch,E01016877|Hove_Blatch|Hove_Blatch
E01016874,E05015401,529304,105123,Hove_Blatch,Hove_Blatch,E01016874|Hove_Blatch|Hove_Blatch
E01016871,E05015401,529251,105125,Hove_Blatch,Hove_Blatch,E01016871|Hove_Blatch|Hove_Blatch
E01016871,E05015401,529168,105070,Hove_Blatch,Hove_Blatch,E01016871|Hove_Blatch|Hove_Blatch
E01016871,E05015401,529179,105140,Hove_Blatch,Hove_Blatch,E01016871|Hove_Blatch|Hove_Blatch
E01016871,E05015401,529106,105103,Hove_Blatch,Hove_Blatch,E01016871|Hove_Blatch|Hove_Blatch
E01016871,E05015401,529122,105204,Hove_Blatch,Hove_Blatch,E01016871|Hove_Blatch|Hove_Blatch
E01016873,E05015401,529129,105406,Hove_Blatch,Hove_Blatch,E01016873|Hove_Blatch|Hove_Blatch
E01016855,E05015399,528979,105027,Hove_Blatch,Hove_Blatch,E01016855|Hove_Blatch|Hove_Blatch
E01016871,E05015401,528972,105077,Hove_Blatch,Hove_Blatch,E01016871|Hove_Blatch|Hove_Blatch
E01016871,E05015401,529197,105360,Hove_Blatch,Hove_Blatch,E01016871|Hove_Blatch|Hove_Blatch
E01016856,E05015399,529179,104981,Hove_Blatch,Hove_Blatch,E01016856|Hove_Blatch|Hove_Blatch
E01016871,E05015401,529064,105047,Hove_Blatch,Hove_Blatch,E01016871|Hove_Blatch|Hove_Blatch
E01016871,E05015401,529194,105229,Hove_Blatch,Hove_Blatch,E01016871|Hove_Blatch|Hove_Blatch
E01016871,E05015401,529184,105165,Hove_Blatch,Hove_Blatch,E01016871|Hove_Blatch|Hove_Blatch
E01016871,E05015401,529135,105294,Hove_Blatch,Hove_Blatch,E01016871|Hove_Blatch|Hove_Blatch
E01016874,E05015401,529322,105237,Hove_Blatch,Hove_Blatch,E01016874|Hove_Blatch|Hove_Blatch
E01016853,E05015398,529387,104926,Hove_Blatch,Hove_Blatch,E01016853|Hove_Blatch|Hove_Blatch
E01016871,E05015401,529141,105320,Hove_Blatch,Hove_Blatch,E01016871|Hove_Blatch|Hove_Blatch
E01016871,E05015401,529102,105325,Hove_Blatch,Hove_Blatch,E01016871|Hove_Blatch|Hove_Blatch
E01016871,E05015401,529175,105030,Hove_Blatch,Hove_Blatch,E01016871|Hove_Blatch|Hove_Blatch
E01016873,E05015401,528844,105409,Hove_Blatch,Hove_Blatch,E01016873|Hove_Blatch|Hove_Blatch
E01016860,E05015399,528544,105189,Hove_Blatch,Hove_Blatch,E01016860|Hove_Blatch|Hove_Blatch
E01016860,E05015399,528707,105154,Hove_Blatch,Hove_Blatch,E01016860|Hove_Blatch|Hove_Blatch
E01016860,E05015399,528733,105192,Hove_Blatch,Hove_Blatch,E01016860|Hove_Blatch|Hove_Blatch
E01016860,E05015399,528559,105228,Hove_Blatch,Hove_Blatch,E01016860|Hove_Blatch|Hove_Blatch
E01016872,E05015399,528783,105140,Hove_Blatch,Hove_Blatch,E01016872|Hove_Blatch|Hove_Blatch
E01016872,E05015399,528571,105287,Hove_Blatch,Hove_Blatch,E01016872|Hove_Blatch|Hove_Blatch
E01016872,E05015399,528571,105258,Hove_Blatch,Hove_Blatch,E01016872|Hove_Blatch|Hove_Blatch
E01016860,E05015399,528656,105226,Hove_Blatch,Hove_Blatch,E01016860|Hove_Blatch|Hove_Blatch
E01016872,E05015399,528685,105385,Hove_Blatch,Hove_Blatch,E01016872|Hove_Blatch|Hove_Blatch
E01016872,E05015399,528736,105256,Hove_Blatch,Hove_Blatch,E01016872|Hove_Blatch|Hove_Blatch
E01016872,E05015399,528732,105227,Hove_Blatch,Hove_Blatch,E01016872|Hove_Blatch|Hove_Blatch
E01016872,E05015399,528802,105216,Hove_Blatch,Hove_Blatch,E01016872|Hove_Blatch|Hove_Blatch
E01016872,E05015401,528847,105206,Hove_Blatch,Hove_Blatch,E01016872|Hove_Blatch|Hove_Blatch
E01016872,E05015399,528824,105330,Hove_Blatch,Hove_Blatch,E01016872|Hove_Blatch|Hove_Blatch
E01016872,E05015401,528873,105331,Hove_Blatch,Hove_Blatch,E01016872|Hove_Blatch|Hove_Blatch
E01016873,E05015401,528856,105450,Hove_Blatch,Hove_Blatch,E01016873|Hove_Blatch|Hove_Blatch
E01016873,E05015401,528895,105432,Hove_Blatch,Hove_Blatch,E01016873|Hove_Blatch|Hove_Blatch
E01016873,E05015401,528910,105495,Hove_Blatch,Hove_Blatch,E01016873|Hove_Blatch|Hove_Blatch
E01016873,E05015401,529099,105474,Hove_Blatch,Hove_Blatch,E01016873|Hove_Blatch|Hove_Blatch
E01016872,E05015401,528858,105092,Hove_Blatch,Hove_Blatch,E01016872|Hove_Blatch|Hove_Blatch
E01016873,E05015401,528860,105160,Hove_Blatch,Hove_Blatch,E01016873|Hove_Blatch|Hove_Blatch
E01016873,E05015401,528927,105294,Hove_Blatch,Hove_Blatch,E01016873|Hove_Blatch|Hove_Blatch
E01016873,E05015401,528962,105253,Hove_Blatch,Hove_Blatch,E01016873|Hove_Blatch|Hove_Blatch
E01016873,E05015401,528963,105447,Hove_Blatch,Hove_Blatch,E01016873|Hove_Blatch|Hove_Blatch
E01016873,E05015401,529009,105457,Hove_Blatch,Hove_Blatch,E01016873|Hove_Blatch|Hove_Blatch
E01016871,E05015401,528992,105165,Hove_Blatch,Hove_Blatch,E01016871|Hove_Blatch|Hove_Blatch
E01016871,E05015401,529005,105235,Hove_Blatch,Hove_Blatch,E01016871|Hove_Blatch|Hove_Blatch
E01016871,E05015401,529056,105179,Hove_Blatch,Hove_Blatch,E01016871|Hove_Blatch|Hove_Blatch
E01016871,E05015401,529052,105192,Hove_Blatch,Hove_Blatch,E01016871|Hove_Blatch|Hove_Blatch
E01016872,E05015401,528883,105095,Hove_Blatch,Hove_Blatch,E01016872|Hove_Blatch|Hove_Blatch
E01016871,E05015401,528984,105151,Hove_Blatch,Hove_Blatch,E01016871|Hove_Blatch|Hove_Blatch
E01016871,E05015401,528998,105174,Hove_Blatch,Hove_Blatch,E01016871|Hove_Blatch|Hove_Blatch
E01016871,E05015401,529062,105219,Hove_Blatch,Hove_Blatch,E01016871|Hove_Blatch|Hove_Blatch
E01016873,E05015401,528919,105407,Hove_Blatch,Hove_Blatch,E01016873|Hove_Blatch|Hove_Blatch
E01016873,E05015401,529012,105325,Hove_Blatch,Hove_Blatch,E01016873|Hove_Blatch|Hove_Blatch
E01016871,E05015401,529032,105111,Hove_Blatch,Hove_Blatch,E01016871|Hove_Blatch|Hove_Blatch
E01016871,E05015401,529066,105267,Hove_Blatch,Hove_Blatch,E01016871|Hove_Blatch|Hove_Blatch
E01016873,E05015401,529099,105474,Hove_Blatch,Hove_Blatch,E01016873|Hove_Blatch|Hove_Blatch
E01016871,E05015401,529029,105071,Hove_Blatch,Hove_Blatch,E01016871|Hove_Blatch|Hove_Blatch
E01016860,E05015399,528398,104914,Hove_Blatch,Hove_Blatch,E01016860|Hove_Blatch|Hove_Blatch
E01016860,E05015399,528447,104886,Hove_Blatch,Hove_Blatch,E01016860|Hove_Blatch|Hove_Blatch
E01016860,E05015399,528433,105085,Hove_Blatch,Hove_Blatch,E01016860|Hove_Blatch|Hove_Blatch
E01016860,E05015399,528459,105245,Hove_Blatch,Hove_Blatch,E01016860|Hove_Blatch|Hove_Blatch
E01016873,E05015399,528477,105378,Hove_Blatch,Hove_Blatch,E01016873|Hove_Blatch|Hove_Blatch
E01016872,E05015399,528573,105317,Hove_Blatch,Hove_Blatch,E01016872|Hove_Blatch|Hove_Blatch
E01016872,E05015399,528572,105342,Hove_Blatch,Hove_Blatch,E01016872|Hove_Blatch|Hove_Blatch
E01016872,E05015399,528755,105282,Hove_Blatch,Hove_Blatch,E01016872|Hove_Blatch|Hove_Blatch
E01016872,E05015399,528588,105371,Hove_Blatch,Hove_Blatch,E01016872|Hove_Blatch|Hove_Blatch
E01016872,E05015399,528590,105397,Hove_Blatch,Hove_Blatch,E01016872|Hove_Blatch|Hove_Blatch
E01016872,E05015399,528760,105366,Hove_Blatch,Hove_Blatch,E01016872|Hove_Blatch|Hove_Blatch
E01016872,E05015399,528596,105427,Hove_Blatch,Hove_Blatch,E01016872|Hove_Blatch|Hove_Blatch
E01016873,E05015401,528494,105491,Hove_Blatch,Hove_Blatch,E01016873|Hove_Blatch|Hove_Blatch
E01016872,E05015399,528767,105394,Hove_Blatch,Hove_Blatch,E01016872|Hove_Blatch|Hove_Blatch
E01016873,E05015401,528566,105482,Hove_Blatch,Hove_Blatch,E01016873|Hove_Blatch|Hove_Blatch
E01016873,E05015401,528641,105448,Hove_Blatch,Hove_Blatch,E01016873|Hove_Blatch|Hove_Blatch
E01016873,E05015401,528719,105433,Hove_Blatch,Hove_Blatch,E01016873|Hove_Blatch|Hove_Blatch
E01016873,E05015401,528782,105429,Hove_Blatch,Hove_Blatch,E01016873|Hove_Blatch|Hove_Blatch
E01016874,E05015401,529298,105019,Hove_Blatch,Hove_Blatch,E01016874|Hove_Blatch|Hove_Blatch
E01016855,E05015399,528729,104884,Hove_Blatch,Hove_Blatch,E01016855|Hove_Blatch|Hove_Blatch
E01016855,E05015399,528762,105006,Hove_Blatch,Hove_Blatch,E01016855|Hove_Blatch|Hove_Blatch
E01016855,E05015399,528739,105024,Hove_Blatch,Hove_Blatch,E01016855|Hove_Blatch|Hove_Blatch
E01016855,E05015399,528706,104917,Hove_Blatch,Hove_Blatch,E01016855|Hove_Blatch|Hove_Blatch
E01016860,E05015399,528759,105076,Hove_Blatch,Hove_Blatch,E01016860|Hove_Blatch|Hove_Blatch
E01016860,E05015399,528699,105122,Hove_Blatch,Hove_Blatch,E01016860|Hove_Blatch|Hove_Blatch
E01016860,E05015399,528645,105103,Hove_Blatch,Hove_Blatch,E01016860|Hove_Blatch|Hove_Blatch
E01016860,E05015399,528606,105146,Hove_Blatch,Hove_Blatch,E01016860|Hove_Blatch|Hove_Blatch
E01016860,E05015399,528548,105160,Hove_Blatch,Hove_Blatch,E01016860|Hove_Blatch|Hove_Blatch
E01016860,E05015399,528501,105138,Hove_Blatch,Hove_Blatch,E01016860|Hove_Blatch|Hove_Blatch
E01016860,E05015399,528484,105177,Hove_Blatch,Hove_Blatch,E01016860|Hove_Blatch|Hove_Blatch
E01016860,E05015399,528710,105017,Hove_Blatch,Hove_Blatch,E01016860|Hove_Blatch|Hove_Blatch
E01016860,E05015399,528658,105066,Hove_Blatch,Hove_Blatch,E01016860|Hove_Blatch|Hove_Blatch
E01016860,E05015399,528593,105029,Hove_Blatch,Hove_Blatch,E01016860|Hove_Blatch|Hove_Blatch
E01016860,E05015399,528651,105037,Hove_Blatch,Hove_Blatch,E01016860|Hove_Blatch|Hove_Blatch
E01016860,E05015399,528503,104973,Hove_Blatch,Hove_Blatch,E01016860|Hove_Blatch|Hove_Blatch
E01016860,E05015399,528569,105048,Hove_Blatch,Hove_Blatch,E01016860|Hove_Blatch|Hove_Blatch
E01016860,E05015399,528479,105066,Hove_Blatch,Hove_Blatch,E01016860|Hove_Blatch|Hove_Blatch
E01016855,E05015399,528725,104868,Hove_Blatch,Hove_Blatch,E01016855|Hove_Blatch|Hove_Blatch
E01016873,E05015401,529099,105474,Hove_Blatch,Hove_Blatch,E01016873|Hove_Blatch|Hove_Blatch
E01016860,E05015399,528456,105062,Hove_Blatch,Hove_Blatch,E01016860|Hove_Blatch|Hove_Blatch
E01016988,E05015416,528321,104872,Hove_Blatch,Hove_Blatch,E01016988|Hove_Blatch|Hove_Blatch
E01016988,E05015416,528252,104891,Hove_Blatch,Hove_Blatch,E01016988|Hove_Blatch|Hove_Blatch
E01016986,E05015416,528102,104922,Hove_Blatch,Hove_Blatch,E01016986|Hove_Blatch|Hove_Blatch
E01016986,E05015416,527910,104985,Hove_Blatch,Hove_Blatch,E01016986|Hove_Blatch|Hove_Blatch
E01016986,E05015416,527910,104985,Hove_Blatch,Hove_Blatch,E01016986|Hove_Blatch|Hove_Blatch
E01016986,E05015416,527971,104972,Hove_Blatch,Hove_Blatch,E01016986|Hove_Blatch|Hove_Blatch
E01016855,E05015399,528947,104804,Hove_Blatch,Hove_Blatch,E01016855|Hove_Blatch|Hove_Blatch
E01016988,E05015416,528225,104896,Hove_Blatch,Hove_Blatch,E01016988|Hove_Blatch|Hove_Blatch
E01016994,E05015419,526298,105018,Hove_Blatch,Hove_Blatch,E01016994|Hove_Blatch|Hove_Blatch
E01016994,E05015419,526303,104912,Hove_Blatch,Hove_Blatch,E01016994|Hove_Blatch|Hove_Blatch
E01016992,E05015419,526833,104803,Hove_Blatch,Hove_Blatch,E01016992|Hove_Blatch|Hove_Blatch
E01016987,E05015416,527796,104990,Hove_Blatch,Hove_Blatch,E01016987|Hove_Blatch|Hove_Blatch
E01016987,E05015416,527554,105039,Hove_Blatch,Hove_Blatch,E01016987|Hove_Blatch|Hove_Blatch
E01016995,E05015419,527369,105070,Hove_Blatch,Hove_Blatch,E01016995|Hove_Blatch|Hove_Blatch
E01016995,E05015419,527230,105095,Hove_Blatch,Hove_Blatch,E01016995|Hove_Blatch|Hove_Blatch
E01016987,E05015416,527837,104986,Hove_Blatch,Hove_Blatch,E01016987|Hove_Blatch|Hove_Blatch
E01016987,E05015416,527880,104973,Hove_Blatch,Hove_Blatch,E01016987|Hove_Blatch|Hove_Blatch
E01016987,E05015416,527813,105049,Hove_Blatch,Hove_Blatch,E01016987|Hove_Blatch|Hove_Blatch
E01016987,E05015416,528091,104940,Hove_Blatch,Hove_Blatch,E01016987|Hove_Blatch|Hove_Blatch
E01016987,E05015416,527771,104995,Hove_Blatch,Hove_Blatch,E01016987|Hove_Blatch|Hove_Blatch
E01016987,E05015416,528061,104947,Hove_Blatch,Hove_Blatch,E01016987|Hove_Blatch|Hove_Blatch
E01016997,E05015419,526847,105172,Hove_Blatch,Hove_Blatch,E01016997|Hove_Blatch|Hove_Blatch
E01016992,E05015419,527058,105130,Hove_Blatch,Hove_Blatch,E01016992|Hove_Blatch|Hove_Blatch
E01016986,E05015416,527975,104895,Hove_Blatch,Hove_Blatch,E01016986|Hove_Blatch|Hove_Blatch
E01016986,E05015416,527948,104899,Hove_Blatch,Hove_Blatch,E01016986|Hove_Blatch|Hove_Blatch
E01016997,E05015419,526761,105142,Hove_Blatch,Hove_Blatch,E01016997|Hove_Blatch|Hove_Blatch
E01016994,E05015419,526474,105203,Hove_Blatch,Hove_Blatch,E01016994|Hove_Blatch|Hove_Blatch
E01016997,E05015419,526640,105218,Hove_Blatch,Hove_Blatch,E01016997|Hove_Blatch|Hove_Blatch
E01016994,E05015419,526417,105263,Hove_Blatch,Hove_Blatch,E01016994|Hove_Blatch|Hove_Blatch
E01016994,E05015419,526318,105130,Hove_Blatch,Hove_Blatch,E01016994|Hove_Blatch|Hove_Blatch
E01016994,E05015419,526308,104944,Hove_Blatch,Hove_Blatch,E01016994|Hove_Blatch|Hove_Blatch
E01016994,E05015419,526285,104910,Hove_Blatch,Hove_Blatch,E01016994|Hove_Blatch|Hove_Blatch
E01016986,E05015416,527768,104459,Hove_Blatch,Hove_Blatch,E01016986|Hove_Blatch|Hove_Blatch
E01016986,E05015416,527798,104556,Hove_Blatch,Hove_Blatch,E01016986|Hove_Blatch|Hove_Blatch
E01016989,E05015416,527695,104558,Hove_Blatch,Hove_Blatch,E01016989|Hove_Blatch|Hove_Blatch
E01016989,E05015416,527835,104787,Hove_Blatch,Hove_Blatch,E01016989|Hove_Blatch|Hove_Blatch
E01016989,E05015416,527782,104764,Hove_Blatch,Hove_Blatch,E01016989|Hove_Blatch|Hove_Blatch
E01016986,E05015419,527474,104593,Hove_Blatch,Hove_Blatch,E01016986|Hove_Blatch|Hove_Blatch
E01016988,E05015416,528292,104826,Hove_Blatch,Hove_Blatch,E01016988|Hove_Blatch|Hove_Blatch
E01016986,E05015416,528093,104866,Hove_Blatch,Hove_Blatch,E01016986|Hove_Blatch|Hove_Blatch
E01016987,E05015416,527810,104927,Hove_Blatch,Hove_Blatch,E01016987|Hove_Blatch|Hove_Blatch
E01016987,E05015419,527644,104960,Hove_Blatch,Hove_Blatch,E01016987|Hove_Blatch|Hove_Blatch
E01016989,E05015419,527719,104660,Hove_Blatch,Hove_Blatch,E01016989|Hove_Blatch|Hove_Blatch
E01016989,E05015419,527748,104838,Hove_Blatch,Hove_Blatch,E01016989|Hove_Blatch|Hove_Blatch
E01016989,E05015419,527679,104684,Hove_Blatch,Hove_Blatch,E01016989|Hove_Blatch|Hove_Blatch
E01016989,E05015419,527703,104830,Hove_Blatch,Hove_Blatch,E01016989|Hove_Blatch|Hove_Blatch
E01016989,E05015419,527618,104581,Hove_Blatch,Hove_Blatch,E01016989|Hove_Blatch|Hove_Blatch
E01016989,E05015419,527662,104569,Hove_Blatch,Hove_Blatch,E01016989|Hove_Blatch|Hove_Blatch
E01016989,E05015416,527804,104600,Hove_Blatch,Hove_Blatch,E01016989|Hove_Blatch|Hove_Blatch
E01016989,E05015416,527720,104555,Hove_Blatch,Hove_Blatch,E01016989|Hove_Blatch|Hove_Blatch
E01016986,E05015416,528022,104542,Hove_Blatch,Hove_Blatch,E01016986|Hove_Blatch|Hove_Blatch
E01016986,E05015416,528264,104729,Hove_Blatch,Hove_Blatch,E01016986|Hove_Blatch|Hove_Blatch
E01016988,E05015416,528222,104748,Hove_Blatch,Hove_Blatch,E01016988|Hove_Blatch|Hove_Blatch
E01016986,E05015416,528224,104633,Hove_Blatch,Hove_Blatch,E01016986|Hove_Blatch|Hove_Blatch
E01016986,E05015416,528164,104763,Hove_Blatch,Hove_Blatch,E01016986|Hove_Blatch|Hove_Blatch
E01016986,E05015416,528010,104813,Hove_Blatch,Hove_Blatch,E01016986|Hove_Blatch|Hove_Blatch
E01016986,E05015416,527988,104659,Hove_Blatch,Hove_Blatch,E01016986|Hove_Blatch|Hove_Blatch
E01016989,E05015416,527871,104732,Hove_Blatch,Hove_Blatch,E01016989|Hove_Blatch|Hove_Blatch
E01016986,E05015416,527920,104748,Hove_Blatch,Hove_Blatch,E01016986|Hove_Blatch|Hove_Blatch
E01016986,E05015416,527927,104547,Hove_Blatch,Hove_Blatch,E01016986|Hove_Blatch|Hove_Blatch
E01016986,E05015416,528032,104737,Hove_Blatch,Hove_Blatch,E01016986|Hove_Blatch|Hove_Blatch
E01016986,E05015416,527956,104445,Hove_Blatch,Hove_Blatch,E01016986|Hove_Blatch|Hove_Blatch
E01016986,E05015416,527946,104702,Hove_Blatch,Hove_Blatch,E01016986|Hove_Blatch|Hove_Blatch
E01016986,E05015416,528145,104522,Hove_Blatch,Hove_Blatch,E01016986|Hove_Blatch|Hove_Blatch
E01016986,E05015416,528138,104610,Hove_Blatch,Hove_Blatch,E01016986|Hove_Blatch|Hove_Blatch
E01016988,E05015416,528274,104660,Hove_Blatch,Hove_Blatch,E01016988|Hove_Blatch|Hove_Blatch
E01016986,E05015416,527841,104558,Hove_Blatch,Hove_Blatch,E01016986|Hove_Blatch|Hove_Blatch
E01016988,E05015416,528194,104685,Hove_Blatch,Hove_Blatch,E01016988|Hove_Blatch|Hove_Blatch
E01016989,E05015419,527514,104799,Hove_Blatch,Hove_Blatch,E01016989|Hove_Blatch|Hove_Blatch
E01016995,E05015419,527477,104806,Hove_Blatch,Hove_Blatch,E01016995|Hove_Blatch|Hove_Blatch
E01016995,E05015419,527334,104621,Hove_Blatch,Hove_Blatch,E01016995|Hove_Blatch|Hove_Blatch
E01016995,E05015419,527412,104604,Hove_Blatch,Hove_Blatch,E01016995|Hove_Blatch|Hove_Blatch
E01016986,E05015419,527580,104576,Hove_Blatch,Hove_Blatch,E01016986|Hove_Blatch|Hove_Blatch
E01016986,E05015419,527528,104689,Hove_Blatch,Hove_Blatch,E01016986|Hove_Blatch|Hove_Blatch
E01016989,E05015419,527558,104877,Hove_Blatch,Hove_Blatch,E01016989|Hove_Blatch|Hove_Blatch
E01016989,E05015419,527566,104692,Hove_Blatch,Hove_Blatch,E01016989|Hove_Blatch|Hove_Blatch
E01016989,E05015419,527595,104869,Hove_Blatch,Hove_Blatch,E01016989|Hove_Blatch|Hove_Blatch
E01016989,E05015419,527590,104659,Hove_Blatch,Hove_Blatch,E01016989|Hove_Blatch|Hove_Blatch
E01016989,E05015419,527625,104853,Hove_Blatch,Hove_Blatch,E01016989|Hove_Blatch|Hove_Blatch
E01016989,E05015419,527634,104686,Hove_Blatch,Hove_Blatch,E01016989|Hove_Blatch|Hove_Blatch
E01016989,E05015419,527665,104858,Hove_Blatch,Hove_Blatch,E01016989|Hove_Blatch|Hove_Blatch
E01016989,E05015419,527540,104982,Hove_Blatch,Hove_Blatch,E01016989|Hove_Blatch|Hove_Blatch
E01016995,E05015419,527383,105015,Hove_Blatch,Hove_Blatch,E01016995|Hove_Blatch|Hove_Blatch
E01016992,E05015419,527167,105057,Hove_Blatch,Hove_Blatch,E01016992|Hove_Blatch|Hove_Blatch
E01016992,E05015419,526927,105106,Hove_Blatch,Hove_Blatch,E01016992|Hove_Blatch|Hove_Blatch
E01016995,E05015419,527415,104720,Hove_Blatch,Hove_Blatch,E01016995|Hove_Blatch|Hove_Blatch
E01016995,E05015419,527446,104897,Hove_Blatch,Hove_Blatch,E01016995|Hove_Blatch|Hove_Blatch
E01016995,E05015419,527381,104736,Hove_Blatch,Hove_Blatch,E01016995|Hove_Blatch|Hove_Blatch
E01016995,E05015419,527411,104912,Hove_Blatch,Hove_Blatch,E01016995|Hove_Blatch|Hove_Blatch
E01016995,E05015419,527297,104737,Hove_Blatch,Hove_Blatch,E01016995|Hove_Blatch|Hove_Blatch
E01016995,E05015419,527330,104916,Hove_Blatch,Hove_Blatch,E01016995|Hove_Blatch|Hove_Blatch
E01016995,E05015419,527338,104750,Hove_Blatch,Hove_Blatch,E01016995|Hove_Blatch|Hove_Blatch
E01016995,E05015419,527368,104913,Hove_Blatch,Hove_Blatch,E01016995|Hove_Blatch|Hove_Blatch
E01016995,E05015419,527318,104627,Hove_Blatch,Hove_Blatch,E01016995|Hove_Blatch|Hove_Blatch
E01016992,E05015419,526968,105099,Hove_Blatch,Hove_Blatch,E01016992|Hove_Blatch|Hove_Blatch
E01016997,E05015419,526894,105115,Hove_Blatch,Hove_Blatch,E01016997|Hove_Blatch|Hove_Blatch
E01016995,E05015419,527317,104646,Hove_Blatch,Hove_Blatch,E01016995|Hove_Blatch|Hove_Blatch
E01016992,E05015419,526882,104928,Hove_Blatch,Hove_Blatch,E01016992|Hove_Blatch|Hove_Blatch
E01016992,E05015419,526922,104940,Hove_Blatch,Hove_Blatch,E01016992|Hove_Blatch|Hove_Blatch
E01016992,E05015419,526894,104788,Hove_Blatch,Hove_Blatch,E01016992|Hove_Blatch|Hove_Blatch
E01016992,E05015419,526946,104852,Hove_Blatch,Hove_Blatch,E01016992|Hove_Blatch|Hove_Blatch
E01016992,E05015419,526975,104994,Hove_Blatch,Hove_Blatch,E01016992|Hove_Blatch|Hove_Blatch
E01016992,E05015419,527042,104872,Hove_Blatch,Hove_Blatch,E01016992|Hove_Blatch|Hove_Blatch
E01016992,E05015419,527169,104832,Hove_Blatch,Hove_Blatch,E01016992|Hove_Blatch|Hove_Blatch
E01016995,E05015419,527239,104654,Hove_Blatch,Hove_Blatch,E01016995|Hove_Blatch|Hove_Blatch
E01016995,E05015419,527219,104733,Hove_Blatch,Hove_Blatch,E01016995|Hove_Blatch|Hove_Blatch
E01016995,E05015419,527294,104924,Hove_Blatch,Hove_Blatch,E01016995|Hove_Blatch|Hove_Blatch
E01016995,E05015419,527165,104747,Hove_Blatch,Hove_Blatch,E01016995|Hove_Blatch|Hove_Blatch
E01016995,E05015419,527119,104699,Hove_Blatch,Hove_Blatch,E01016995|Hove_Blatch|Hove_Blatch
E01016995,E05015419,527138,104758,Hove_Blatch,Hove_Blatch,E01016995|Hove_Blatch|Hove_Blatch
E01016992,E05015419,527082,104780,Hove_Blatch,Hove_Blatch,E01016992|Hove_Blatch|Hove_Blatch
E01016992,E05015419,527017,104746,Hove_Blatch,Hove_Blatch,E01016992|Hove_Blatch|Hove_Blatch
E01016992,E05015419,527003,104812,Hove_Blatch,Hove_Blatch,E01016992|Hove_Blatch|Hove_Blatch
E01016992,E05015419,526805,104760,Hove_Blatch,Hove_Blatch,E01016992|Hove_Blatch|Hove_Blatch
E01016992,E05015419,526963,104568,Hove_Blatch,Hove_Blatch,E01016992|Hove_Blatch|Hove_Blatch
E01016992,E05015419,526932,104795,Hove_Blatch,Hove_Blatch,E01016992|Hove_Blatch|Hove_Blatch
E01016992,E05015419,526848,104962,Hove_Blatch,Hove_Blatch,E01016992|Hove_Blatch|Hove_Blatch
E01016992,E05015419,526812,104961,Hove_Blatch,Hove_Blatch,E01016992|Hove_Blatch|Hove_Blatch
E01016992,E05015419,526708,104818,Hove_Blatch,Hove_Blatch,E01016992|Hove_Blatch|Hove_Blatch
E01016992,E05015419,526774,104968,Hove_Blatch,Hove_Blatch,E01016992|Hove_Blatch|Hove_Blatch
E01016992,E05015419,526740,104973,Hove_Blatch,Hove_Blatch,E01016992|Hove_Blatch|Hove_Blatch
E01016992,E05015419,526717,105117,Hove_Blatch,Hove_Blatch,E01016992|Hove_Blatch|Hove_Blatch
E01016992,E05015419,526712,104989,Hove_Blatch,Hove_Blatch,E01016992|Hove_Blatch|Hove_Blatch
E01016992,E05015419,526678,104995,Hove_Blatch,Hove_Blatch,E01016992|Hove_Blatch|Hove_Blatch
E01016992,E05015419,526670,104861,Hove_Blatch,Hove_Blatch,E01016992|Hove_Blatch|Hove_Blatch
E01016992,E05015419,526646,104994,Hove_Blatch,Hove_Blatch,E01016992|Hove_Blatch|Hove_Blatch
E01016992,E05015419,526610,105003,Hove_Blatch,Hove_Blatch,E01016992|Hove_Blatch|Hove_Blatch
E01016992,E05015419,526600,104781,Hove_Blatch,Hove_Blatch,E01016992|Hove_Blatch|Hove_Blatch
E01016873,E05015401,529099,105474,Hove_Blatch,Hove_Blatch,E01016873|Hove_Blatch|Hove_Blatch
E01016994,E05015419,526565,105003,Hove_Blatch,Hove_Blatch,E01016994|Hove_Blatch|Hove_Blatch
E01016994,E05015419,526531,105006,Hove_Blatch,Hove_Blatch,E01016994|Hove_Blatch|Hove_Blatch
E01016994,E05015419,526473,104834,Hove_Blatch,Hove_Blatch,E01016994|Hove_Blatch|Hove_Blatch
E01016994,E05015419,526332,104864,Hove_Blatch,Hove_Blatch,E01016994|Hove_Blatch|Hove_Blatch
E01016994,E05015419,526493,105006,Hove_Blatch,Hove_Blatch,E01016994|Hove_Blatch|Hove_Blatch
E01016994,E05015419,526469,105001,Hove_Blatch,Hove_Blatch,E01016994|Hove_Blatch|Hove_Blatch
E01016994,E05015419,526425,104897,Hove_Blatch,Hove_Blatch,E01016994|Hove_Blatch|Hove_Blatch
E01016994,E05015419,526458,105057,Hove_Blatch,Hove_Blatch,E01016994|Hove_Blatch|Hove_Blatch
E01016994,E05015419,526395,104904,Hove_Blatch,Hove_Blatch,E01016994|Hove_Blatch|Hove_Blatch
E01016994,E05015419,526428,105035,Hove_Blatch,Hove_Blatch,E01016994|Hove_Blatch|Hove_Blatch
E01016994,E05015419,526391,104974,Hove_Blatch,Hove_Blatch,E01016994|Hove_Blatch|Hove_Blatch
E01016994,E05015419,526423,105133,Hove_Blatch,Hove_Blatch,E01016994|Hove_Blatch|Hove_Blatch
E01016994,E05015419,526345,104966,Hove_Blatch,Hove_Blatch,E01016994|Hove_Blatch|Hove_Blatch
E01016994,E05015419,526386,105122,Hove_Blatch,Hove_Blatch,E01016994|Hove_Blatch|Hove_Blatch
E01016994,E05015419,526581,104786,Hove_Blatch,Hove_Blatch,E01016994|Hove_Blatch|Hove_Blatch
E01016994,E05015419,526518,105125,Hove_Blatch,Hove_Blatch,E01016994|Hove_Blatch|Hove_Blatch
E01016992,E05015419,526825,104757,Hove_Blatch,Hove_Blatch,E01016992|Hove_Blatch|Hove_Blatch
E01016986,E05015416,528206,104511,Hove_Blatch,Hove_Blatch,E01016986|Hove_Blatch|Hove_Blatch
E01016986,E05015416,528206,104511,Hove_Blatch,Hove_Blatch,E01016986|Hove_Blatch|Hove_Blatch
E01016991,E05015416,528118,105525,Hove_Blatch,Hove_Blatch,E01016991|Hove_Blatch|Hove_Blatch
E01016990,E05015416,528305,105535,Hove_Blatch,Hove_Blatch,E01016990|Hove_Blatch|Hove_Blatch
E01016990,E05015416,528311,105503,Hove_Blatch,Hove_Blatch,E01016990|Hove_Blatch|Hove_Blatch
E01016990,E05015416,528241,105596,Hove_Blatch,Hove_Blatch,E01016990|Hove_Blatch|Hove_Blatch
E01016990,E05015416,528326,105633,Hove_Blatch,Hove_Blatch,E01016990|Hove_Blatch|Hove_Blatch
E01016990,E05015416,528332,105546,Hove_Blatch,Hove_Blatch,E01016990|Hove_Blatch|Hove_Blatch
E01016990,E05015416,528294,105602,Hove_Blatch,Hove_Blatch,E01016990|Hove_Blatch|Hove_Blatch
E01016990,E05015416,528359,105598,Hove_Blatch,Hove_Blatch,E01016990|Hove_Blatch|Hove_Blatch
E01016996,E05015416,527576,105405,Hove_Blatch,Hove_Blatch,E01016996|Hove_Blatch|Hove_Blatch
E01016991,E05015416,528311,105433,Hove_Blatch,Hove_Blatch,E01016991|Hove_Blatch|Hove_Blatch
E01016990,E05015416,528313,105452,Hove_Blatch,Hove_Blatch,E01016990|Hove_Blatch|Hove_Blatch
E01016990,E05015416,528374,105443,Hove_Blatch,Hove_Blatch,E01016990|Hove_Blatch|Hove_Blatch
E01016990,E05015416,528264,105488,Hove_Blatch,Hove_Blatch,E01016990|Hove_Blatch|Hove_Blatch
E01016991,E05015416,528100,105466,Hove_Blatch,Hove_Blatch,E01016991|Hove_Blatch|Hove_Blatch
E01016991,E05015416,528253,105412,Hove_Blatch,Hove_Blatch,E01016991|Hove_Blatch|Hove_Blatch
E01016991,E05015416,528372,105395,Hove_Blatch,Hove_Blatch,E01016991|Hove_Blatch|Hove_Blatch
E01016991,E05015416,528374,105344,Hove_Blatch,Hove_Blatch,E01016991|Hove_Blatch|Hove_Blatch
E01016991,E05015416,528246,105363,Hove_Blatch,Hove_Blatch,E01016991|Hove_Blatch|Hove_Blatch
E01016991,E05015416,528096,105416,Hove_Blatch,Hove_Blatch,E01016991|Hove_Blatch|Hove_Blatch
E01016991,E05015416,528078,105342,Hove_Blatch,Hove_Blatch,E01016991|Hove_Blatch|Hove_Blatch
E01016991,E05015416,528247,105341,Hove_Blatch,Hove_Blatch,E01016991|Hove_Blatch|Hove_Blatch
E01016991,E05015416,528371,105324,Hove_Blatch,Hove_Blatch,E01016991|Hove_Blatch|Hove_Blatch
E01016991,E05015416,528128,105487,Hove_Blatch,Hove_Blatch,E01016991|Hove_Blatch|Hove_Blatch
E01016990,E05015416,528420,105439,Hove_Blatch,Hove_Blatch,E01016990|Hove_Blatch|Hove_Blatch
E01016991,E05015416,528427,105418,Hove_Blatch,Hove_Blatch,E01016991|Hove_Blatch|Hove_Blatch
E01016988,E05015416,528266,104947,Hove_Blatch,Hove_Blatch,E01016988|Hove_Blatch|Hove_Blatch
E01016988,E05015416,528282,105109,Hove_Blatch,Hove_Blatch,E01016988|Hove_Blatch|Hove_Blatch
E01016988,E05015416,528224,105137,Hove_Blatch,Hove_Blatch,E01016988|Hove_Blatch|Hove_Blatch
E01016988,E05015416,528341,105021,Hove_Blatch,Hove_Blatch,E01016988|Hove_Blatch|Hove_Blatch
E01016988,E05015416,528184,105159,Hove_Blatch,Hove_Blatch,E01016988|Hove_Blatch|Hove_Blatch
E01016988,E05015416,528244,105049,Hove_Blatch,Hove_Blatch,E01016988|Hove_Blatch|Hove_Blatch
E01016988,E05015416,528366,105178,Hove_Blatch,Hove_Blatch,E01016988|Hove_Blatch|Hove_Blatch
E01016991,E05015416,528359,105227,Hove_Blatch,Hove_Blatch,E01016991|Hove_Blatch|Hove_Blatch
E01016988,E05015416,528210,105248,Hove_Blatch,Hove_Blatch,E01016988|Hove_Blatch|Hove_Blatch
E01016991,E05015416,528062,105272,Hove_Blatch,Hove_Blatch,E01016991|Hove_Blatch|Hove_Blatch
E01016991,E05015416,528079,105311,Hove_Blatch,Hove_Blatch,E01016991|Hove_Blatch|Hove_Blatch
E01016988,E05015416,528245,105283,Hove_Blatch,Hove_Blatch,E01016988|Hove_Blatch|Hove_Blatch
E01016991,E05015416,528385,105262,Hove_Blatch,Hove_Blatch,E01016991|Hove_Blatch|Hove_Blatch
E01016991,E05015416,528062,105272,Hove_Blatch,Hove_Blatch,E01016991|Hove_Blatch|Hove_Blatch
E01016988,E05015416,528153,104987,Hove_Blatch,Hove_Blatch,E01016988|Hove_Blatch|Hove_Blatch
E01016997,E05015419,526936,105599,Hove_Blatch,Hove_Blatch,E01016997|Hove_Blatch|Hove_Blatch
E01016996,E05015419,527628,105644,Hove_Blatch,Hove_Blatch,E01016996|Hove_Blatch|Hove_Blatch
E01016996,E05015416,527929,105658,Hove_Blatch,Hove_Blatch,E01016996|Hove_Blatch|Hove_Blatch
E01016990,E05015416,528039,105654,Hove_Blatch,Hove_Blatch,E01016990|Hove_Blatch|Hove_Blatch
E01016990,E05015416,528214,105613,Hove_Blatch,Hove_Blatch,E01016990|Hove_Blatch|Hove_Blatch
E01016990,E05015416,528137,105624,Hove_Blatch,Hove_Blatch,E01016990|Hove_Blatch|Hove_Blatch
E01016991,E05015416,528145,105376,Hove_Blatch,Hove_Blatch,E01016991|Hove_Blatch|Hove_Blatch
E01016990,E05015416,528195,105516,Hove_Blatch,Hove_Blatch,E01016990|Hove_Blatch|Hove_Blatch
E01016991,E05015416,528112,105596,Hove_Blatch,Hove_Blatch,E01016991|Hove_Blatch|Hove_Blatch
E01016990,E05015416,528031,105551,Hove_Blatch,Hove_Blatch,E01016990|Hove_Blatch|Hove_Blatch
E01016991,E05015416,528002,105400,Hove_Blatch,Hove_Blatch,E01016991|Hove_Blatch|Hove_Blatch
E01016990,E05015416,528014,105641,Hove_Blatch,Hove_Blatch,E01016990|Hove_Blatch|Hove_Blatch
E01016996,E05015416,527923,105569,Hove_Blatch,Hove_Blatch,E01016996|Hove_Blatch|Hove_Blatch
E01016990,E05015416,527926,105403,Hove_Blatch,Hove_Blatch,E01016990|Hove_Blatch|Hove_Blatch
E01016990,E05015416,527998,105588,Hove_Blatch,Hove_Blatch,E01016990|Hove_Blatch|Hove_Blatch
E01016990,E05015416,527976,105513,Hove_Blatch,Hove_Blatch,E01016990|Hove_Blatch|Hove_Blatch
E01016990,E05015416,527972,105488,Hove_Blatch,Hove_Blatch,E01016990|Hove_Blatch|Hove_Blatch
E01016990,E05015416,527980,105394,Hove_Blatch,Hove_Blatch,E01016990|Hove_Blatch|Hove_Blatch
E01016996,E05015416,527853,105392,Hove_Blatch,Hove_Blatch,E01016996|Hove_Blatch|Hove_Blatch
E01016996,E05015416,527681,105449,Hove_Blatch,Hove_Blatch,E01016996|Hove_Blatch|Hove_Blatch
E01016996,E05015416,527675,105416,Hove_Blatch,Hove_Blatch,E01016996|Hove_Blatch|Hove_Blatch
E01016996,E05015419,527620,105604,Hove_Blatch,Hove_Blatch,E01016996|Hove_Blatch|Hove_Blatch
E01016996,E05015419,527637,105554,Hove_Blatch,Hove_Blatch,E01016996|Hove_Blatch|Hove_Blatch
E01016987,E05015416,527932,105347,Hove_Blatch,Hove_Blatch,E01016987|Hove_Blatch|Hove_Blatch
E01016996,E05015419,527612,105484,Hove_Blatch,Hove_Blatch,E01016996|Hove_Blatch|Hove_Blatch
E01016996,E05015419,527608,105547,Hove_Blatch,Hove_Blatch,E01016996|Hove_Blatch|Hove_Blatch
E01016996,E05015416,527897,105564,Hove_Blatch,Hove_Blatch,E01016996|Hove_Blatch|Hove_Blatch
E01016996,E05015416,527830,105647,Hove_Blatch,Hove_Blatch,E01016996|Hove_Blatch|Hove_Blatch
E01016996,E05015416,527718,105648,Hove_Blatch,Hove_Blatch,E01016996|Hove_Blatch|Hove_Blatch
E01016996,E05015416,527661,105477,Hove_Blatch,Hove_Blatch,E01016996|Hove_Blatch|Hove_Blatch
E01016996,E05015416,527738,105566,Hove_Blatch,Hove_Blatch,E01016996|Hove_Blatch|Hove_Blatch
E01016996,E05015416,527659,105560,Hove_Blatch,Hove_Blatch,E01016996|Hove_Blatch|Hove_Blatch
E01016996,E05015416,527697,105478,Hove_Blatch,Hove_Blatch,E01016996|Hove_Blatch|Hove_Blatch
E01016996,E05015416,527820,105487,Hove_Blatch,Hove_Blatch,E01016996|Hove_Blatch|Hove_Blatch
E01016996,E05015416,527782,105451,Hove_Blatch,Hove_Blatch,E01016996|Hove_Blatch|Hove_Blatch
E01016996,E05015416,527783,105399,Hove_Blatch,Hove_Blatch,E01016996|Hove_Blatch|Hove_Blatch
E01016993,E05015419,527407,105538,Hove_Blatch,Hove_Blatch,E01016993|Hove_Blatch|Hove_Blatch
E01016993,E05015419,527434,105538,Hove_Blatch,Hove_Blatch,E01016993|Hove_Blatch|Hove_Blatch
E01016996,E05015419,527533,105642,Hove_Blatch,Hove_Blatch,E01016996|Hove_Blatch|Hove_Blatch
E01016996,E05015419,527549,105570,Hove_Blatch,Hove_Blatch,E01016996|Hove_Blatch|Hove_Blatch
E01016996,E05015419,527525,105552,Hove_Blatch,Hove_Blatch,E01016996|Hove_Blatch|Hove_Blatch
E01016996,E05015419,527448,105488,Hove_Blatch,Hove_Blatch,E01016996|Hove_Blatch|Hove_Blatch
E01016996,E05015419,527467,105589,Hove_Blatch,Hove_Blatch,E01016996|Hove_Blatch|Hove_Blatch
E01016996,E05015419,527572,105520,Hove_Blatch,Hove_Blatch,E01016996|Hove_Blatch|Hove_Blatch
E01016996,E05015416,527766,105570,Hove_Blatch,Hove_Blatch,E01016996|Hove_Blatch|Hove_Blatch
E01016996,E05015416,527818,105569,Hove_Blatch,Hove_Blatch,E01016996|Hove_Blatch|Hove_Blatch
E01016996,E05015416,527577,105394,Hove_Blatch,Hove_Blatch,E01016996|Hove_Blatch|Hove_Blatch
E01016996,E05015416,527676,105647,Hove_Blatch,Hove_Blatch,E01016996|Hove_Blatch|Hove_Blatch
E01016873,E05015401,529099,105474,Hove_Blatch,Hove_Blatch,E01016873|Hove_Blatch|Hove_Blatch
E01016993,E05015419,527386,105427,Hove_Blatch,Hove_Blatch,E01016993|Hove_Blatch|Hove_Blatch
E01016993,E05015419,527305,105595,Hove_Blatch,Hove_Blatch,E01016993|Hove_Blatch|Hove_Blatch
E01016997,E05015419,527032,105479,Hove_Blatch,Hove_Blatch,E01016997|Hove_Blatch|Hove_Blatch
E01016997,E05015419,526945,105542,Hove_Blatch,Hove_Blatch,E01016997|Hove_Blatch|Hove_Blatch
E01016997,E05015419,527026,105439,Hove_Blatch,Hove_Blatch,E01016997|Hove_Blatch|Hove_Blatch
E01016997,E05015419,526945,105340,Hove_Blatch,Hove_Blatch,E01016997|Hove_Blatch|Hove_Blatch
E01016997,E05015419,526910,105328,Hove_Blatch,Hove_Blatch,E01016997|Hove_Blatch|Hove_Blatch
E01016997,E05015419,526970,105205,Hove_Blatch,Hove_Blatch,E01016997|Hove_Blatch|Hove_Blatch
E01016997,E05015419,527013,105336,Hove_Blatch,Hove_Blatch,E01016997|Hove_Blatch|Hove_Blatch
E01016997,E05015419,527043,105323,Hove_Blatch,Hove_Blatch,E01016997|Hove_Blatch|Hove_Blatch
E01016993,E05015419,527164,105424,Hove_Blatch,Hove_Blatch,E01016993|Hove_Blatch|Hove_Blatch
E01016995,E05015419,527260,105158,Hove_Blatch,Hove_Blatch,E01016995|Hove_Blatch|Hove_Blatch
E01016992,E05015419,527026,105200,Hove_Blatch,Hove_Blatch,E01016992|Hove_Blatch|Hove_Blatch
E01016993,E05015419,527339,105478,Hove_Blatch,Hove_Blatch,E01016993|Hove_Blatch|Hove_Blatch
E01016993,E05015419,527250,105488,Hove_Blatch,Hove_Blatch,E01016993|Hove_Blatch|Hove_Blatch
E01016993,E05015419,527194,105489,Hove_Blatch,Hove_Blatch,E01016993|Hove_Blatch|Hove_Blatch
E01016993,E05015419,527273,105254,Hove_Blatch,Hove_Blatch,E01016993|Hove_Blatch|Hove_Blatch
E01016995,E05015419,527314,105245,Hove_Blatch,Hove_Blatch,E01016995|Hove_Blatch|Hove_Blatch
E01016995,E05015419,527356,105268,Hove_Blatch,Hove_Blatch,E01016995|Hove_Blatch|Hove_Blatch
E01016993,E05015419,527247,105287,Hove_Blatch,Hove_Blatch,E01016993|Hove_Blatch|Hove_Blatch
E01016993,E05015419,527202,105288,Hove_Blatch,Hove_Blatch,E01016993|Hove_Blatch|Hove_Blatch
E01016993,E05015419,527164,105313,Hove_Blatch,Hove_Blatch,E01016993|Hove_Blatch|Hove_Blatch
E01016992,E05015419,527122,105311,Hove_Blatch,Hove_Blatch,E01016992|Hove_Blatch|Hove_Blatch
E01016992,E05015419,527080,105264,Hove_Blatch,Hove_Blatch,E01016992|Hove_Blatch|Hove_Blatch
E01016992,E05015419,527136,105170,Hove_Blatch,Hove_Blatch,E01016992|Hove_Blatch|Hove_Blatch
E01016993,E05015419,527323,105398,Hove_Blatch,Hove_Blatch,E01016993|Hove_Blatch|Hove_Blatch
E01016993,E05015419,527360,105583,Hove_Blatch,Hove_Blatch,E01016993|Hove_Blatch|Hove_Blatch
E01016993,E05015419,527113,105598,Hove_Blatch,Hove_Blatch,E01016993|Hove_Blatch|Hove_Blatch
E01016997,E05015419,526916,105596,Hove_Blatch,Hove_Blatch,E01016997|Hove_Blatch|Hove_Blatch
E01016993,E05015419,527196,105616,Hove_Blatch,Hove_Blatch,E01016993|Hove_Blatch|Hove_Blatch
E01016993,E05015419,527175,105566,Hove_Blatch,Hove_Blatch,E01016993|Hove_Blatch|Hove_Blatch
E01016993,E05015419,527217,105536,Hove_Blatch,Hove_Blatch,E01016993|Hove_Blatch|Hove_Blatch
E01016993,E05015419,527095,105507,Hove_Blatch,Hove_Blatch,E01016993|Hove_Blatch|Hove_Blatch
E01016986,E05015416,527926,105041,Hove_Blatch,Hove_Blatch,E01016986|Hove_Blatch|Hove_Blatch
E01016987,E05015416,527958,105196,Hove_Blatch,Hove_Blatch,E01016987|Hove_Blatch|Hove_Blatch
E01016987,E05015416,527998,105166,Hove_Blatch,Hove_Blatch,E01016987|Hove_Blatch|Hove_Blatch
E01016988,E05015416,528108,105036,Hove_Blatch,Hove_Blatch,E01016988|Hove_Blatch|Hove_Blatch
E01016988,E05015416,528141,105197,Hove_Blatch,Hove_Blatch,E01016988|Hove_Blatch|Hove_Blatch
E01016988,E05015416,528090,105094,Hove_Blatch,Hove_Blatch,E01016988|Hove_Blatch|Hove_Blatch
E01016988,E05015416,528110,105190,Hove_Blatch,Hove_Blatch,E01016988|Hove_Blatch|Hove_Blatch
E01016991,E05015416,528099,105251,Hove_Blatch,Hove_Blatch,E01016991|Hove_Blatch|Hove_Blatch
E01016987,E05015416,528057,105076,Hove_Blatch,Hove_Blatch,E01016987|Hove_Blatch|Hove_Blatch
E01016987,E05015416,528080,105191,Hove_Blatch,Hove_Blatch,E01016987|Hove_Blatch|Hove_Blatch
E01016986,E05015416,528016,105086,Hove_Blatch,Hove_Blatch,E01016986|Hove_Blatch|Hove_Blatch
E01016987,E05015416,528040,105205,Hove_Blatch,Hove_Blatch,E01016987|Hove_Blatch|Hove_Blatch
E01016987,E05015416,527824,105113,Hove_Blatch,Hove_Blatch,E01016987|Hove_Blatch|Hove_Blatch
E01016987,E05015416,527805,105077,Hove_Blatch,Hove_Blatch,E01016987|Hove_Blatch|Hove_Blatch
E01016987,E05015416,527635,105112,Hove_Blatch,Hove_Blatch,E01016987|Hove_Blatch|Hove_Blatch
E01016987,E05015416,527628,105153,Hove_Blatch,Hove_Blatch,E01016987|Hove_Blatch|Hove_Blatch
E01016987,E05015416,527914,105188,Hove_Blatch,Hove_Blatch,E01016987|Hove_Blatch|Hove_Blatch
E01016987,E05015416,527873,105192,Hove_Blatch,Hove_Blatch,E01016987|Hove_Blatch|Hove_Blatch
E01016987,E05015416,527991,105323,Hove_Blatch,Hove_Blatch,E01016987|Hove_Blatch|Hove_Blatch
E01016996,E05015416,527773,105364,Hove_Blatch,Hove_Blatch,E01016996|Hove_Blatch|Hove_Blatch
E01016987,E05015416,527925,105296,Hove_Blatch,Hove_Blatch,E01016987|Hove_Blatch|Hove_Blatch
E01016987,E05015416,527763,105329,Hove_Blatch,Hove_Blatch,E01016987|Hove_Blatch|Hove_Blatch
E01016987,E05015416,527844,105211,Hove_Blatch,Hove_Blatch,E01016987|Hove_Blatch|Hove_Blatch
E01016987,E05015416,527805,105212,Hove_Blatch,Hove_Blatch,E01016987|Hove_Blatch|Hove_Blatch
E01016987,E05015416,527769,105228,Hove_Blatch,Hove_Blatch,E01016987|Hove_Blatch|Hove_Blatch
E01016987,E05015416,527734,105215,Hove_Blatch,Hove_Blatch,E01016987|Hove_Blatch|Hove_Blatch
E01016995,E05015419,527588,105350,Hove_Blatch,Hove_Blatch,E01016995|Hove_Blatch|Hove_Blatch
E01016993,E05015419,527426,105384,Hove_Blatch,Hove_Blatch,E01016993|Hove_Blatch|Hove_Blatch
E01016987,E05015416,527978,105326,Hove_Blatch,Hove_Blatch,E01016987|Hove_Blatch|Hove_Blatch
E01016987,E05015416,527647,105043,Hove_Blatch,Hove_Blatch,E01016987|Hove_Blatch|Hove_Blatch
E01016987,E05015416,527704,105058,Hove_Blatch,Hove_Blatch,E01016987|Hove_Blatch|Hove_Blatch
E01016995,E05015419,527460,105157,Hove_Blatch,Hove_Blatch,E01016995|Hove_Blatch|Hove_Blatch
E01016995,E05015419,527514,105275,Hove_Blatch,Hove_Blatch,E01016995|Hove_Blatch|Hove_Blatch
E01016995,E05015419,527412,105136,Hove_Blatch,Hove_Blatch,E01016995|Hove_Blatch|Hove_Blatch
E01016987,E05015416,527568,105116,Hove_Blatch,Hove_Blatch,E01016987|Hove_Blatch|Hove_Blatch
E01016987,E05015416,527598,105253,Hove_Blatch,Hove_Blatch,E01016987|Hove_Blatch|Hove_Blatch
E01016987,E05015416,527690,105236,Hove_Blatch,Hove_Blatch,E01016987|Hove_Blatch|Hove_Blatch
E01016987,E05015416,527638,105080,Hove_Blatch,Hove_Blatch,E01016987|Hove_Blatch|Hove_Blatch
E01016997,E05015419,526999,105541,Hove_Blatch,Hove_Blatch,E01016997|Hove_Blatch|Hove_Blatch
E01016997,E05015419,526844,105333,Hove_Blatch,Hove_Blatch,E01016997|Hove_Blatch|Hove_Blatch
E01016997,E05015419,526809,105347,Hove_Blatch,Hove_Blatch,E01016997|Hove_Blatch|Hove_Blatch
E01016997,E05015419,526891,105460,Hove_Blatch,Hove_Blatch,E01016997|Hove_Blatch|Hove_Blatch
E01016997,E05015419,526865,105516,Hove_Blatch,Hove_Blatch,E01016997|Hove_Blatch|Hove_Blatch
E01016997,E05015419,526672,105518,Hove_Blatch,Hove_Blatch,E01016997|Hove_Blatch|Hove_Blatch
E01016997,E05015419,526562,105531,Hove_Blatch,Hove_Blatch,E01016997|Hove_Blatch|Hove_Blatch
E01016997,E05015419,526649,105480,Hove_Blatch,Hove_Blatch,E01016997|Hove_Blatch|Hove_Blatch
E01016997,E05015419,526515,105502,Hove_Blatch,Hove_Blatch,E01016997|Hove_Blatch|Hove_Blatch
E01016997,E05015419,526744,105340,Hove_Blatch,Hove_Blatch,E01016997|Hove_Blatch|Hove_Blatch
E01016997,E05015419,526714,105374,Hove_Blatch,Hove_Blatch,E01016997|Hove_Blatch|Hove_Blatch
E01016997,E05015419,526562,105360,Hove_Blatch,Hove_Blatch,E01016997|Hove_Blatch|Hove_Blatch
E01016997,E05015419,526528,105370,Hove_Blatch,Hove_Blatch,E01016997|Hove_Blatch|Hove_Blatch
E01016997,E05015419,526665,105409,Hove_Blatch,Hove_Blatch,E01016997|Hove_Blatch|Hove_Blatch
E01016997,E05015419,526676,105234,Hove_Blatch,Hove_Blatch,E01016997|Hove_Blatch|Hove_Blatch
E01016997,E05015419,526741,105537,Hove_Blatch,Hove_Blatch,E01016997|Hove_Blatch|Hove_Blatch
E01016997,E05015419,526805,105416,Hove_Blatch,Hove_Blatch,E01016997|Hove_Blatch|Hove_Blatch
E01016997,E05015419,526480,105386,Hove_Blatch,Hove_Blatch,E01016997|Hove_Blatch|Hove_Blatch
E01016997,E05015419,526451,105395,Hove_Blatch,Hove_Blatch,E01016997|Hove_Blatch|Hove_Blatch
E01016994,E05015419,526401,105396,Hove_Blatch,Hove_Blatch,E01016994|Hove_Blatch|Hove_Blatch
E01016997,E05015419,526879,105192,Hove_Blatch,Hove_Blatch,E01016997|Hove_Blatch|Hove_Blatch
E01016997,E05015419,526864,105231,Hove_Blatch,Hove_Blatch,E01016997|Hove_Blatch|Hove_Blatch
E01016993,E05015419,527248,105404,Hove_Blatch,Hove_Blatch,E01016993|Hove_Blatch|Hove_Blatch
E01016873,E05015401,529099,105474,Hove_Blatch,Hove_Blatch,E01016873|Hove_Blatch|Hove_Blatch
E01016878,E05015401,528854,105708,Hove_Blatch,Hove_Blatch,E01016878|Hove_Blatch|Hove_Blatch
E01016878,E05015401,528826,105672,Hove_Blatch,Hove_Blatch,E01016878|Hove_Blatch|Hove_Blatch
E01016878,E05015401,528914,105623,Hove_Blatch,Hove_Blatch,E01016878|Hove_Blatch|Hove_Blatch
E01016878,E05015401,528916,105634,Hove_Blatch,Hove_Blatch,E01016878|Hove_Blatch|Hove_Blatch
E01016870,E05015401,529406,105375,Hove_Blatch,Hove_Blatch,E01016870|Hove_Blatch|Hove_Blatch
E01016980,E05015417,528916,105973,Hove_Blatch,Hove_Blatch,E01016980|Hove_Blatch|Hove_Blatch
E01016980,E05015417,528889,105982,Hove_Blatch,Hove_Blatch,E01016980|Hove_Blatch|Hove_Blatch
E01016980,E05015417,528869,105988,Hove_Blatch,Hove_Blatch,E01016980|Hove_Blatch|Hove_Blatch
E01016873,E05015401,529112,105548,Hove_Blatch,Hove_Blatch,E01016873|Hove_Blatch|Hove_Blatch
E01016982,E05015417,528424,106833,Hove_Blatch,Hove_Blatch,E01016982|Hove_Blatch|Hove_Blatch
E01016982,E05015417,528506,106864,Hove_Blatch,Hove_Blatch,E01016982|Hove_Blatch|Hove_Blatch
E01016985,E05015417,528246,106948,Hove_Blatch,Hove_Blatch,E01016985|Hove_Blatch|Hove_Blatch
E01016985,E05015417,528189,106937,Hove_Blatch,Hove_Blatch,E01016985|Hove_Blatch|Hove_Blatch
E01016985,E05015417,528039,107099,Hove_Blatch,Hove_Blatch,E01016985|Hove_Blatch|Hove_Blatch
E01016985,E05015417,528062,107150,Hove_Blatch,Hove_Blatch,E01016985|Hove_Blatch|Hove_Blatch
E01016982,E05015417,528603,106989,Hove_Blatch,Hove_Blatch,E01016982|Hove_Blatch|Hove_Blatch
E01016983,E05015417,528517,107525,Hove_Blatch,Hove_Blatch,E01016983|Hove_Blatch|Hove_Blatch
E01016982,E05015417,528551,106972,Hove_Blatch,Hove_Blatch,E01016982|Hove_Blatch|Hove_Blatch
E01016983,E05015417,528482,107466,Hove_Blatch,Hove_Blatch,E01016983|Hove_Blatch|Hove_Blatch
E01016982,E05015417,528585,106881,Hove_Blatch,Hove_Blatch,E01016982|Hove_Blatch|Hove_Blatch
E01016983,E05015417,528934,107705,Hove_Blatch,Hove_Blatch,E01016983|Hove_Blatch|Hove_Blatch
E01016983,E05015417,528964,107528,Hove_Blatch,Hove_Blatch,E01016983|Hove_Blatch|Hove_Blatch
E01016983,E05015417,528827,107692,Hove_Blatch,Hove_Blatch,E01016983|Hove_Blatch|Hove_Blatch
E01016983,E05015417,528675,107583,Hove_Blatch,Hove_Blatch,E01016983|Hove_Blatch|Hove_Blatch
E01016983,E05015417,528716,107536,Hove_Blatch,Hove_Blatch,E01016983|Hove_Blatch|Hove_Blatch
E01016983,E05015417,528747,107258,Hove_Blatch,Hove_Blatch,E01016983|Hove_Blatch|Hove_Blatch
E01016983,E05015417,528732,107040,Hove_Blatch,Hove_Blatch,E01016983|Hove_Blatch|Hove_Blatch
E01016983,E05015417,528660,107186,Hove_Blatch,Hove_Blatch,E01016983|Hove_Blatch|Hove_Blatch
E01016983,E05015417,528669,106954,Hove_Blatch,Hove_Blatch,E01016983|Hove_Blatch|Hove_Blatch
E01016983,E05015417,528716,107881,Hove_Blatch,Hove_Blatch,E01016983|Hove_Blatch|Hove_Blatch
E01016983,E05015417,528665,107828,Hove_Blatch,Hove_Blatch,E01016983|Hove_Blatch|Hove_Blatch
E01016983,E05015417,528680,107906,Hove_Blatch,Hove_Blatch,E01016983|Hove_Blatch|Hove_Blatch
E01016984,E05015417,528742,107135,Hove_Blatch,Hove_Blatch,E01016984|Hove_Blatch|Hove_Blatch
E01016985,E05015417,528332,106741,Hove_Blatch,Hove_Blatch,E01016985|Hove_Blatch|Hove_Blatch
E01016875,E05015401,530081,105350,Hove_Blatch,Hove_Blatch,E01016875|Hove_Blatch|Hove_Blatch
E01016875,E05015401,530137,105318,Hove_Blatch,Hove_Blatch,E01016875|Hove_Blatch|Hove_Blatch
E01016875,E05015401,530234,105317,Hove_Blatch,Hove_Blatch,E01016875|Hove_Blatch|Hove_Blatch
E01016875,E05015401,530339,105314,Hove_Blatch,Hove_Blatch,E01016875|Hove_Blatch|Hove_Blatch
E01016875,E05015401,530295,105382,Hove_Blatch,Hove_Blatch,E01016875|Hove_Blatch|Hove_Blatch
E01016981,E05015417,530283,105466,Hove_Blatch,Hove_Blatch,E01016981|Hove_Blatch|Hove_Blatch
E01016981,E05015417,530151,105723,Hove_Blatch,Hove_Blatch,E01016981|Hove_Blatch|Hove_Blatch
E01016875,E05015401,530234,105395,Hove_Blatch,Hove_Blatch,E01016875|Hove_Blatch|Hove_Blatch
E01016875,E05015401,530202,105393,Hove_Blatch,Hove_Blatch,E01016875|Hove_Blatch|Hove_Blatch
E01016875,E05015401,530111,105417,Hove_Blatch,Hove_Blatch,E01016875|Hove_Blatch|Hove_Blatch
E01016875,E05015401,530040,105404,Hove_Blatch,Hove_Blatch,E01016875|Hove_Blatch|Hove_Blatch
E01016875,E05015401,529993,105482,Hove_Blatch,Hove_Blatch,E01016875|Hove_Blatch|Hove_Blatch
E01016875,E05015401,529979,105428,Hove_Blatch,Hove_Blatch,E01016875|Hove_Blatch|Hove_Blatch
E01016875,E05015401,529919,105429,Hove_Blatch,Hove_Blatch,E01016875|Hove_Blatch|Hove_Blatch
E01016870,E05015401,529872,105512,Hove_Blatch,Hove_Blatch,E01016870|Hove_Blatch|Hove_Blatch
E01016870,E05015401,529857,105439,Hove_Blatch,Hove_Blatch,E01016870|Hove_Blatch|Hove_Blatch
E01016870,E05015401,529700,105477,Hove_Blatch,Hove_Blatch,E01016870|Hove_Blatch|Hove_Blatch
E01016875,E05015401,529961,105331,Hove_Blatch,Hove_Blatch,E01016875|Hove_Blatch|Hove_Blatch
E01016875,E05015401,529852,105346,Hove_Blatch,Hove_Blatch,E01016875|Hove_Blatch|Hove_Blatch
E01016870,E05015401,529739,105390,Hove_Blatch,Hove_Blatch,E01016870|Hove_Blatch|Hove_Blatch
E01016870,E05015401,529824,105450,Hove_Blatch,Hove_Blatch,E01016870|Hove_Blatch|Hove_Blatch
E01016870,E05015401,529736,105435,Hove_Blatch,Hove_Blatch,E01016870|Hove_Blatch|Hove_Blatch
E01016870,E05015401,529798,105528,Hove_Blatch,Hove_Blatch,E01016870|Hove_Blatch|Hove_Blatch
E01016870,E05015401,529718,105536,Hove_Blatch,Hove_Blatch,E01016870|Hove_Blatch|Hove_Blatch
E01016870,E05015401,529624,105460,Hove_Blatch,Hove_Blatch,E01016870|Hove_Blatch|Hove_Blatch
E01016870,E05015401,529502,105438,Hove_Blatch,Hove_Blatch,E01016870|Hove_Blatch|Hove_Blatch
E01016870,E05015401,529640,105566,Hove_Blatch,Hove_Blatch,E01016870|Hove_Blatch|Hove_Blatch
E01016870,E05015401,529596,105557,Hove_Blatch,Hove_Blatch,E01016870|Hove_Blatch|Hove_Blatch
E01016870,E05015401,529552,105554,Hove_Blatch,Hove_Blatch,E01016870|Hove_Blatch|Hove_Blatch
E01016874,E05015401,529718,105356,Hove_Blatch,Hove_Blatch,E01016874|Hove_Blatch|Hove_Blatch
E01016870,E05015401,529798,105480,Hove_Blatch,Hove_Blatch,E01016870|Hove_Blatch|Hove_Blatch
E01016870,E05015401,529437,105447,Hove_Blatch,Hove_Blatch,E01016870|Hove_Blatch|Hove_Blatch
E01016878,E05015401,529194,105805,Hove_Blatch,Hove_Blatch,E01016878|Hove_Blatch|Hove_Blatch
E01016878,E05015401,529377,105519,Hove_Blatch,Hove_Blatch,E01016878|Hove_Blatch|Hove_Blatch
E01016878,E05015401,529180,105624,Hove_Blatch,Hove_Blatch,E01016878|Hove_Blatch|Hove_Blatch
E01016874,E05015401,529613,105387,Hove_Blatch,Hove_Blatch,E01016874|Hove_Blatch|Hove_Blatch
E01016870,E05015401,529593,105623,Hove_Blatch,Hove_Blatch,E01016870|Hove_Blatch|Hove_Blatch
E01016870,E05015401,529506,105555,Hove_Blatch,Hove_Blatch,E01016870|Hove_Blatch|Hove_Blatch
E01016870,E05015401,529440,105523,Hove_Blatch,Hove_Blatch,E01016870|Hove_Blatch|Hove_Blatch
E01016878,E05015401,529179,105666,Hove_Blatch,Hove_Blatch,E01016878|Hove_Blatch|Hove_Blatch
E01016878,E05015401,529368,105719,Hove_Blatch,Hove_Blatch,E01016878|Hove_Blatch|Hove_Blatch
E01016870,E05015401,529341,105517,Hove_Blatch,Hove_Blatch,E01016870|Hove_Blatch|Hove_Blatch
E01016870,E05015401,529378,105470,Hove_Blatch,Hove_Blatch,E01016870|Hove_Blatch|Hove_Blatch
E01016878,E05015401,529343,105561,Hove_Blatch,Hove_Blatch,E01016878|Hove_Blatch|Hove_Blatch
E01016878,E05015401,529250,105708,Hove_Blatch,Hove_Blatch,E01016878|Hove_Blatch|Hove_Blatch
E01016878,E05015401,529307,105683,Hove_Blatch,Hove_Blatch,E01016878|Hove_Blatch|Hove_Blatch
E01016878,E05015401,529417,105629,Hove_Blatch,Hove_Blatch,E01016878|Hove_Blatch|Hove_Blatch
E01016874,E05015401,529377,105348,Hove_Blatch,Hove_Blatch,E01016874|Hove_Blatch|Hove_Blatch
E01016870,E05015401,529238,105506,Hove_Blatch,Hove_Blatch,E01016870|Hove_Blatch|Hove_Blatch
E01016878,E05015401,529236,105623,Hove_Blatch,Hove_Blatch,E01016878|Hove_Blatch|Hove_Blatch
E01016870,E05015401,529364,105396,Hove_Blatch,Hove_Blatch,E01016870|Hove_Blatch|Hove_Blatch
E01016878,E05015401,528837,105650,Hove_Blatch,Hove_Blatch,E01016878|Hove_Blatch|Hove_Blatch
E01016878,E05015401,528827,105847,Hove_Blatch,Hove_Blatch,E01016878|Hove_Blatch|Hove_Blatch
E01016878,E05015401,528787,105861,Hove_Blatch,Hove_Blatch,E01016878|Hove_Blatch|Hove_Blatch
E01016878,E05015401,528894,105832,Hove_Blatch,Hove_Blatch,E01016878|Hove_Blatch|Hove_Blatch
E01016878,E05015401,528866,105736,Hove_Blatch,Hove_Blatch,E01016878|Hove_Blatch|Hove_Blatch
E01016878,E05015401,528969,105790,Hove_Blatch,Hove_Blatch,E01016878|Hove_Blatch|Hove_Blatch
E01016878,E05015401,529014,105787,Hove_Blatch,Hove_Blatch,E01016878|Hove_Blatch|Hove_Blatch
E01016878,E05015401,529178,105810,Hove_Blatch,Hove_Blatch,E01016878|Hove_Blatch|Hove_Blatch
E01016878,E05015401,528928,105919,Hove_Blatch,Hove_Blatch,E01016878|Hove_Blatch|Hove_Blatch
E01016980,E05015417,528969,106061,Hove_Blatch,Hove_Blatch,E01016980|Hove_Blatch|Hove_Blatch
E01016878,E05015401,528948,105624,Hove_Blatch,Hove_Blatch,E01016878|Hove_Blatch|Hove_Blatch
E01016878,E05015401,529105,105723,Hove_Blatch,Hove_Blatch,E01016878|Hove_Blatch|Hove_Blatch
E01016878,E05015401,528994,105611,Hove_Blatch,Hove_Blatch,E01016878|Hove_Blatch|Hove_Blatch
E01016878,E05015401,529095,105604,Hove_Blatch,Hove_Blatch,E01016878|Hove_Blatch|Hove_Blatch
E01016878,E05015401,529223,105572,Hove_Blatch,Hove_Blatch,E01016878|Hove_Blatch|Hove_Blatch
E01016878,E05015401,528923,105640,Hove_Blatch,Hove_Blatch,E01016878|Hove_Blatch|Hove_Blatch
E01016878,E05015401,528875,105634,Hove_Blatch,Hove_Blatch,E01016878|Hove_Blatch|Hove_Blatch
E01016878,E05015401,529078,105761,Hove_Blatch,Hove_Blatch,E01016878|Hove_Blatch|Hove_Blatch
E01016878,E05015401,528774,105665,Hove_Blatch,Hove_Blatch,E01016878|Hove_Blatch|Hove_Blatch
E01016870,E05015401,529168,105530,Hove_Blatch,Hove_Blatch,E01016870|Hove_Blatch|Hove_Blatch
E01016981,E05015417,529682,106135,Hove_Blatch,Hove_Blatch,E01016981|Hove_Blatch|Hove_Blatch
E01016981,E05015417,529718,106076,Hove_Blatch,Hove_Blatch,E01016981|Hove_Blatch|Hove_Blatch
E01016981,E05015417,529577,106170,Hove_Blatch,Hove_Blatch,E01016981|Hove_Blatch|Hove_Blatch
E01016981,E05015417,529468,106306,Hove_Blatch,Hove_Blatch,E01016981|Hove_Blatch|Hove_Blatch
E01016981,E05015417,529548,106342,Hove_Blatch,Hove_Blatch,E01016981|Hove_Blatch|Hove_Blatch
E01016981,E05015417,529428,106228,Hove_Blatch,Hove_Blatch,E01016981|Hove_Blatch|Hove_Blatch
E01016981,E05015417,529415,106153,Hove_Blatch,Hove_Blatch,E01016981|Hove_Blatch|Hove_Blatch
E01016981,E05015417,529461,106110,Hove_Blatch,Hove_Blatch,E01016981|Hove_Blatch|Hove_Blatch
E01016980,E05015417,529165,106192,Hove_Blatch,Hove_Blatch,E01016980|Hove_Blatch|Hove_Blatch
E01016980,E05015417,528982,106216,Hove_Blatch,Hove_Blatch,E01016980|Hove_Blatch|Hove_Blatch
E01016980,E05015417,528980,106096,Hove_Blatch,Hove_Blatch,E01016980|Hove_Blatch|Hove_Blatch
E01016980,E05015417,528909,106110,Hove_Blatch,Hove_Blatch,E01016980|Hove_Blatch|Hove_Blatch
E01016980,E05015417,528944,106353,Hove_Blatch,Hove_Blatch,E01016980|Hove_Blatch|Hove_Blatch
E01016984,E05015417,528761,106691,Hove_Blatch,Hove_Blatch,E01016984|Hove_Blatch|Hove_Blatch
E01016981,E05015417,529375,106250,Hove_Blatch,Hove_Blatch,E01016981|Hove_Blatch|Hove_Blatch
E01016981,E05015417,529647,106272,Hove_Blatch,Hove_Blatch,E01016981|Hove_Blatch|Hove_Blatch
E01016980,E05015417,528887,106055,Hove_Blatch,Hove_Blatch,E01016980|Hove_Blatch|Hove_Blatch
E01016980,E05015417,528931,106023,Hove_Blatch,Hove_Blatch,E01016980|Hove_Blatch|Hove_Blatch
E01016981,E05015417,529474,106008,Hove_Blatch,Hove_Blatch,E01016981|Hove_Blatch|Hove_Blatch
E01016981,E05015417,529812,105904,Hove_Blatch,Hove_Blatch,E01016981|Hove_Blatch|Hove_Blatch
E01016981,E05015417,529793,105815,Hove_Blatch,Hove_Blatch,E01016981|Hove_Blatch|Hove_Blatch
E01016981,E05015417,529775,105758,Hove_Blatch,Hove_Blatch,E01016981|Hove_Blatch|Hove_Blatch
E01016981,E05015417,529955,105932,Hove_Blatch,Hove_Blatch,E01016981|Hove_Blatch|Hove_Blatch
E01016981,E05015417,529986,105887,Hove_Blatch,Hove_Blatch,E01016981|Hove_Blatch|Hove_Blatch
E01016981,E05015417,529537,105859,Hove_Blatch,Hove_Blatch,E01016981|Hove_Blatch|Hove_Blatch
E01016981,E05015417,529663,106038,Hove_Blatch,Hove_Blatch,E01016981|Hove_Blatch|Hove_Blatch
E01016981,E05015417,529513,105974,Hove_Blatch,Hove_Blatch,E01016981|Hove_Blatch|Hove_Blatch
E01016981,E05015417,529392,105893,Hove_Blatch,Hove_Blatch,E01016981|Hove_Blatch|Hove_Blatch
E01016981,E05015417,529368,106017,Hove_Blatch,Hove_Blatch,E01016981|Hove_Blatch|Hove_Blatch
E01016981,E05015417,529285,105998,Hove_Blatch,Hove_Blatch,E01016981|Hove_Blatch|Hove_Blatch
E01016981,E05015417,529327,105793,Hove_Blatch,Hove_Blatch,E01016981|Hove_Blatch|Hove_Blatch
E01016981,E05015417,529772,105908,Hove_Blatch,Hove_Blatch,E01016981|Hove_Blatch|Hove_Blatch
E01016981,E05015417,529838,106010,Hove_Blatch,Hove_Blatch,E01016981|Hove_Blatch|Hove_Blatch
E01016981,E05015417,529849,105989,Hove_Blatch,Hove_Blatch,E01016981|Hove_Blatch|Hove_Blatch
E01016981,E05015417,529786,106068,Hove_Blatch,Hove_Blatch,E01016981|Hove_Blatch|Hove_Blatch
E01016981,E05015417,529738,105897,Hove_Blatch,Hove_Blatch,E01016981|Hove_Blatch|Hove_Blatch
E01016981,E05015417,529840,106133,Hove_Blatch,Hove_Blatch,E01016981|Hove_Blatch|Hove_Blatch
E01016981,E05015417,529738,106280,Hove_Blatch,Hove_Blatch,E01016981|Hove_Blatch|Hove_Blatch
E01016981,E05015417,529667,106437,Hove_Blatch,Hove_Blatch,E01016981|Hove_Blatch|Hove_Blatch
E01016984,E05015417,529622,106630,Hove_Blatch,Hove_Blatch,E01016984|Hove_Blatch|Hove_Blatch
E01016984,E05015417,529498,106736,Hove_Blatch,Hove_Blatch,E01016984|Hove_Blatch|Hove_Blatch
E01016984,E05015417,529342,106686,Hove_Blatch,Hove_Blatch,E01016984|Hove_Blatch|Hove_Blatch
E01016984,E05015417,529134,106620,Hove_Blatch,Hove_Blatch,E01016984|Hove_Blatch|Hove_Blatch
E01016984,E05015417,528951,106562,Hove_Blatch,Hove_Blatch,E01016984|Hove_Blatch|Hove_Blatch
E01016984,E05015417,529133,106709,Hove_Blatch,Hove_Blatch,E01016984|Hove_Blatch|Hove_Blatch
E01016981,E05015417,529212,106484,Hove_Blatch,Hove_Blatch,E01016981|Hove_Blatch|Hove_Blatch
E01016981,E05015417,529229,106325,Hove_Blatch,Hove_Blatch,E01016981|Hove_Blatch|Hove_Blatch
E01016981,E05015417,529196,106249,Hove_Blatch,Hove_Blatch,E01016981|Hove_Blatch|Hove_Blatch
E01016981,E05015417,529093,106378,Hove_Blatch,Hove_Blatch,E01016981|Hove_Blatch|Hove_Blatch
E01016980,E05015417,529017,106299,Hove_Blatch,Hove_Blatch,E01016980|Hove_Blatch|Hove_Blatch
E01016981,E05015417,529050,106445,Hove_Blatch,Hove_Blatch,E01016981|Hove_Blatch|Hove_Blatch
E01016981,E05015417,529109,106464,Hove_Blatch,Hove_Blatch,E01016981|Hove_Blatch|Hove_Blatch
E01016981,E05015417,529049,106549,Hove_Blatch,Hove_Blatch,E01016981|Hove_Blatch|Hove_Blatch
E01016984,E05015417,529465,107030,Hove_Blatch,Hove_Blatch,E01016984|Hove_Blatch|Hove_Blatch
E01016983,E05015417,529134,107272,Hove_Blatch,Hove_Blatch,E01016983|Hove_Blatch|Hove_Blatch
E01016983,E05015417,529213,107375,Hove_Blatch,Hove_Blatch,E01016983|Hove_Blatch|Hove_Blatch
E01016984,E05015417,528910,107106,Hove_Blatch,Hove_Blatch,E01016984|Hove_Blatch|Hove_Blatch
E01016983,E05015417,528963,107389,Hove_Blatch,Hove_Blatch,E01016983|Hove_Blatch|Hove_Blatch
E01016983,E05015417,528915,107472,Hove_Blatch,Hove_Blatch,E01016983|Hove_Blatch|Hove_Blatch
E01016983,E05015417,528797,107530,Hove_Blatch,Hove_Blatch,E01016983|Hove_Blatch|Hove_Blatch
E01016983,E05015417,528792,107348,Hove_Blatch,Hove_Blatch,E01016983|Hove_Blatch|Hove_Blatch
E01016983,E05015417,528983,107349,Hove_Blatch,Hove_Blatch,E01016983|Hove_Blatch|Hove_Blatch
E01016984,E05015417,528866,107178,Hove_Blatch,Hove_Blatch,E01016984|Hove_Blatch|Hove_Blatch
E01016984,E05015417,528804,107057,Hove_Blatch,Hove_Blatch,E01016984|Hove_Blatch|Hove_Blatch
E01016984,E05015417,529007,107032,Hove_Blatch,Hove_Blatch,E01016984|Hove_Blatch|Hove_Blatch
E01016984,E05015417,529362,107091,Hove_Blatch,Hove_Blatch,E01016984|Hove_Blatch|Hove_Blatch
E01016984,E05015417,529342,107009,Hove_Blatch,Hove_Blatch,E01016984|Hove_Blatch|Hove_Blatch
E01016983,E05015417,529186,107375,Hove_Blatch,Hove_Blatch,E01016983|Hove_Blatch|Hove_Blatch
E01016984,E05015417,529252,107169,Hove_Blatch,Hove_Blatch,E01016984|Hove_Blatch|Hove_Blatch
E01016983,E05015417,528934,107656,Hove_Blatch,Hove_Blatch,E01016983|Hove_Blatch|Hove_Blatch
E01016870,E05015401,529551,105636,Hove_Blatch,Hove_Blatch,E01016870|Hove_Blatch|Hove_Blatch
E01016981,E05015417,529514,106542,Hove_Blatch,Hove_Blatch,E01016981|Hove_Blatch|Hove_Blatch
E01016981,E05015417,529430,106425,Hove_Blatch,Hove_Blatch,E01016981|Hove_Blatch|Hove_Blatch
E01016984,E05015417,529447,106607,Hove_Blatch,Hove_Blatch,E01016984|Hove_Blatch|Hove_Blatch
E01016984,E05015417,529581,106782,Hove_Blatch,Hove_Blatch,E01016984|Hove_Blatch|Hove_Blatch
E01016984,E05015417,529513,106841,Hove_Blatch,Hove_Blatch,E01016984|Hove_Blatch|Hove_Blatch
E01016984,E05015417,529491,106788,Hove_Blatch,Hove_Blatch,E01016984|Hove_Blatch|Hove_Blatch
E01016984,E05015417,529370,106829,Hove_Blatch,Hove_Blatch,E01016984|Hove_Blatch|Hove_Blatch
E01016984,E05015417,529401,106974,Hove_Blatch,Hove_Blatch,E01016984|Hove_Blatch|Hove_Blatch
E01016984,E05015417,529298,106828,Hove_Blatch,Hove_Blatch,E01016984|Hove_Blatch|Hove_Blatch
E01016983,E05015417,529196,107071,Hove_Blatch,Hove_Blatch,E01016983|Hove_Blatch|Hove_Blatch
E01016984,E05015417,529290,107007,Hove_Blatch,Hove_Blatch,E01016984|Hove_Blatch|Hove_Blatch
E01016984,E05015417,529447,106881,Hove_Blatch,Hove_Blatch,E01016984|Hove_Blatch|Hove_Blatch
E01016981,E05015417,529313,106241,Hove_Blatch,Hove_Blatch,E01016981|Hove_Blatch|Hove_Blatch
E01016984,E05015417,529332,106490,Hove_Blatch,Hove_Blatch,E01016984|Hove_Blatch|Hove_Blatch
E01016984,E05015417,529276,106481,Hove_Blatch,Hove_Blatch,E01016984|Hove_Blatch|Hove_Blatch
E01016984,E05015417,529256,106740,Hove_Blatch,Hove_Blatch,E01016984|Hove_Blatch|Hove_Blatch
E01016984,E05015417,529188,106743,Hove_Blatch,Hove_Blatch,E01016984|Hove_Blatch|Hove_Blatch
E01016984,E05015417,529180,106890,Hove_Blatch,Hove_Blatch,E01016984|Hove_Blatch|Hove_Blatch
E01016984,E05015417,528991,106697,Hove_Blatch,Hove_Blatch,E01016984|Hove_Blatch|Hove_Blatch
E01016984,E05015417,529020,106912,Hove_Blatch,Hove_Blatch,E01016984|Hove_Blatch|Hove_Blatch
E01016984,E05015417,529006,106859,Hove_Blatch,Hove_Blatch,E01016984|Hove_Blatch|Hove_Blatch
E01016984,E05015417,528879,106810,Hove_Blatch,Hove_Blatch,E01016984|Hove_Blatch|Hove_Blatch
E01016984,E05015417,528874,106928,Hove_Blatch,Hove_Blatch,E01016984|Hove_Blatch|Hove_Blatch
E01016984,E05015417,528782,106857,Hove_Blatch,Hove_Blatch,E01016984|Hove_Blatch|Hove_Blatch
E01016984,E05015417,528704,106827,Hove_Blatch,Hove_Blatch,E01016984|Hove_Blatch|Hove_Blatch
E01016984,E05015417,528963,106782,Hove_Blatch,Hove_Blatch,E01016984|Hove_Blatch|Hove_Blatch
E01016984,E05015417,528852,106709,Hove_Blatch,Hove_Blatch,E01016984|Hove_Blatch|Hove_Blatch
E01016982,E05015417,528497,107081,Hove_Blatch,Hove_Blatch,E01016982|Hove_Blatch|Hove_Blatch
E01016982,E05015417,528299,107012,Hove_Blatch,Hove_Blatch,E01016982|Hove_Blatch|Hove_Blatch
E01016985,E05015417,528273,106987,Hove_Blatch,Hove_Blatch,E01016985|Hove_Blatch|Hove_Blatch
E01016982,E05015417,528344,107043,Hove_Blatch,Hove_Blatch,E01016982|Hove_Blatch|Hove_Blatch
E01016982,E05015417,528367,107067,Hove_Blatch,Hove_Blatch,E01016982|Hove_Blatch|Hove_Blatch
E01016982,E05015417,528405,107106,Hove_Blatch,Hove_Blatch,E01016982|Hove_Blatch|Hove_Blatch
E01016982,E05015417,528489,107136,Hove_Blatch,Hove_Blatch,E01016982|Hove_Blatch|Hove_Blatch
E01016982,E05015417,528311,107158,Hove_Blatch,Hove_Blatch,E01016982|Hove_Blatch|Hove_Blatch
E01016985,E05015417,528205,107140,Hove_Blatch,Hove_Blatch,E01016985|Hove_Blatch|Hove_Blatch
E01016985,E05015417,528185,107220,Hove_Blatch,Hove_Blatch,E01016985|Hove_Blatch|Hove_Blatch
E01016985,E05015417,528198,107290,Hove_Blatch,Hove_Blatch,E01016985|Hove_Blatch|Hove_Blatch
E01016985,E05015417,528132,107262,Hove_Blatch,Hove_Blatch,E01016985|Hove_Blatch|Hove_Blatch
E01016982,E05015417,528176,107171,Hove_Blatch,Hove_Blatch,E01016982|Hove_Blatch|Hove_Blatch
E01016985,E05015417,528044,107252,Hove_Blatch,Hove_Blatch,E01016985|Hove_Blatch|Hove_Blatch
E01016982,E05015417,528413,107245,Hove_Blatch,Hove_Blatch,E01016982|Hove_Blatch|Hove_Blatch
E01016982,E05015417,528451,107302,Hove_Blatch,Hove_Blatch,E01016982|Hove_Blatch|Hove_Blatch
E01016982,E05015417,528309,107209,Hove_Blatch,Hove_Blatch,E01016982|Hove_Blatch|Hove_Blatch
E01016982,E05015417,528429,107201,Hove_Blatch,Hove_Blatch,E01016982|Hove_Blatch|Hove_Blatch
E01016982,E05015417,528392,107409,Hove_Blatch,Hove_Blatch,E01016982|Hove_Blatch|Hove_Blatch
E01016982,E05015417,528286,107331,Hove_Blatch,Hove_Blatch,E01016982|Hove_Blatch|Hove_Blatch
E01016982,E05015417,528375,107527,Hove_Blatch,Hove_Blatch,E01016982|Hove_Blatch|Hove_Blatch
E01016982,E05015417,528442,107396,Hove_Blatch,Hove_Blatch,E01016982|Hove_Blatch|Hove_Blatch
E01016982,E05015417,528385,107322,Hove_Blatch,Hove_Blatch,E01016982|Hove_Blatch|Hove_Blatch
E01016979,E05015417,528418,105708,Hove_Blatch,Hove_Blatch,E01016979|Hove_Blatch|Hove_Blatch
E01016979,E05015417,528340,105682,Hove_Blatch,Hove_Blatch,E01016979|Hove_Blatch|Hove_Blatch
E01016979,E05015417,528265,105747,Hove_Blatch,Hove_Blatch,E01016979|Hove_Blatch|Hove_Blatch
E01016979,E05015417,528282,105870,Hove_Blatch,Hove_Blatch,E01016979|Hove_Blatch|Hove_Blatch
E01016979,E05015417,528344,105782,Hove_Blatch,Hove_Blatch,E01016979|Hove_Blatch|Hove_Blatch
E01016979,E05015417,528401,105829,Hove_Blatch,Hove_Blatch,E01016979|Hove_Blatch|Hove_Blatch
E01016979,E05015417,528348,105806,Hove_Blatch,Hove_Blatch,E01016979|Hove_Blatch|Hove_Blatch
E01016979,E05015417,528338,105871,Hove_Blatch,Hove_Blatch,E01016979|Hove_Blatch|Hove_Blatch
E01016979,E05015417,528385,105904,Hove_Blatch,Hove_Blatch,E01016979|Hove_Blatch|Hove_Blatch
E01016979,E05015417,528342,105938,Hove_Blatch,Hove_Blatch,E01016979|Hove_Blatch|Hove_Blatch
E01016979,E05015417,528309,105988,Hove_Blatch,Hove_Blatch,E01016979|Hove_Blatch|Hove_Blatch
E01016980,E05015417,528636,106444,Hove_Blatch,Hove_Blatch,E01016980|Hove_Blatch|Hove_Blatch
E01016980,E05015417,528660,106270,Hove_Blatch,Hove_Blatch,E01016980|Hove_Blatch|Hove_Blatch
E01016980,E05015417,528595,106262,Hove_Blatch,Hove_Blatch,E01016980|Hove_Blatch|Hove_Blatch
E01016979,E05015401,528562,105775,Hove_Blatch,Hove_Blatch,E01016979|Hove_Blatch|Hove_Blatch
E01016878,E05015401,528749,105848,Hove_Blatch,Hove_Blatch,E01016878|Hove_Blatch|Hove_Blatch
E01016979,E05015401,528530,105927,Hove_Blatch,Hove_Blatch,E01016979|Hove_Blatch|Hove_Blatch
E01016980,E05015417,528540,105982,Hove_Blatch,Hove_Blatch,E01016980|Hove_Blatch|Hove_Blatch
E01016980,E05015417,528647,106098,Hove_Blatch,Hove_Blatch,E01016980|Hove_Blatch|Hove_Blatch
E01016980,E05015417,528531,106188,Hove_Blatch,Hove_Blatch,E01016980|Hove_Blatch|Hove_Blatch
E01016980,E05015417,528582,106080,Hove_Blatch,Hove_Blatch,E01016980|Hove_Blatch|Hove_Blatch
E01016980,E05015417,528559,106117,Hove_Blatch,Hove_Blatch,E01016980|Hove_Blatch|Hove_Blatch
E01016980,E05015417,528465,106132,Hove_Blatch,Hove_Blatch,E01016980|Hove_Blatch|Hove_Blatch
E01016979,E05015417,528268,106172,Hove_Blatch,Hove_Blatch,E01016979|Hove_Blatch|Hove_Blatch
E01016980,E05015417,528394,106127,Hove_Blatch,Hove_Blatch,E01016980|Hove_Blatch|Hove_Blatch
E01016980,E05015417,528354,106111,Hove_Blatch,Hove_Blatch,E01016980|Hove_Blatch|Hove_Blatch
E01016980,E05015417,528356,106260,Hove_Blatch,Hove_Blatch,E01016980|Hove_Blatch|Hove_Blatch
E01016980,E05015417,528389,106426,Hove_Blatch,Hove_Blatch,E01016980|Hove_Blatch|Hove_Blatch
E01016985,E05015417,527945,106657,Hove_Blatch,Hove_Blatch,E01016985|Hove_Blatch|Hove_Blatch
E01016980,E05015417,528444,105990,Hove_Blatch,Hove_Blatch,E01016980|Hove_Blatch|Hove_Blatch
E01016980,E05015417,528446,106356,Hove_Blatch,Hove_Blatch,E01016980|Hove_Blatch|Hove_Blatch
E01016881,E05015402,526700,105805,Hove_Blatch,Hove_Blatch,E01016881|Hove_Blatch|Hove_Blatch
E01016980,E05015417,528621,106256,Hove_Blatch,Hove_Blatch,E01016980|Hove_Blatch|Hove_Blatch
E01016979,E05015417,527786,105742,Hove_Blatch,Hove_Blatch,E01016979|Hove_Blatch|Hove_Blatch
E01016980,E05015417,528071,105977,Hove_Blatch,Hove_Blatch,E01016980|Hove_Blatch|Hove_Blatch
E01016979,E05015417,527813,105954,Hove_Blatch,Hove_Blatch,E01016979|Hove_Blatch|Hove_Blatch
E01016888,E05015402,527594,105914,Hove_Blatch,Hove_Blatch,E01016888|Hove_Blatch|Hove_Blatch
E01016879,E05015402,527497,105937,Hove_Blatch,Hove_Blatch,E01016879|Hove_Blatch|Hove_Blatch
E01016879,E05015402,527519,105836,Hove_Blatch,Hove_Blatch,E01016879|Hove_Blatch|Hove_Blatch
E01016979,E05015417,527820,105912,Hove_Blatch,Hove_Blatch,E01016979|Hove_Blatch|Hove_Blatch
E01016979,E05015417,528035,105932,Hove_Blatch,Hove_Blatch,E01016979|Hove_Blatch|Hove_Blatch
E01016979,E05015417,527882,105841,Hove_Blatch,Hove_Blatch,E01016979|Hove_Blatch|Hove_Blatch
E01016979,E05015417,528023,105803,Hove_Blatch,Hove_Blatch,E01016979|Hove_Blatch|Hove_Blatch
E01016979,E05015417,527996,105833,Hove_Blatch,Hove_Blatch,E01016979|Hove_Blatch|Hove_Blatch
E01016979,E05015417,527875,105766,Hove_Blatch,Hove_Blatch,E01016979|Hove_Blatch|Hove_Blatch
E01016979,E05015417,527951,105831,Hove_Blatch,Hove_Blatch,E01016979|Hove_Blatch|Hove_Blatch
E01016979,E05015417,527856,105741,Hove_Blatch,Hove_Blatch,E01016979|Hove_Blatch|Hove_Blatch
E01016979,E05015417,528139,105785,Hove_Blatch,Hove_Blatch,E01016979|Hove_Blatch|Hove_Blatch
E01016879,E05015402,527471,105907,Hove_Blatch,Hove_Blatch,E01016879|Hove_Blatch|Hove_Blatch
E01016979,E05015417,527752,105709,Hove_Blatch,Hove_Blatch,E01016979|Hove_Blatch|Hove_Blatch
E01016979,E05015417,528145,105891,Hove_Blatch,Hove_Blatch,E01016979|Hove_Blatch|Hove_Blatch
E01016979,E05015417,528138,105840,Hove_Blatch,Hove_Blatch,E01016979|Hove_Blatch|Hove_Blatch
E01016880,E05015402,526705,105966,Hove_Blatch,Hove_Blatch,E01016880|Hove_Blatch|Hove_Blatch
E01016880,E05015402,526724,105946,Hove_Blatch,Hove_Blatch,E01016880|Hove_Blatch|Hove_Blatch
E01016880,E05015402,526930,106012,Hove_Blatch,Hove_Blatch,E01016880|Hove_Blatch|Hove_Blatch
E01016881,E05015402,526962,106013,Hove_Blatch,Hove_Blatch,E01016881|Hove_Blatch|Hove_Blatch
E01016879,E05015402,526976,106206,Hove_Blatch,Hove_Blatch,E01016879|Hove_Blatch|Hove_Blatch
E01016880,E05015402,526971,106338,Hove_Blatch,Hove_Blatch,E01016880|Hove_Blatch|Hove_Blatch
E01016880,E05015402,526842,106284,Hove_Blatch,Hove_Blatch,E01016880|Hove_Blatch|Hove_Blatch
E01016880,E05015402,526903,106116,Hove_Blatch,Hove_Blatch,E01016880|Hove_Blatch|Hove_Blatch
E01016880,E05015402,526873,106128,Hove_Blatch,Hove_Blatch,E01016880|Hove_Blatch|Hove_Blatch
E01016880,E05015402,526827,106125,Hove_Blatch,Hove_Blatch,E01016880|Hove_Blatch|Hove_Blatch
E01016880,E05015402,526798,106134,Hove_Blatch,Hove_Blatch,E01016880|Hove_Blatch|Hove_Blatch
E01016880,E05015402,526710,106101,Hove_Blatch,Hove_Blatch,E01016880|Hove_Blatch|Hove_Blatch
E01016880,E05015402,526747,106122,Hove_Blatch,Hove_Blatch,E01016880|Hove_Blatch|Hove_Blatch
E01016880,E05015402,526830,106374,Hove_Blatch,Hove_Blatch,E01016880|Hove_Blatch|Hove_Blatch
E01016880,E05015402,526850,106352,Hove_Blatch,Hove_Blatch,E01016880|Hove_Blatch|Hove_Blatch
E01016880,E05015402,526869,106328,Hove_Blatch,Hove_Blatch,E01016880|Hove_Blatch|Hove_Blatch
E01016880,E05015402,526741,106010,Hove_Blatch,Hove_Blatch,E01016880|Hove_Blatch|Hove_Blatch
E01016881,E05015402,526916,105856,Hove_Blatch,Hove_Blatch,E01016881|Hove_Blatch|Hove_Blatch
E01016880,E05015402,527005,106447,Hove_Blatch,Hove_Blatch,E01016880|Hove_Blatch|Hove_Blatch
E01016881,E05015402,526476,105612,Hove_Blatch,Hove_Blatch,E01016881|Hove_Blatch|Hove_Blatch
E01016881,E05015402,526521,105715,Hove_Blatch,Hove_Blatch,E01016881|Hove_Blatch|Hove_Blatch
E01016881,E05015402,526500,106259,PACA,PACA,E01016881|PACA|PACA
E01016881,E05015402,526541,105953,Hove_Blatch,Hove_Blatch,E01016881|Hove_Blatch|Hove_Blatch
E01016881,E05015402,526635,106163,Hove_Blatch,Hove_Blatch,E01016881|Hove_Blatch|Hove_Blatch
E01016881,E05015402,526604,105980,Hove_Blatch,Hove_Blatch,E01016881|Hove_Blatch|Hove_Blatch
E01016881,E05015402,526676,106165,Hove_Blatch,Hove_Blatch,E01016881|Hove_Blatch|Hove_Blatch
E01016881,E05015402,526617,105786,Hove_Blatch,Hove_Blatch,E01016881|Hove_Blatch|Hove_Blatch
E01016881,E05015402,526585,105739,Hove_Blatch,Hove_Blatch,E01016881|Hove_Blatch|Hove_Blatch
E01016881,E05015402,526554,105635,Hove_Blatch,Hove_Blatch,E01016881|Hove_Blatch|Hove_Blatch
E01016881,E05015402,526668,105638,Hove_Blatch,Hove_Blatch,E01016881|Hove_Blatch|Hove_Blatch
E01016881,E05015402,526764,105747,Hove_Blatch,Hove_Blatch,E01016881|Hove_Blatch|Hove_Blatch
E01016881,E05015402,526690,105736,Hove_Blatch,Hove_Blatch,E01016881|Hove_Blatch|Hove_Blatch
E01016881,E05015402,526771,105874,Hove_Blatch,Hove_Blatch,E01016881|Hove_Blatch|Hove_Blatch
E01016881,E05015402,526660,105767,Hove_Blatch,Hove_Blatch,E01016881|Hove_Blatch|Hove_Blatch
E01016881,E05015402,526875,105682,Hove_Blatch,Hove_Blatch,E01016881|Hove_Blatch|Hove_Blatch
E01016881,E05015402,526863,105649,Hove_Blatch,Hove_Blatch,E01016881|Hove_Blatch|Hove_Blatch
E01016881,E05015402,526871,105746,Hove_Blatch,Hove_Blatch,E01016881|Hove_Blatch|Hove_Blatch
E01016881,E05015402,526974,105782,Hove_Blatch,Hove_Blatch,E01016881|Hove_Blatch|Hove_Blatch
E01016881,E05015402,527056,105742,Hove_Blatch,Hove_Blatch,E01016881|Hove_Blatch|Hove_Blatch
E01016881,E05015402,526867,105806,Hove_Blatch,Hove_Blatch,E01016881|Hove_Blatch|Hove_Blatch
E01016881,E05015402,527036,105839,Hove_Blatch,Hove_Blatch,E01016881|Hove_Blatch|Hove_Blatch
E01016880,E05015402,526764,105963,Hove_Blatch,Hove_Blatch,E01016880|Hove_Blatch|Hove_Blatch
E01016979,E05015417,528179,105727,Hove_Blatch,Hove_Blatch,E01016979|Hove_Blatch|Hove_Blatch
E01016881,E05015402,526631,105870,Hove_Blatch,Hove_Blatch,E01016881|Hove_Blatch|Hove_Blatch
E01016881,E05015402,526566,105861,Hove_Blatch,Hove_Blatch,E01016881|Hove_Blatch|Hove_Blatch
E01016888,E05015402,527550,106285,Hove_Blatch,Hove_Blatch,E01016888|Hove_Blatch|Hove_Blatch
E01016879,E05015402,527481,106389,Hove_Blatch,Hove_Blatch,E01016879|Hove_Blatch|Hove_Blatch
E01016879,E05015402,527260,106128,Hove_Blatch,Hove_Blatch,E01016879|Hove_Blatch|Hove_Blatch
E01016879,E05015402,527133,106308,Hove_Blatch,Hove_Blatch,E01016879|Hove_Blatch|Hove_Blatch
E01016879,E05015402,527244,106420,Hove_Blatch,Hove_Blatch,E01016879|Hove_Blatch|Hove_Blatch
E01016879,E05015402,527208,106410,Hove_Blatch,Hove_Blatch,E01016879|Hove_Blatch|Hove_Blatch
E01016879,E05015402,527132,106197,Hove_Blatch,Hove_Blatch,E01016879|Hove_Blatch|Hove_Blatch
E01016879,E05015402,527118,106156,Hove_Blatch,Hove_Blatch,E01016879|Hove_Blatch|Hove_Blatch
E01016879,E05015402,527071,106387,Hove_Blatch,Hove_Blatch,E01016879|Hove_Blatch|Hove_Blatch
E01016879,E05015402,527339,106022,Hove_Blatch,Hove_Blatch,E01016879|Hove_Blatch|Hove_Blatch
E01016879,E05015402,527205,106184,Hove_Blatch,Hove_Blatch,E01016879|Hove_Blatch|Hove_Blatch
E01016980,E05015417,527956,106018,Hove_Blatch,Hove_Blatch,E01016980|Hove_Blatch|Hove_Blatch
E01016979,E05015417,527809,106045,Hove_Blatch,Hove_Blatch,E01016979|Hove_Blatch|Hove_Blatch
E01016979,E05015417,527813,106012,Hove_Blatch,Hove_Blatch,E01016979|Hove_Blatch|Hove_Blatch
E01016979,E05015417,527728,105983,Hove_Blatch,Hove_Blatch,E01016979|Hove_Blatch|Hove_Blatch
E01016888,E05015402,527565,106076,Hove_Blatch,Hove_Blatch,E01016888|Hove_Blatch|Hove_Blatch
E01016888,E05015402,527602,106016,Hove_Blatch,Hove_Blatch,E01016888|Hove_Blatch|Hove_Blatch
E01016879,E05015402,527530,105998,Hove_Blatch,Hove_Blatch,E01016879|Hove_Blatch|Hove_Blatch
E01016879,E05015402,527381,106228,Hove_Blatch,Hove_Blatch,E01016879|Hove_Blatch|Hove_Blatch
E01016879,E05015402,527287,106411,Hove_Blatch,Hove_Blatch,E01016879|Hove_Blatch|Hove_Blatch
E01016879,E05015402,527377,106404,Hove_Blatch,Hove_Blatch,E01016879|Hove_Blatch|Hove_Blatch
E01016879,E05015402,527127,106449,Hove_Blatch,Hove_Blatch,E01016879|Hove_Blatch|Hove_Blatch
E01016888,E05015402,527659,105997,Hove_Blatch,Hove_Blatch,E01016888|Hove_Blatch|Hove_Blatch
E01016888,E05015402,527701,106234,Hove_Blatch,Hove_Blatch,E01016888|Hove_Blatch|Hove_Blatch
E01016888,E05015402,527667,106258,Hove_Blatch,Hove_Blatch,E01016888|Hove_Blatch|Hove_Blatch
E01016888,E05015402,527772,106503,Hove_Blatch,Hove_Blatch,E01016888|Hove_Blatch|Hove_Blatch
E01016888,E05015402,527849,106683,Hove_Blatch,Hove_Blatch,E01016888|Hove_Blatch|Hove_Blatch
E01016888,E05015402,527915,106749,Hove_Blatch,Hove_Blatch,E01016888|Hove_Blatch|Hove_Blatch
E01016884,E05015402,527913,106819,Hove_Blatch,Hove_Blatch,E01016884|Hove_Blatch|Hove_Blatch
E01016884,E05015402,527767,106818,Hove_Blatch,Hove_Blatch,E01016884|Hove_Blatch|Hove_Blatch
E01016885,E05015402,527894,106974,Hove_Blatch,Hove_Blatch,E01016885|Hove_Blatch|Hove_Blatch
E01016884,E05015402,527764,106922,Hove_Blatch,Hove_Blatch,E01016884|Hove_Blatch|Hove_Blatch
E01016884,E05015402,527448,106738,Hove_Blatch,Hove_Blatch,E01016884|Hove_Blatch|Hove_Blatch
E01016884,E05015402,527735,106867,Hove_Blatch,Hove_Blatch,E01016884|Hove_Blatch|Hove_Blatch
E01016888,E05015402,527505,106721,Hove_Blatch,Hove_Blatch,E01016888|Hove_Blatch|Hove_Blatch
E01016886,E05015402,527178,106516,Hove_Blatch,Hove_Blatch,E01016886|Hove_Blatch|Hove_Blatch
E01016884,E05015402,527110,106552,Hove_Blatch,Hove_Blatch,E01016884|Hove_Blatch|Hove_Blatch
E01016884,E05015402,527164,106565,Hove_Blatch,Hove_Blatch,E01016884|Hove_Blatch|Hove_Blatch
E01016888,E05015402,527490,106138,Hove_Blatch,Hove_Blatch,E01016888|Hove_Blatch|Hove_Blatch
E01016980,E05015417,528144,106269,Hove_Blatch,Hove_Blatch,E01016980|Hove_Blatch|Hove_Blatch
E01016980,E05015417,528146,106316,Hove_Blatch,Hove_Blatch,E01016980|Hove_Blatch|Hove_Blatch
E01016980,E05015417,527865,106343,Hove_Blatch,Hove_Blatch,E01016980|Hove_Blatch|Hove_Blatch
E01016980,E05015417,527852,106395,Hove_Blatch,Hove_Blatch,E01016980|Hove_Blatch|Hove_Blatch
E01016888,E05015402,527604,106472,Hove_Blatch,Hove_Blatch,E01016888|Hove_Blatch|Hove_Blatch
E01016888,E05015402,527411,106509,Hove_Blatch,Hove_Blatch,E01016888|Hove_Blatch|Hove_Blatch
E01016888,E05015402,527592,106438,Hove_Blatch,Hove_Blatch,E01016888|Hove_Blatch|Hove_Blatch
E01016888,E05015402,527632,106592,Hove_Blatch,Hove_Blatch,E01016888|Hove_Blatch|Hove_Blatch
E01016888,E05015402,527616,106624,Hove_Blatch,Hove_Blatch,E01016888|Hove_Blatch|Hove_Blatch
E01016888,E05015402,527723,106688,Hove_Blatch,Hove_Blatch,E01016888|Hove_Blatch|Hove_Blatch
E01016884,E05015402,527635,106771,Hove_Blatch,Hove_Blatch,E01016884|Hove_Blatch|Hove_Blatch
E01016888,E05015402,527539,106630,Hove_Blatch,Hove_Blatch,E01016888|Hove_Blatch|Hove_Blatch
E01016888,E05015402,527649,106502,Hove_Blatch,Hove_Blatch,E01016888|Hove_Blatch|Hove_Blatch
E01016980,E05015417,527775,106369,Hove_Blatch,Hove_Blatch,E01016980|Hove_Blatch|Hove_Blatch
E01016879,E05015402,527109,106369,Hove_Blatch,Hove_Blatch,E01016879|Hove_Blatch|Hove_Blatch
E01016985,E05015417,528152,106913,Hove_Blatch,Hove_Blatch,E01016985|Hove_Blatch|Hove_Blatch
E01016985,E05015417,528164,106868,Hove_Blatch,Hove_Blatch,E01016985|Hove_Blatch|Hove_Blatch
E01016982,E05015417,528491,106785,Hove_Blatch,Hove_Blatch,E01016982|Hove_Blatch|Hove_Blatch
E01016979,E05015401,528646,105853,Hove_Blatch,Hove_Blatch,E01016979|Hove_Blatch|Hove_Blatch
E01016980,E05015417,528653,106321,Hove_Blatch,Hove_Blatch,E01016980|Hove_Blatch|Hove_Blatch
E01016980,E05015417,528487,106492,Hove_Blatch,Hove_Blatch,E01016980|Hove_Blatch|Hove_Blatch
E01016980,E05015417,528527,106552,Hove_Blatch,Hove_Blatch,E01016980|Hove_Blatch|Hove_Blatch
E01016985,E05015417,528398,106582,Hove_Blatch,Hove_Blatch,E01016985|Hove_Blatch|Hove_Blatch
E01016985,E05015417,528327,106579,Hove_Blatch,Hove_Blatch,E01016985|Hove_Blatch|Hove_Blatch
E01016985,E05015417,528348,106673,Hove_Blatch,Hove_Blatch,E01016985|Hove_Blatch|Hove_Blatch
E01016985,E05015417,528296,106621,Hove_Blatch,Hove_Blatch,E01016985|Hove_Blatch|Hove_Blatch
E01016985,E05015417,528248,106695,Hove_Blatch,Hove_Blatch,E01016985|Hove_Blatch|Hove_Blatch
E01016985,E05015417,528303,106748,Hove_Blatch,Hove_Blatch,E01016985|Hove_Blatch|Hove_Blatch
E01016985,E05015417,528212,106674,Hove_Blatch,Hove_Blatch,E01016985|Hove_Blatch|Hove_Blatch
E01016985,E05015417,528287,106796,Hove_Blatch,Hove_Blatch,E01016985|Hove_Blatch|Hove_Blatch
E01016985,E05015417,528161,106811,Hove_Blatch,Hove_Blatch,E01016985|Hove_Blatch|Hove_Blatch
E01016985,E05015417,528030,107017,Hove_Blatch,Hove_Blatch,E01016985|Hove_Blatch|Hove_Blatch
E01016985,E05015417,528092,106820,Hove_Blatch,Hove_Blatch,E01016985|Hove_Blatch|Hove_Blatch
E01016985,E05015417,528040,106787,Hove_Blatch,Hove_Blatch,E01016985|Hove_Blatch|Hove_Blatch
E01016980,E05015417,528131,106707,Hove_Blatch,Hove_Blatch,E01016980|Hove_Blatch|Hove_Blatch
E01016985,E05015417,528052,106740,Hove_Blatch,Hove_Blatch,E01016985|Hove_Blatch|Hove_Blatch
E01016985,E05015417,527939,106898,Hove_Blatch,Hove_Blatch,E01016985|Hove_Blatch|Hove_Blatch
E01016985,E05015417,527994,106924,Hove_Blatch,Hove_Blatch,E01016985|Hove_Blatch|Hove_Blatch
E01016985,E05015417,527993,106991,Hove_Blatch,Hove_Blatch,E01016985|Hove_Blatch|Hove_Blatch
E01016985,E05015417,527947,106959,Hove_Blatch,Hove_Blatch,E01016985|Hove_Blatch|Hove_Blatch
E01016985,E05015417,528006,106873,Hove_Blatch,Hove_Blatch,E01016985|Hove_Blatch|Hove_Blatch
E01016985,E05015417,528530,106736,Hove_Blatch,Hove_Blatch,E01016985|Hove_Blatch|Hove_Blatch
E01016985,E05015417,528511,106694,Hove_Blatch,Hove_Blatch,E01016985|Hove_Blatch|Hove_Blatch
E01016982,E05015417,528404,106744,Hove_Blatch,Hove_Blatch,E01016982|Hove_Blatch|Hove_Blatch
E01016888,E05015402,527508,106205,Hove_Blatch,Hove_Blatch,E01016888|Hove_Blatch|Hove_Blatch
E01016888,E05015402,527950,106760,Hove_Blatch,Hove_Blatch,E01016888|Hove_Blatch|Hove_Blatch
E01016979,E05015401,528677,105745,Hove_Blatch,Hove_Blatch,E01016979|Hove_Blatch|Hove_Blatch
E01016979,E05015401,528681,105786,Hove_Blatch,Hove_Blatch,E01016979|Hove_Blatch|Hove_Blatch
E01016881,E05015402,526659,106279,Hove_Blatch,Hove_Blatch,E01016881|Hove_Blatch|Hove_Blatch
E01016887,E05015402,526719,106443,Hove_Blatch,Hove_Blatch,E01016887|Hove_Blatch|Hove_Blatch
E01016887,E05015402,526767,106439,Hove_Blatch,Hove_Blatch,E01016887|Hove_Blatch|Hove_Blatch
E01016887,E05015402,526706,106402,Hove_Blatch,Hove_Blatch,E01016887|Hove_Blatch|Hove_Blatch
E01016887,E05015402,526791,106405,Hove_Blatch,Hove_Blatch,E01016887|Hove_Blatch|Hove_Blatch
E01016886,E05015402,527032,106543,Hove_Blatch,Hove_Blatch,E01016886|Hove_Blatch|Hove_Blatch
E01016886,E05015402,526908,106499,Hove_Blatch,Hove_Blatch,E01016886|Hove_Blatch|Hove_Blatch
E01016881,E05015402,526665,106388,Hove_Blatch,Hove_Blatch,E01016881|Hove_Blatch|Hove_Blatch
E01016887,E05015402,526790,106487,Hove_Blatch,Hove_Blatch,E01016887|Hove_Blatch|Hove_Blatch
E01016887,E05015402,526588,106620,Hove_Blatch,Hove_Blatch,E01016887|Hove_Blatch|Hove_Blatch
E01016887,E05015402,526587,106722,Hove_Blatch,Hove_Blatch,E01016887|Hove_Blatch|Hove_Blatch
E01016887,E05015402,526675,106747,Hove_Blatch,Hove_Blatch,E01016887|Hove_Blatch|Hove_Blatch
E01016887,E05015402,526720,106748,Hove_Blatch,Hove_Blatch,E01016887|Hove_Blatch|Hove_Blatch
E01016883,E05015402,526575,106898,Hove_Blatch,Hove_Blatch,E01016883|Hove_Blatch|Hove_Blatch
E01016883,E05015402,526528,106862,Hove_Blatch,Hove_Blatch,E01016883|Hove_Blatch|Hove_Blatch
E01016883,E05015402,526452,106840,Hove_Blatch,Hove_Blatch,E01016883|Hove_Blatch|Hove_Blatch
E01016883,E05015402,526383,106966,Hove_Blatch,Hove_Blatch,E01016883|Hove_Blatch|Hove_Blatch
E01016883,E05015402,526390,107154,Hove_Blatch,Hove_Blatch,E01016883|Hove_Blatch|Hove_Blatch
E01016883,E05015402,526520,107087,Hove_Blatch,Hove_Blatch,E01016883|Hove_Blatch|Hove_Blatch
E01016883,E05015402,526453,107064,Hove_Blatch,Hove_Blatch,E01016883|Hove_Blatch|Hove_Blatch
E01016882,E05015402,527037,107690,Hove_Blatch,Hove_Blatch,E01016882|Hove_Blatch|Hove_Blatch
E01016883,E05015402,526842,107076,Hove_Blatch,Hove_Blatch,E01016883|Hove_Blatch|Hove_Blatch
E01016883,E05015402,526811,107113,Hove_Blatch,Hove_Blatch,E01016883|Hove_Blatch|Hove_Blatch
E01016887,E05015402,526874,107077,Hove_Blatch,Hove_Blatch,E01016887|Hove_Blatch|Hove_Blatch
E01016883,E05015402,526918,107152,Hove_Blatch,Hove_Blatch,E01016883|Hove_Blatch|Hove_Blatch
E01016882,E05015402,526930,107320,Hove_Blatch,Hove_Blatch,E01016882|Hove_Blatch|Hove_Blatch
E01016882,E05015402,526923,107355,Hove_Blatch,Hove_Blatch,E01016882|Hove_Blatch|Hove_Blatch
E01016882,E05015402,526976,107298,Hove_Blatch,Hove_Blatch,E01016882|Hove_Blatch|Hove_Blatch
E01016882,E05015402,527067,107402,Hove_Blatch,Hove_Blatch,E01016882|Hove_Blatch|Hove_Blatch
E01016882,E05015402,527173,107547,Hove_Blatch,Hove_Blatch,E01016882|Hove_Blatch|Hove_Blatch
E01016885,E05015402,527358,107502,Hove_Blatch,Hove_Blatch,E01016885|Hove_Blatch|Hove_Blatch
E01016882,E05015402,527146,107627,Hove_Blatch,Hove_Blatch,E01016882|Hove_Blatch|Hove_Blatch
E01016885,E05015402,527280,107495,Hove_Blatch,Hove_Blatch,E01016885|Hove_Blatch|Hove_Blatch
E01016885,E05015402,527292,107468,Hove_Blatch,Hove_Blatch,E01016885|Hove_Blatch|Hove_Blatch
E01016885,E05015402,527417,107450,Hove_Blatch,Hove_Blatch,E01016885|Hove_Blatch|Hove_Blatch
E01016885,E05015402,527256,107441,Hove_Blatch,Hove_Blatch,E01016885|Hove_Blatch|Hove_Blatch
E01016885,E05015402,527304,107377,Hove_Blatch,Hove_Blatch,E01016885|Hove_Blatch|Hove_Blatch
E01016882,E05015402,527160,107414,Hove_Blatch,Hove_Blatch,E01016882|Hove_Blatch|Hove_Blatch
E01016887,E05015402,526950,107181,Hove_Blatch,Hove_Blatch,E01016887|Hove_Blatch|Hove_Blatch
E01016887,E05015402,526955,107081,Hove_Blatch,Hove_Blatch,E01016887|Hove_Blatch|Hove_Blatch
E01016882,E05015402,526977,107197,Hove_Blatch,Hove_Blatch,E01016882|Hove_Blatch|Hove_Blatch
E01016882,E05015402,526813,107277,Hove_Blatch,Hove_Blatch,E01016882|Hove_Blatch|Hove_Blatch
E01016885,E05015402,527451,107374,Hove_Blatch,Hove_Blatch,E01016885|Hove_Blatch|Hove_Blatch
E01016882,E05015402,527032,107661,Hove_Blatch,Hove_Blatch,E01016882|Hove_Blatch|Hove_Blatch
E01016882,E05015402,527029,107641,Hove_Blatch,Hove_Blatch,E01016882|Hove_Blatch|Hove_Blatch
E01016883,E05015402,526611,107125,Hove_Blatch,Hove_Blatch,E01016883|Hove_Blatch|Hove_Blatch
E01016883,E05015402,526471,107008,Hove_Blatch,Hove_Blatch,E01016883|Hove_Blatch|Hove_Blatch
E01016883,E05015402,526520,107209,Hove_Blatch,Hove_Blatch,E01016883|Hove_Blatch|Hove_Blatch
E01016883,E05015402,526334,107267,Hove_Blatch,Hove_Blatch,E01016883|Hove_Blatch|Hove_Blatch
E01016883,E05015402,526462,107292,Hove_Blatch,Hove_Blatch,E01016883|Hove_Blatch|Hove_Blatch
E01016883,E05015402,526447,107505,Hove_Blatch,Hove_Blatch,E01016883|Hove_Blatch|Hove_Blatch
E01016883,E05015402,526490,107427,Hove_Blatch,Hove_Blatch,E01016883|Hove_Blatch|Hove_Blatch
E01016883,E05015402,526568,107512,Hove_Blatch,Hove_Blatch,E01016883|Hove_Blatch|Hove_Blatch
E01016883,E05015402,526651,107473,Hove_Blatch,Hove_Blatch,E01016883|Hove_Blatch|Hove_Blatch
E01016883,E05015402,526651,107321,Hove_Blatch,Hove_Blatch,E01016883|Hove_Blatch|Hove_Blatch
E01016883,E05015402,526582,107218,Hove_Blatch,Hove_Blatch,E01016883|Hove_Blatch|Hove_Blatch
E01016883,E05015402,526765,107097,Hove_Blatch,Hove_Blatch,E01016883|Hove_Blatch|Hove_Blatch
E01016882,E05015402,526876,107372,Hove_Blatch,Hove_Blatch,E01016882|Hove_Blatch|Hove_Blatch
E01016882,E05015402,526983,107479,Hove_Blatch,Hove_Blatch,E01016882|Hove_Blatch|Hove_Blatch
E01016882,E05015402,527045,107631,Hove_Blatch,Hove_Blatch,E01016882|Hove_Blatch|Hove_Blatch
E01016882,E05015402,527004,107639,Hove_Blatch,Hove_Blatch,E01016882|Hove_Blatch|Hove_Blatch
E01016883,E05015402,526691,107467,Hove_Blatch,Hove_Blatch,E01016883|Hove_Blatch|Hove_Blatch
E01016885,E05015402,526316,108016,Hove_Blatch,Hove_Blatch,E01016885|Hove_Blatch|Hove_Blatch
E01016882,E05015402,526912,107438,Hove_Blatch,Hove_Blatch,E01016882|Hove_Blatch|Hove_Blatch
E01016882,E05015402,526894,107588,Hove_Blatch,Hove_Blatch,E01016882|Hove_Blatch|Hove_Blatch
E01016882,E05015402,526857,107715,Hove_Blatch,Hove_Blatch,E01016882|Hove_Blatch|Hove_Blatch
E01016883,E05015402,526761,107637,Hove_Blatch,Hove_Blatch,E01016883|Hove_Blatch|Hove_Blatch
E01016883,E05015402,526476,107518,Hove_Blatch,Hove_Blatch,E01016883|Hove_Blatch|Hove_Blatch
E01016883,E05015402,526798,107592,Hove_Blatch,Hove_Blatch,E01016883|Hove_Blatch|Hove_Blatch
E01016883,E05015402,526405,107222,Hove_Blatch,Hove_Blatch,E01016883|Hove_Blatch|Hove_Blatch
E01016885,E05015402,527836,107033,Hove_Blatch,Hove_Blatch,E01016885|Hove_Blatch|Hove_Blatch
E01016885,E05015402,527886,107076,Hove_Blatch,Hove_Blatch,E01016885|Hove_Blatch|Hove_Blatch
E01016884,E05015402,527705,107040,Hove_Blatch,Hove_Blatch,E01016884|Hove_Blatch|Hove_Blatch
E01016885,E05015402,527808,107112,Hove_Blatch,Hove_Blatch,E01016885|Hove_Blatch|Hove_Blatch
E01016885,E05015402,527862,107102,Hove_Blatch,Hove_Blatch,E01016885|Hove_Blatch|Hove_Blatch
E01016884,E05015402,527509,106942,Hove_Blatch,Hove_Blatch,E01016884|Hove_Blatch|Hove_Blatch
E01016885,E05015402,527930,107032,Hove_Blatch,Hove_Blatch,E01016885|Hove_Blatch|Hove_Blatch
E01016885,E05015402,527766,107266,Hove_Blatch,Hove_Blatch,E01016885|Hove_Blatch|Hove_Blatch
E01016885,E05015402,527604,107461,Hove_Blatch,Hove_Blatch,E01016885|Hove_Blatch|Hove_Blatch
E01016885,E05015402,527580,107433,Hove_Blatch,Hove_Blatch,E01016885|Hove_Blatch|Hove_Blatch
E01016885,E05015402,527683,107349,Hove_Blatch,Hove_Blatch,E01016885|Hove_Blatch|Hove_Blatch
E01016886,E05015402,527523,107324,Hove_Blatch,Hove_Blatch,E01016886|Hove_Blatch|Hove_Blatch
E01016885,E05015402,527740,107250,Hove_Blatch,Hove_Blatch,E01016885|Hove_Blatch|Hove_Blatch
E01016885,E05015402,527674,107202,Hove_Blatch,Hove_Blatch,E01016885|Hove_Blatch|Hove_Blatch
E01016886,E05015402,527595,107284,Hove_Blatch,Hove_Blatch,E01016886|Hove_Blatch|Hove_Blatch
E01016886,E05015402,527558,107365,Hove_Blatch,Hove_Blatch,E01016886|Hove_Blatch|Hove_Blatch
E01016884,E05015402,527546,107126,Hove_Blatch,Hove_Blatch,E01016884|Hove_Blatch|Hove_Blatch
E01016884,E05015402,527628,107095,Hove_Blatch,Hove_Blatch,E01016884|Hove_Blatch|Hove_Blatch
E01016884,E05015402,527580,107046,Hove_Blatch,Hove_Blatch,E01016884|Hove_Blatch|Hove_Blatch
E01016884,E05015402,527582,107160,Hove_Blatch,Hove_Blatch,E01016884|Hove_Blatch|Hove_Blatch
E01016885,E05015402,527476,107552,Hove_Blatch,Hove_Blatch,E01016885|Hove_Blatch|Hove_Blatch
E01016884,E05015402,527575,106882,Hove_Blatch,Hove_Blatch,E01016884|Hove_Blatch|Hove_Blatch
E01016884,E05015402,527631,106954,Hove_Blatch,Hove_Blatch,E01016884|Hove_Blatch|Hove_Blatch
E01016884,E05015402,527371,106690,Hove_Blatch,Hove_Blatch,E01016884|Hove_Blatch|Hove_Blatch
E01016884,E05015402,527387,106798,Hove_Blatch,Hove_Blatch,E01016884|Hove_Blatch|Hove_Blatch
E01016884,E05015402,527255,106694,Hove_Blatch,Hove_Blatch,E01016884|Hove_Blatch|Hove_Blatch
E01016884,E05015402,527279,106607,Hove_Blatch,Hove_Blatch,E01016884|Hove_Blatch|Hove_Blatch
E01016886,E05015402,527259,106813,Hove_Blatch,Hove_Blatch,E01016886|Hove_Blatch|Hove_Blatch
E01016886,E05015402,527332,106868,Hove_Blatch,Hove_Blatch,E01016886|Hove_Blatch|Hove_Blatch
E01016886,E05015402,527240,106986,Hove_Blatch,Hove_Blatch,E01016886|Hove_Blatch|Hove_Blatch
E01016886,E05015402,527324,107010,Hove_Blatch,Hove_Blatch,E01016886|Hove_Blatch|Hove_Blatch
E01016884,E05015402,527445,107138,Hove_Blatch,Hove_Blatch,E01016884|Hove_Blatch|Hove_Blatch
E01016886,E05015402,527493,107402,Hove_Blatch,Hove_Blatch,E01016886|Hove_Blatch|Hove_Blatch
E01016884,E05015402,527501,107178,Hove_Blatch,Hove_Blatch,E01016884|Hove_Blatch|Hove_Blatch
E01016886,E05015402,527389,106916,Hove_Blatch,Hove_Blatch,E01016886|Hove_Blatch|Hove_Blatch
E01016887,E05015402,526919,106589,Hove_Blatch,Hove_Blatch,E01016887|Hove_Blatch|Hove_Blatch
E01016886,E05015402,526904,106548,Hove_Blatch,Hove_Blatch,E01016886|Hove_Blatch|Hove_Blatch
E01016886,E05015402,527146,106607,Hove_Blatch,Hove_Blatch,E01016886|Hove_Blatch|Hove_Blatch
E01016886,E05015402,527143,106732,Hove_Blatch,Hove_Blatch,E01016886|Hove_Blatch|Hove_Blatch
E01016887,E05015402,527104,106790,Hove_Blatch,Hove_Blatch,E01016887|Hove_Blatch|Hove_Blatch
E01016887,E05015402,526993,106891,Hove_Blatch,Hove_Blatch,E01016887|Hove_Blatch|Hove_Blatch
E01016887,E05015402,526785,106880,Hove_Blatch,Hove_Blatch,E01016887|Hove_Blatch|Hove_Blatch
E01016887,E05015402,526811,106830,Hove_Blatch,Hove_Blatch,E01016887|Hove_Blatch|Hove_Blatch
E01016887,E05015402,526951,106820,Hove_Blatch,Hove_Blatch,E01016887|Hove_Blatch|Hove_Blatch
E01016887,E05015402,526926,106795,Hove_Blatch,Hove_Blatch,E01016887|Hove_Blatch|Hove_Blatch
E01016887,E05015402,526813,106785,Hove_Blatch,Hove_Blatch,E01016887|Hove_Blatch|Hove_Blatch
E01016887,E05015402,526932,106684,Hove_Blatch,Hove_Blatch,E01016887|Hove_Blatch|Hove_Blatch
E01016887,E05015402,526798,106742,Hove_Blatch,Hove_Blatch,E01016887|Hove_Blatch|Hove_Blatch
E01016887,E05015402,526945,106737,Hove_Blatch,Hove_Blatch,E01016887|Hove_Blatch|Hove_Blatch
E01016887,E05015402,526835,106627,Hove_Blatch,Hove_Blatch,E01016887|Hove_Blatch|Hove_Blatch
E01016887,E05015402,526742,106608,Hove_Blatch,Hove_Blatch,E01016887|Hove_Blatch|Hove_Blatch
E01016886,E05015402,527378,107062,Hove_Blatch,Hove_Blatch,E01016886|Hove_Blatch|Hove_Blatch
E01016886,E05015402,527328,107148,Hove_Blatch,Hove_Blatch,E01016886|Hove_Blatch|Hove_Blatch
E01016884,E05015402,527407,107186,Hove_Blatch,Hove_Blatch,E01016884|Hove_Blatch|Hove_Blatch
E01016886,E05015402,527379,107286,Hove_Blatch,Hove_Blatch,E01016886|Hove_Blatch|Hove_Blatch
E01016882,E05015402,527259,107261,Hove_Blatch,Hove_Blatch,E01016882|Hove_Blatch|Hove_Blatch
E01016886,E05015402,527199,107192,Hove_Blatch,Hove_Blatch,E01016886|Hove_Blatch|Hove_Blatch
E01016882,E05015402,527128,107302,Hove_Blatch,Hove_Blatch,E01016882|Hove_Blatch|Hove_Blatch
E01016882,E05015402,527081,107228,Hove_Blatch,Hove_Blatch,E01016882|Hove_Blatch|Hove_Blatch
E01016882,E05015402,527022,107407,Hove_Blatch,Hove_Blatch,E01016882|Hove_Blatch|Hove_Blatch
E01016882,E05015402,527042,107240,Hove_Blatch,Hove_Blatch,E01016882|Hove_Blatch|Hove_Blatch
E01016887,E05015402,526967,107004,Hove_Blatch,Hove_Blatch,E01016887|Hove_Blatch|Hove_Blatch
E01016886,E05015402,527247,107086,Hove_Blatch,Hove_Blatch,E01016886|Hove_Blatch|Hove_Blatch
E01016886,E05015402,527193,107066,Hove_Blatch,Hove_Blatch,E01016886|Hove_Blatch|Hove_Blatch
E01016886,E05015402,527168,106956,Hove_Blatch,Hove_Blatch,E01016886|Hove_Blatch|Hove_Blatch
E01016886,E05015402,527211,106934,Hove_Blatch,Hove_Blatch,E01016886|Hove_Blatch|Hove_Blatch
E01016886,E05015402,527193,106792,Hove_Blatch,Hove_Blatch,E01016886|Hove_Blatch|Hove_Blatch
E01016887,E05015402,527054,107121,Hove_Blatch,Hove_Blatch,E01016887|Hove_Blatch|Hove_Blatch
E01016886,E05015402,527182,106711,Hove_Blatch,Hove_Blatch,E01016886|Hove_Blatch|Hove_Blatch
E01016882,E05015402,526984,107414,Hove_Blatch,Hove_Blatch,E01016882|Hove_Blatch|Hove_Blatch
E01016994,E05015419,526325,105146,Hove_Blatch,Hove_Blatch,E01016994|Hove_Blatch|Hove_Blatch
E01016974,E05015414,526222,105217,PACA,PACA,E01016974|PACA|PACA
E01016974,E05015414,526208,105186,PACA,PACA,E01016974|PACA|PACA
E01016975,E05015414,526133,105241,PACA,PACA,E01016975|PACA|PACA
E01016974,E05015414,526222,105295,PACA,PACA,E01016974|PACA|PACA
E01016974,E05015414,526304,105222,PACA,PACA,E01016974|PACA|PACA
E01016974,E05015414,526297,105280,PACA,PACA,E01016974|PACA|PACA
E01016978,E05015414,525716,105663,PACA,PACA,E01016978|PACA|PACA
E01016974,E05015414,526272,105234,PACA,PACA,E01016974|PACA|PACA
E01016974,E05015414,526126,104979,PACA,PACA,E01016974|PACA|PACA
E01016975,E05015414,526077,105233,PACA,PACA,E01016975|PACA|PACA
E01016975,E05015414,526104,105276,PACA,PACA,E01016975|PACA|PACA
E01016974,E05015414,526325,105498,PACA,PACA,E01016974|PACA|PACA
E01016978,E05015414,525621,105604,PACA,PACA,E01016978|PACA|PACA
E01016992,E05015419,526296,104811,Hove_Blatch,PACA,E01016992|Hove_Blatch|PACA
E01016974,E05015414,526222,104942,PACA,PACA,E01016974|PACA|PACA
E01016974,E05015414,526210,104909,PACA,PACA,E01016974|PACA|PACA
E01016974,E05015414,526181,104919,PACA,PACA,E01016974|PACA|PACA
E01016974,E05015414,526199,105141,PACA,PACA,E01016974|PACA|PACA
E01016974,E05015414,526146,105120,PACA,PACA,E01016974|PACA|PACA
E01016974,E05015414,525973,105160,PACA,PACA,E01016974|PACA|PACA
E01016975,E05015414,526021,105180,PACA,PACA,E01016975|PACA|PACA
E01016974,E05015414,526263,105029,PACA,PACA,E01016974|PACA|PACA
E01016974,E05015414,526165,105016,PACA,PACA,E01016974|PACA|PACA
E01016974,E05015414,526071,104998,PACA,PACA,E01016974|PACA|PACA
E01016974,E05015414,526239,104917,PACA,PACA,E01016974|PACA|PACA
E01016974,E05015414,526192,105028,PACA,PACA,E01016974|PACA|PACA
E01016974,E05015414,526130,104892,PACA,PACA,E01016974|PACA|PACA
E01016974,E05015414,525960,104968,PACA,PACA,E01016974|PACA|PACA
E01016974,E05015414,525957,105109,PACA,PACA,E01016974|PACA|PACA
E01016974,E05015414,525969,105048,PACA,PACA,E01016974|PACA|PACA
E01016974,E05015414,525830,104995,PACA,PACA,E01016974|PACA|PACA
E01016974,E05015414,526156,104938,PACA,PACA,E01016974|PACA|PACA
E01016974,E05015414,526104,105063,PACA,PACA,E01016974|PACA|PACA
E01016974,E05015414,526221,105576,PACA,PACA,E01016974|PACA|PACA
E01016974,E05015414,525930,105014,PACA,PACA,E01016974|PACA|PACA
E01016974,E05015414,526170,104967,PACA,PACA,E01016974|PACA|PACA
E01016974,E05015414,526170,104967,PACA,PACA,E01016974|PACA|PACA
E01016974,E05015414,526110,104852,PACA,PACA,E01016974|PACA|PACA
E01016974,E05015414,526380,105453,PACA,PACA,E01016974|PACA|PACA
E01016974,E05015414,526331,105318,PACA,PACA,E01016974|PACA|PACA
E01016974,E05015414,526197,105476,PACA,PACA,E01016974|PACA|PACA
E01016975,E05015414,526005,105434,PACA,PACA,E01016975|PACA|PACA
E01016974,E05015414,526306,105447,PACA,PACA,E01016974|PACA|PACA
E01016975,E05015414,526072,105415,PACA,PACA,E01016975|PACA|PACA
E01016975,E05015414,526094,105361,PACA,PACA,E01016975|PACA|PACA
E01016974,E05015414,526231,105391,PACA,PACA,E01016974|PACA|PACA
E01016974,E05015414,526167,105378,PACA,PACA,E01016974|PACA|PACA
E01016974,E05015414,526233,105337,PACA,PACA,E01016974|PACA|PACA
E01016975,E05015414,525887,105361,PACA,PACA,E01016975|PACA|PACA
E01016978,E05015414,525697,105581,PACA,PACA,E01016978|PACA|PACA
E01016978,E05015414,525650,105697,PACA,PACA,E01016978|PACA|PACA
E01016978,E05015414,525724,105590,PACA,PACA,E01016978|PACA|PACA
E01016978,E05015414,525689,105732,PACA,PACA,E01016978|PACA|PACA
E01016975,E05015414,525928,105425,PACA,PACA,E01016975|PACA|PACA
E01016974,E05015414,526345,105346,PACA,PACA,E01016974|PACA|PACA
E01016975,E05015414,525870,105423,PACA,PACA,E01016975|PACA|PACA
E01016974,E05015414,526271,105363,PACA,PACA,E01016974|PACA|PACA
E01016974,E05015414,526263,105330,PACA,PACA,E01016974|PACA|PACA
E01016974,E05015414,526294,105320,PACA,PACA,E01016974|PACA|PACA
E01016975,E05015414,525861,105204,PACA,PACA,E01016975|PACA|PACA
E01016975,E05015414,525896,105157,PACA,PACA,E01016975|PACA|PACA
E01016975,E05015414,525803,105494,PACA,PACA,E01016975|PACA|PACA
E01016978,E05015414,525572,105526,PACA,PACA,E01016978|PACA|PACA
E01016978,E05015414,525633,105497,PACA,PACA,E01016978|PACA|PACA
E01016975,E05015414,525537,105453,PACA,PACA,E01016975|PACA|PACA
E01016975,E05015414,525682,105449,PACA,PACA,E01016975|PACA|PACA
E01016975,E05015414,525671,105374,PACA,PACA,E01016975|PACA|PACA
E01016975,E05015414,525707,105285,PACA,PACA,E01016975|PACA|PACA
E01016975,E05015414,525768,105251,PACA,PACA,E01016975|PACA|PACA
E01016974,E05015414,525702,105146,PACA,PACA,E01016974|PACA|PACA
E01016975,E05015414,525804,105164,PACA,PACA,E01016975|PACA|PACA
E01016975,E05015414,525797,105101,PACA,PACA,E01016975|PACA|PACA
E01016974,E05015414,525791,105070,PACA,PACA,E01016974|PACA|PACA
E01016975,E05015414,525920,105139,PACA,PACA,E01016975|PACA|PACA
E01016975,E05015414,525906,105243,PACA,PACA,E01016975|PACA|PACA
E01016975,E05015414,525919,105315,PACA,PACA,E01016975|PACA|PACA
E01016978,E05015414,526085,105771,PACA,PACA,E01016978|PACA|PACA
E01016975,E05015414,525648,105247,PACA,PACA,E01016975|PACA|PACA
E01016978,E05015414,525536,105747,PACA,PACA,E01016978|PACA|PACA
E01016978,E05015414,525647,105560,PACA,PACA,E01016978|PACA|PACA
E01016978,E05015414,525547,105706,PACA,PACA,E01016978|PACA|PACA
E01016978,E05015414,525526,105689,PACA,PACA,E01016978|PACA|PACA
E01016978,E05015414,525610,105631,PACA,PACA,E01016978|PACA|PACA
E01016978,E05015414,525617,105693,PACA,PACA,E01016978|PACA|PACA
E01016973,E05015414,525471,105721,PACA,PACA,E01016973|PACA|PACA
E01016973,E05015414,525498,105718,PACA,PACA,E01016973|PACA|PACA
E01016978,E05015414,525544,105806,PACA,PACA,E01016978|PACA|PACA
E01016973,E05015414,525475,105879,PACA,PACA,E01016973|PACA|PACA
E01016973,E05015414,525259,105879,PACA,PACA,E01016973|PACA|PACA
E01016973,E05015414,525261,105922,PACA,PACA,E01016973|PACA|PACA
E01016973,E05015414,525368,105786,PACA,PACA,E01016973|PACA|PACA
E01016973,E05015414,525424,105700,PACA,PACA,E01016973|PACA|PACA
E01016973,E05015414,525446,105714,PACA,PACA,E01016973|PACA|PACA
E01016973,E05015414,525399,105632,PACA,PACA,E01016973|PACA|PACA
E01016973,E05015414,525376,105714,PACA,PACA,E01016973|PACA|PACA
E01016973,E05015414,525490,105566,PACA,PACA,E01016973|PACA|PACA
E01016973,E05015414,525526,105544,PACA,PACA,E01016973|PACA|PACA
E01016978,E05015414,525628,105539,PACA,PACA,E01016978|PACA|PACA
E01016973,E05015414,525603,105880,PACA,PACA,E01016973|PACA|PACA
E01016973,E05015414,525503,105628,PACA,PACA,E01016973|PACA|PACA
E01016978,E05015414,525898,105925,PACA,PACA,E01016978|PACA|PACA
E01016978,E05015414,525877,105885,PACA,PACA,E01016978|PACA|PACA
E01016974,E05015414,526492,105756,PACA,PACA,E01016974|PACA|PACA
E01016992,E05015419,526430,104783,Hove_Blatch,PACA,E01016992|Hove_Blatch|PACA
E01016992,E05015419,526688,104779,Hove_Blatch,Hove_Blatch,E01016992|Hove_Blatch|Hove_Blatch
E01016992,E05015419,526719,104547,Hove_Blatch,PACA,E01016992|Hove_Blatch|PACA
E01016974,E05015414,526067,104636,PACA,PACA,E01016974|PACA|PACA
E01016992,E05015419,526584,104747,Hove_Blatch,PACA,E01016992|Hove_Blatch|PACA
E01016974,E05015414,526047,105534,PACA,PACA,E01016974|PACA|PACA
E01016978,E05015414,525711,105753,PACA,PACA,E01016978|PACA|PACA
E01016975,E05015414,525874,105634,PACA,PACA,E01016975|PACA|PACA
E01016974,E05015414,526097,105653,PACA,PACA,E01016974|PACA|PACA
E01016978,E05015414,526093,105719,PACA,PACA,E01016978|PACA|PACA
E01016974,E05015414,526461,105668,PACA,PACA,E01016974|PACA|PACA
E01016974,E05015414,526356,105706,PACA,PACA,E01016974|PACA|PACA
E01016974,E05015414,526320,105701,PACA,PACA,E01016974|PACA|PACA
E01016974,E05015414,526279,105760,PACA,PACA,E01016974|PACA|PACA
E01016974,E05015414,526256,105703,PACA,PACA,E01016974|PACA|PACA
E01016974,E05015414,526396,105677,PACA,PACA,E01016974|PACA|PACA
E01016974,E05015414,526382,105590,PACA,PACA,E01016974|PACA|PACA
E01016974,E05015414,526111,105526,PACA,PACA,E01016974|PACA|PACA
E01016976,E05015414,526121,105812,PACA,PACA,E01016976|PACA|PACA
E01016974,E05015414,526346,105798,PACA,PACA,E01016974|PACA|PACA
E01016976,E05015414,526197,105852,PACA,PACA,E01016976|PACA|PACA
E01016976,E05015414,526081,105858,PACA,PACA,E01016976|PACA|PACA
E01016974,E05015414,526497,105797,PACA,PACA,E01016974|PACA|PACA
E01016974,E05015414,526338,105608,PACA,PACA,E01016974|PACA|PACA
E01016974,E05015414,526246,105634,PACA,PACA,E01016974|PACA|PACA
E01016974,E05015414,526015,105583,PACA,PACA,E01016974|PACA|PACA
E01016974,E05015414,525998,105540,PACA,PACA,E01016974|PACA|PACA
E01016974,E05015414,526015,105583,PACA,PACA,E01016974|PACA|PACA
E01016974,E05015414,526198,105678,PACA,PACA,E01016974|PACA|PACA
E01016973,E05015414,525494,105972,PACA,PACA,E01016973|PACA|PACA
E01016978,E05015414,525510,106027,PACA,PACA,E01016978|PACA|PACA
E01016978,E05015414,525551,106014,PACA,PACA,E01016978|PACA|PACA
E01016978,E05015414,525511,106087,PACA,PACA,E01016978|PACA|PACA
E01016978,E05015414,525865,105930,PACA,PACA,E01016978|PACA|PACA
E01016916,E05015407,524615,107713,PACA,PACA,E01016916|PACA|PACA
E01016916,E05015407,524632,107762,PACA,PACA,E01016916|PACA|PACA
E01016916,E05015407,524680,107792,PACA,PACA,E01016916|PACA|PACA
E01016916,E05015407,524759,107817,PACA,PACA,E01016916|PACA|PACA
E01016977,E05015414,525407,106382,PACA,PACA,E01016977|PACA|PACA
E01016978,E05015414,525946,105942,PACA,PACA,E01016978|PACA|PACA
E01016976,E05015414,526015,106004,PACA,PACA,E01016976|PACA|PACA
E01016976,E05015414,526063,105998,PACA,PACA,E01016976|PACA|PACA
E01016976,E05015414,526002,106220,PACA,PACA,E01016976|PACA|PACA
E01016976,E05015414,526041,106245,PACA,PACA,E01016976|PACA|PACA
E01016977,E05015414,525921,106402,PACA,PACA,E01016977|PACA|PACA
E01016976,E05015414,525911,106176,PACA,PACA,E01016976|PACA|PACA
E01016976,E05015414,525952,106190,PACA,PACA,E01016976|PACA|PACA
E01016976,E05015414,525862,106098,PACA,PACA,E01016976|PACA|PACA
E01016976,E05015414,525832,106037,PACA,PACA,E01016976|PACA|PACA
E01016978,E05015414,525852,105995,PACA,PACA,E01016978|PACA|PACA
E01016976,E05015414,526116,105967,PACA,PACA,E01016976|PACA|PACA
E01016978,E05015414,525758,106048,PACA,PACA,E01016978|PACA|PACA
E01016976,E05015414,526198,105957,PACA,PACA,E01016976|PACA|PACA
E01016976,E05015414,526139,106101,PACA,PACA,E01016976|PACA|PACA
E01016976,E05015414,526130,106002,PACA,PACA,E01016976|PACA|PACA
E01016976,E05015414,526106,106272,PACA,PACA,E01016976|PACA|PACA
E01016976,E05015414,526135,106301,PACA,PACA,E01016976|PACA|PACA
E01016976,E05015414,526186,106310,PACA,PACA,E01016976|PACA|PACA
E01016977,E05015414,526018,106498,PACA,PACA,E01016977|PACA|PACA
E01016976,E05015414,526037,106435,PACA,PACA,E01016976|PACA|PACA
E01016976,E05015414,526266,106241,PACA,PACA,E01016976|PACA|PACA
E01016976,E05015414,526311,106226,PACA,PACA,E01016976|PACA|PACA
E01016976,E05015414,526253,106491,PACA,PACA,E01016976|PACA|PACA
E01016977,E05015414,526089,106488,PACA,PACA,E01016977|PACA|PACA
E01016977,E05015414,526186,106482,PACA,PACA,E01016977|PACA|PACA
E01016976,E05015414,526158,106420,PACA,PACA,E01016976|PACA|PACA
E01016920,E05015407,525734,106805,PACA,PACA,E01016920|PACA|PACA
E01016920,E05015407,525654,106849,PACA,PACA,E01016920|PACA|PACA
E01016920,E05015407,525713,106825,PACA,PACA,E01016920|PACA|PACA
E01016920,E05015407,525661,106759,PACA,PACA,E01016920|PACA|PACA
E01016920,E05015407,525612,106720,PACA,PACA,E01016920|PACA|PACA
E01016920,E05015407,525581,106857,PACA,PACA,E01016920|PACA|PACA
E01016920,E05015407,525626,106891,PACA,PACA,E01016920|PACA|PACA
E01016919,E05015407,525758,107078,PACA,PACA,E01016919|PACA|PACA
E01016919,E05015407,525965,107085,PACA,PACA,E01016919|PACA|PACA
E01016977,E05015414,525763,106284,PACA,PACA,E01016977|PACA|PACA
E01016977,E05015414,525817,106426,PACA,PACA,E01016977|PACA|PACA
E01016977,E05015414,525715,106483,PACA,PACA,E01016977|PACA|PACA
E01016977,E05015414,525879,106537,PACA,PACA,E01016977|PACA|PACA
E01016977,E05015414,525798,106482,PACA,PACA,E01016977|PACA|PACA
E01016977,E05015414,525832,106603,PACA,PACA,E01016977|PACA|PACA
E01016977,E05015414,525936,106585,PACA,PACA,E01016977|PACA|PACA
E01016977,E05015414,526014,106578,PACA,PACA,E01016977|PACA|PACA
E01016977,E05015414,526083,106620,PACA,PACA,E01016977|PACA|PACA
E01016977,E05015414,526114,106630,PACA,PACA,E01016977|PACA|PACA
E01016977,E05015414,525992,106620,PACA,PACA,E01016977|PACA|PACA
E01016977,E05015414,525988,106693,PACA,PACA,E01016977|PACA|PACA
E01016977,E05015414,526103,106730,PACA,PACA,E01016977|PACA|PACA
E01016977,E05015414,526163,106645,PACA,PACA,E01016977|PACA|PACA
E01016977,E05015414,525840,106657,PACA,PACA,E01016977|PACA|PACA
E01016977,E05015414,525715,106583,PACA,PACA,E01016977|PACA|PACA
E01016977,E05015414,526199,106652,PACA,PACA,E01016977|PACA|PACA
E01016976,E05015414,526224,106673,PACA,PACA,E01016976|PACA|PACA
E01016919,E05015407,525795,106734,PACA,PACA,E01016919|PACA|PACA
E01016920,E05015407,525795,106827,PACA,PACA,E01016920|PACA|PACA
E01016977,E05015414,525656,106530,PACA,PACA,E01016977|PACA|PACA
E01016916,E05015407,525619,107705,PACA,PACA,E01016916|PACA|PACA
E01016977,E05015414,525582,106479,PACA,PACA,E01016977|PACA|PACA
E01016919,E05015407,525758,106713,PACA,PACA,E01016919|PACA|PACA
E01016919,E05015407,525890,106819,PACA,PACA,E01016919|PACA|PACA
E01016919,E05015407,525889,106719,PACA,PACA,E01016919|PACA|PACA
E01016919,E05015407,525870,106788,PACA,PACA,E01016919|PACA|PACA
E01016919,E05015407,525841,106853,PACA,PACA,E01016919|PACA|PACA
E01016919,E05015407,525908,106726,PACA,PACA,E01016919|PACA|PACA
E01016919,E05015407,526006,106773,PACA,PACA,E01016919|PACA|PACA
E01016919,E05015407,526025,107129,PACA,PACA,E01016919|PACA|PACA
E01016919,E05015407,525995,107210,PACA,PACA,E01016919|PACA|PACA
E01016920,E05015407,525630,106622,PACA,PACA,E01016920|PACA|PACA
E01016919,E05015407,526023,106868,PACA,PACA,E01016919|PACA|PACA
E01016919,E05015407,525930,107187,PACA,PACA,E01016919|PACA|PACA
E01016919,E05015407,525931,107104,PACA,PACA,E01016919|PACA|PACA
E01016919,E05015407,526018,107016,PACA,PACA,E01016919|PACA|PACA
E01016919,E05015407,525990,106964,PACA,PACA,E01016919|PACA|PACA
E01016922,E05015407,525397,106497,PACA,PACA,E01016922|PACA|PACA
E01016922,E05015407,525305,106643,PACA,PACA,E01016922|PACA|PACA
E01016922,E05015407,525342,106650,PACA,PACA,E01016922|PACA|PACA
E01016922,E05015407,525321,106511,PACA,PACA,E01016922|PACA|PACA
E01016920,E05015407,525227,106927,PACA,PACA,E01016920|PACA|PACA
E01016920,E05015407,525276,106932,PACA,PACA,E01016920|PACA|PACA
E01016920,E05015407,525343,107018,PACA,PACA,E01016920|PACA|PACA
E01016920,E05015407,525321,106907,PACA,PACA,E01016920|PACA|PACA
E01016922,E05015407,525432,106626,PACA,PACA,E01016922|PACA|PACA
E01016922,E05015407,525405,106597,PACA,PACA,E01016922|PACA|PACA
E01016920,E05015407,525413,106951,PACA,PACA,E01016920|PACA|PACA
E01016920,E05015407,525468,106834,PACA,PACA,E01016920|PACA|PACA
E01016920,E05015407,525351,107152,PACA,PACA,E01016920|PACA|PACA
E01016920,E05015407,525306,107101,PACA,PACA,E01016920|PACA|PACA
E01016920,E05015407,525766,106749,PACA,PACA,E01016920|PACA|PACA
E01016919,E05015407,526126,106815,PACA,PACA,E01016919|PACA|PACA
E01016919,E05015407,526055,107025,PACA,PACA,E01016919|PACA|PACA
E01016919,E05015407,525857,106977,PACA,PACA,E01016919|PACA|PACA
E01016920,E05015407,525564,106983,PACA,PACA,E01016920|PACA|PACA
E01016920,E05015407,525470,107124,PACA,PACA,E01016920|PACA|PACA
E01016920,E05015407,525555,106902,PACA,PACA,E01016920|PACA|PACA
E01016920,E05015407,525502,107111,PACA,PACA,E01016920|PACA|PACA
E01016978,E05015414,525677,106082,PACA,PACA,E01016978|PACA|PACA
E01016973,E05015414,525610,105980,PACA,PACA,E01016973|PACA|PACA
E01016978,E05015414,525598,106102,PACA,PACA,E01016978|PACA|PACA
E01016977,E05015414,525429,106304,PACA,PACA,E01016977|PACA|PACA
E01016977,E05015414,525415,106258,PACA,PACA,E01016977|PACA|PACA
E01016977,E05015414,525429,106348,PACA,PACA,E01016977|PACA|PACA
E01016977,E05015414,525447,106378,PACA,PACA,E01016977|PACA|PACA
E01016973,E05015414,525349,106230,PACA,PACA,E01016973|PACA|PACA
E01016977,E05015414,525394,106254,PACA,PACA,E01016977|PACA|PACA
E01016973,E05015414,525309,106164,PACA,PACA,E01016973|PACA|PACA
E01016973,E05015414,525289,106084,PACA,PACA,E01016973|PACA|PACA
E01016973,E05015414,525337,105952,PACA,PACA,E01016973|PACA|PACA
E01016973,E05015414,525203,106189,PACA,PACA,E01016973|PACA|PACA
E01016973,E05015414,525156,106048,PACA,PACA,E01016973|PACA|PACA
E01016973,E05015414,525174,106083,PACA,PACA,E01016973|PACA|PACA
E01016973,E05015414,525210,106102,PACA,PACA,E01016973|PACA|PACA
E01016977,E05015414,525382,106395,PACA,PACA,E01016977|PACA|PACA
E01016978,E05015414,525462,106150,PACA,PACA,E01016978|PACA|PACA
E01016978,E05015414,525493,106199,PACA,PACA,E01016978|PACA|PACA
E01016977,E05015414,525400,106416,PACA,PACA,E01016977|PACA|PACA
E01016977,E05015414,525299,106354,PACA,PACA,E01016977|PACA|PACA
E01016973,E05015414,525266,106336,PACA,PACA,E01016973|PACA|PACA
E01016973,E05015414,525218,106319,PACA,PACA,E01016973|PACA|PACA
E01016973,E05015414,525102,106262,PACA,PACA,E01016973|PACA|PACA
E01016973,E05015414,525165,106222,PACA,PACA,E01016973|PACA|PACA
E01016973,E05015414,525067,106313,PACA,PACA,E01016973|PACA|PACA
E01016921,E05015407,525071,106445,PACA,PACA,E01016921|PACA|PACA
E01016921,E05015407,524970,106721,PACA,PACA,E01016921|PACA|PACA
E01016921,E05015407,524962,106505,PACA,PACA,E01016921|PACA|PACA
E01016918,E05015407,524828,107011,PACA,PACA,E01016918|PACA|PACA
E01016921,E05015407,525123,106605,PACA,PACA,E01016921|PACA|PACA
E01016921,E05015407,525064,106686,PACA,PACA,E01016921|PACA|PACA
E01016921,E05015407,525037,106590,PACA,PACA,E01016921|PACA|PACA
E01016921,E05015407,525007,106401,PACA,PACA,E01016921|PACA|PACA
E01016921,E05015407,524942,106618,PACA,PACA,E01016921|PACA|PACA
E01016921,E05015407,524849,106792,PACA,PACA,E01016921|PACA|PACA
E01016921,E05015407,524891,106601,PACA,PACA,E01016921|PACA|PACA
E01016921,E05015407,524880,106634,PACA,PACA,E01016921|PACA|PACA
E01016921,E05015407,524832,106706,PACA,PACA,E01016921|PACA|PACA
E01016921,E05015407,524819,106856,PACA,PACA,E01016921|PACA|PACA
E01016919,E05015407,526122,106854,PACA,PACA,E01016919|PACA|PACA
E01016921,E05015407,524793,106763,PACA,PACA,E01016921|PACA|PACA
E01016918,E05015407,524544,107345,PACA,PACA,E01016918|PACA|PACA
E01016918,E05015407,524608,107162,PACA,PACA,E01016918|PACA|PACA
E01016916,E05015407,524451,107478,PACA,PACA,E01016916|PACA|PACA
E01016916,E05015407,524405,107754,PACA,PACA,E01016916|PACA|PACA
E01016916,E05015407,524242,107978,PACA,PACA,E01016916|PACA|PACA
E01016918,E05015407,524627,107288,PACA,PACA,E01016918|PACA|PACA
E01016918,E05015407,524572,107417,PACA,PACA,E01016918|PACA|PACA
E01016916,E05015407,524393,107460,PACA,PACA,E01016916|PACA|PACA
E01016916,E05015407,524411,107370,PACA,PACA,E01016916|PACA|PACA
E01016916,E05015407,524467,107210,PACA,PACA,E01016916|PACA|PACA
E01016916,E05015407,524383,107360,PACA,PACA,E01016916|PACA|PACA
E01016916,E05015407,524388,107489,PACA,PACA,E01016916|PACA|PACA
E01016916,E05015407,524340,107565,PACA,PACA,E01016916|PACA|PACA
E01016916,E05015407,524304,107623,PACA,PACA,E01016916|PACA|PACA
E01016916,E05015407,524298,107658,PACA,PACA,E01016916|PACA|PACA
E01016916,E05015407,524312,107729,PACA,PACA,E01016916|PACA|PACA
E01016916,E05015407,524376,107685,PACA,PACA,E01016916|PACA|PACA
E01016918,E05015407,524552,107150,PACA,PACA,E01016918|PACA|PACA
E01016918,E05015407,524722,107225,PACA,PACA,E01016918|PACA|PACA
E01016916,E05015407,524501,107164,PACA,PACA,E01016916|PACA|PACA
E01016916,E05015407,524384,107583,PACA,PACA,E01016916|PACA|PACA
E01016916,E05015407,524491,107298,PACA,PACA,E01016916|PACA|PACA
E01016921,E05015407,525164,106561,PACA,PACA,E01016921|PACA|PACA
E01016922,E05015407,525155,106797,PACA,PACA,E01016922|PACA|PACA
E01016922,E05015407,525075,106869,PACA,PACA,E01016922|PACA|PACA
E01016922,E05015407,525025,106837,PACA,PACA,E01016922|PACA|PACA
E01016921,E05015407,524990,106813,PACA,PACA,E01016921|PACA|PACA
E01016921,E05015407,524965,106882,PACA,PACA,E01016921|PACA|PACA
E01016918,E05015407,524899,107091,PACA,PACA,E01016918|PACA|PACA
E01016922,E05015407,525036,107062,PACA,PACA,E01016922|PACA|PACA
E01016922,E05015407,525229,106857,PACA,PACA,E01016922|PACA|PACA
E01016922,E05015407,525092,106965,PACA,PACA,E01016922|PACA|PACA
E01016922,E05015407,525224,106663,PACA,PACA,E01016922|PACA|PACA
E01016922,E05015407,525271,106598,PACA,PACA,E01016922|PACA|PACA
E01016922,E05015407,525255,106795,PACA,PACA,E01016922|PACA|PACA
E01016918,E05015407,525376,107262,PACA,PACA,E01016918|PACA|PACA
E01016918,E05015407,524924,106961,PACA,PACA,E01016918|PACA|PACA
E01016918,E05015407,524862,107082,PACA,PACA,E01016918|PACA|PACA
E01016921,E05015407,524770,107112,PACA,PACA,E01016921|PACA|PACA
E01016921,E05015407,524756,107081,PACA,PACA,E01016921|PACA|PACA
E01016918,E05015407,524934,107251,PACA,PACA,E01016918|PACA|PACA
E01016918,E05015407,524764,107210,PACA,PACA,E01016918|PACA|PACA
E01016916,E05015407,524682,107419,PACA,PACA,E01016916|PACA|PACA
E01016918,E05015407,524668,107389,PACA,PACA,E01016918|PACA|PACA
E01016916,E05015407,524788,107552,PACA,PACA,E01016916|PACA|PACA
E01016916,E05015407,524828,107547,PACA,PACA,E01016916|PACA|PACA
E01016916,E05015407,524518,107597,PACA,PACA,E01016916|PACA|PACA
E01016918,E05015407,524569,107494,PACA,PACA,E01016918|PACA|PACA
E01016918,E05015407,524683,107176,PACA,PACA,E01016918|PACA|PACA
E01016918,E05015407,524992,107180,PACA,PACA,E01016918|PACA|PACA
E01016917,E05015407,524965,107302,PACA,PACA,E01016917|PACA|PACA
E01016918,E05015407,524895,107242,PACA,PACA,E01016918|PACA|PACA
E01016918,E05015407,525306,107240,PACA,PACA,E01016918|PACA|PACA
E01016918,E05015407,525222,107296,PACA,PACA,E01016918|PACA|PACA
E01016917,E05015407,525030,107589,PACA,PACA,E01016917|PACA|PACA
E01016917,E05015407,524912,107607,PACA,PACA,E01016917|PACA|PACA
E01016917,E05015407,525118,107542,PACA,PACA,E01016917|PACA|PACA
E01016917,E05015407,524917,107545,PACA,PACA,E01016917|PACA|PACA
E01016917,E05015407,524931,107769,PACA,PACA,E01016917|PACA|PACA
E01016917,E05015407,524936,107738,PACA,PACA,E01016917|PACA|PACA
E01016917,E05015407,525099,107801,PACA,PACA,E01016917|PACA|PACA
E01016917,E05015407,525177,107542,PACA,PACA,E01016917|PACA|PACA
E01016917,E05015407,525212,107552,PACA,PACA,E01016917|PACA|PACA
E01016917,E05015407,524951,107717,PACA,PACA,E01016917|PACA|PACA
E01016917,E05015407,524955,107686,PACA,PACA,E01016917|PACA|PACA
E01016917,E05015407,525045,107633,PACA,PACA,E01016917|PACA|PACA
E01016916,E05015407,524762,107529,PACA,PACA,E01016916|PACA|PACA
E01016916,E05015407,524727,107539,PACA,PACA,E01016916|PACA|PACA
E01016916,E05015407,524720,107486,PACA,PACA,E01016916|PACA|PACA
E01016917,E05015407,525152,107440,PACA,PACA,E01016917|PACA|PACA
E01016917,E05015407,525180,107487,PACA,PACA,E01016917|PACA|PACA
E01016917,E05015407,524800,107714,PACA,PACA,E01016917|PACA|PACA
E01016917,E05015407,525216,107409,PACA,PACA,E01016917|PACA|PACA
E01016994,E05015419,526325,105146,Hove_Blatch,Hove_Blatch,E01016994|Hove_Blatch|Hove_Blatch
E01016994,E05015419,526325,105146,Hove_Blatch,Hove_Blatch,E01016994|Hove_Blatch|Hove_Blatch
E01016994,E05015419,526325,105146,Hove_Blatch,Hove_Blatch,E01016994|Hove_Blatch|Hove_Blatch
E01016994,E05015419,526325,105146,Hove_Blatch,Hove_Blatch,E01016994|Hove_Blatch|Hove_Blatch
E01016994,E05015419,526325,105146,Hove_Blatch,Hove_Blatch,E01016994|Hove_Blatch|Hove_Blatch
E01016994,E05015419,526325,105146,Hove_Blatch,Hove_Blatch,E01016994|Hove_Blatch|Hove_Blatch
E01016994,E05015419,526325,105146,Hove_Blatch,Hove_Blatch,E01016994|Hove_Blatch|Hove_Blatch
E01016994,E05015419,526325,105146,Hove_Blatch,Hove_Blatch,E01016994|Hove_Blatch|Hove_Blatch
E01016994,E05015419,526325,105146,Hove_Blatch,Hove_Blatch,E01016994|Hove_Blatch|Hove_Blatch
E01016994,E05015419,526325,105146,Hove_Blatch,Hove_Blatch,E01016994|Hove_Blatch|Hove_Blatch
E01016994,E05015419,526325,105146,Hove_Blatch,Hove_Blatch,E01016994|Hove_Blatch|Hove_Blatch
E01016994,E05015419,526325,105146,Hove_Blatch,Hove_Blatch,E01016994|Hove_Blatch|Hove_Blatch
E01016994,E05015419,526325,105146,Hove_Blatch,Hove_Blatch,E01016994|Hove_Blatch|Hove_Blatch
E01016994,E05015419,526325,105146,Hove_Blatch,Hove_Blatch,E01016994|Hove_Blatch|Hove_Blatch
E01016994,E05015419,526325,105146,Hove_Blatch,Hove_Blatch,E01016994|Hove_Blatch|Hove_Blatch
E01016994,E05015419,526325,105146,Hove_Blatch,Hove_Blatch,E01016994|Hove_Blatch|Hove_Blatch
E01016994,E05015419,526325,105146,Hove_Blatch,Hove_Blatch,E01016994|Hove_Blatch|Hove_Blatch
E01016994,E05015419,526325,105146,Hove_Blatch,Hove_Blatch,E01016994|Hove_Blatch|Hove_Blatch
E01016994,E05015419,526325,105146,Hove_Blatch,Hove_Blatch,E01016994|Hove_Blatch|Hove_Blatch
E01016994,E05015419,526325,105146,Hove_Blatch,Hove_Blatch,E01016994|Hove_Blatch|Hove_Blatch
E01016994,E05015419,526325,105146,Hove_Blatch,Hove_Blatch,E01016994|Hove_Blatch|Hove_Blatch
E01016994,E05015419,526325,105146,Hove_Blatch,Hove_Blatch,E01016994|Hove_Blatch|Hove_Blatch
E01016994,E05015419,526325,105146,Hove_Blatch,Hove_Blatch,E01016994|Hove_Blatch|Hove_Blatch
E01016994,E05015419,526325,105146,Hove_Blatch,Hove_Blatch,E01016994|Hove_Blatch|Hove_Blatch
E01016994,E05015419,526325,105146,Hove_Blatch,Hove_Blatch,E01016994|Hove_Blatch|Hove_Blatch
E01016969,E05015415,531040,104624,DS_Varndean,DS_Varndean,E01016969|DS_Varndean|DS_Varndean
E01016969,E05015415,531040,104624,DS_Varndean,DS_Varndean,E01016969|DS_Varndean|DS_Varndean
E01016969,E05015415,531040,104624,DS_Varndean,DS_Varndean,E01016969|DS_Varndean|DS_Varndean
E01016969,E05015415,531040,104624,DS_Varndean,DS_Varndean,E01016969|DS_Varndean|DS_Varndean
E01016969,E05015415,531040,104624,DS_Varndean,DS_Varndean,E01016969|DS_Varndean|DS_Varndean
E01016969,E05015415,531040,104624,DS_Varndean,DS_Varndean,E01016969|DS_Varndean|DS_Varndean
E01016969,E05015415,531040,104624,DS_Varndean,DS_Varndean,E01016969|DS_Varndean|DS_Varndean
E01016969,E05015415,531040,104624,DS_Varndean,DS_Varndean,E01016969|DS_Varndean|DS_Varndean
E01016969,E05015415,531040,104624,DS_Varndean,DS_Varndean,E01016969|DS_Varndean|DS_Varndean
E01016969,E05015415,531040,104624,DS_Varndean,DS_Varndean,E01016969|DS_Varndean|DS_Varndean
E01016969,E05015415,531040,104624,DS_Varndean,DS_Varndean,E01016969|DS_Varndean|DS_Varndean
E01016969,E05015415,531040,104624,DS_Varndean,DS_Varndean,E01016969|DS_Varndean|DS_Varndean
E01016969,E05015415,531040,104624,DS_Varndean,DS_Varndean,E01016969|DS_Varndean|DS_Varndean
E01016969,E05015415,531040,104624,DS_Varndean,DS_Varndean,E01016969|DS_Varndean|DS_Varndean
E01016969,E05015415,531040,104624,DS_Varndean,DS_Varndean,E01016969|DS_Varndean|DS_Varndean
E01016969,E05015415,531040,104624,DS_Varndean,DS_Varndean,E01016969|DS_Varndean|DS_Varndean
E01016969,E05015415,531040,104624,DS_Varndean,DS_Varndean,E01016969|DS_Varndean|DS_Varndean
E01016969,E05015415,531040,104624,DS_Varndean,DS_Varndean,E01016969|DS_Varndean|DS_Varndean
E01016969,E05015415,531040,104624,DS_Varndean,DS_Varndean,E01016969|DS_Varndean|DS_Varndean
E01016969,E05015415,531040,104624,DS_Varndean,DS_Varndean,E01016969|DS_Varndean|DS_Varndean
E01016969,E05015415,531040,104624,DS_Varndean,DS_Varndean,E01016969|DS_Varndean|DS_Varndean
E01016969,E05015415,531040,104624,DS_Varndean,DS_Varndean,E01016969|DS_Varndean|DS_Varndean
E01016969,E05015415,531040,104624,DS_Varndean,DS_Varndean,E01016969|DS_Varndean|DS_Varndean
E01016969,E05015415,531040,104624,DS_Varndean,DS_Varndean,E01016969|DS_Varndean|DS_Varndean
E01016969,E05015415,531040,104624,DS_Varndean,DS_Varndean,E01016969|DS_Varndean|DS_Varndean
E01016969,E05015415,531040,104624,DS_Varndean,DS_Varndean,E01016969|DS_Varndean|DS_Varndean
E01016969,E05015415,531040,104624,DS_Varndean,DS_Varndean,E01016969|DS_Varndean|DS_Varndean
E01016969,E05015415,531040,104624,DS_Varndean,DS_Varndean,E01016969|DS_Varndean|DS_Varndean
E01016969,E05015415,531040,104624,DS_Varndean,DS_Varndean,E01016969|DS_Varndean|DS_Varndean
E01016969,E05015415,531040,104624,DS_Varndean,DS_Varndean,E01016969|DS_Varndean|DS_Varndean
E01016969,E05015415,531040,104624,DS_Varndean,DS_Varndean,E01016969|DS_Varndean|DS_Varndean
E01016969,E05015415,531040,104624,DS_Varndean,DS_Varndean,E01016969|DS_Varndean|DS_Varndean
E01016969,E05015415,531040,104624,DS_Varndean,DS_Varndean,E01016969|DS_Varndean|DS_Varndean
E01016969,E05015415,531040,104624,DS_Varndean,DS_Varndean,E01016969|DS_Varndean|DS_Varndean
E01016969,E05015415,531040,104624,DS_Varndean,DS_Varndean,E01016969|DS_Varndean|DS_Varndean
E01016969,E05015415,531040,104624,DS_Varndean,DS_Varndean,E01016969|DS_Varndean|DS_Varndean
E01016969,E05015415,531040,104624,DS_Varndean,DS_Varndean,E01016969|DS_Varndean|DS_Varndean
E01016969,E05015415,531040,104624,DS_Varndean,DS_Varndean,E01016969|DS_Varndean|DS_Varndean
E01016969,E05015415,531040,104624,DS_Varndean,DS_Varndean,E01016969|DS_Varndean|DS_Varndean
E01016969,E05015415,531040,104624,DS_Varndean,DS_Varndean,E01016969|DS_Varndean|DS_Varndean
E01016969,E05015415,531040,104624,DS_Varndean,DS_Varndean,E01016969|DS_Varndean|DS_Varndean
E01016969,E05015415,531040,104624,DS_Varndean,DS_Varndean,E01016969|DS_Varndean|DS_Varndean
E01016969,E05015415,531040,104624,DS_Varndean,DS_Varndean,E01016969|DS_Varndean|DS_Varndean
E01016969,E05015415,531040,104624,DS_Varndean,DS_Varndean,E01016969|DS_Varndean|DS_Varndean
E01016969,E05015415,531040,104624,DS_Varndean,DS_Varndean,E01016969|DS_Varndean|DS_Varndean
E01016969,E05015415,531040,104624,DS_Varndean,DS_Varndean,E01016969|DS_Varndean|DS_Varndean
E01016969,E05015415,531040,104624,DS_Varndean,DS_Varndean,E01016969|DS_Varndean|DS_Varndean
E01016969,E05015415,531040,104624,DS_Varndean,DS_Varndean,E01016969|DS_Varndean|DS_Varndean
E01016969,E05015415,531040,104624,DS_Varndean,DS_Varndean,E01016969|DS_Varndean|DS_Varndean
E01016969,E05015415,531040,104624,DS_Varndean,DS_Varndean,E01016969|DS_Varndean|DS_Varndean
E01016969,E05015415,531040,104624,DS_Varndean,DS_Varndean,E01016969|DS_Varndean|DS_Varndean
E01016969,E05015415,531040,104624,DS_Varndean,DS_Varndean,E01016969|DS_Varndean|DS_Varndean
E01016969,E05015415,531040,104624,DS_Varndean,DS_Varndean,E01016969|DS_Varndean|DS_Varndean
E01016969,E05015415,531040,104624,DS_Varndean,DS_Varndean,E01016969|DS_Varndean|DS_Varndean
E01016969,E05015415,531040,104624,DS_Varndean,DS_Varndean,E01016969|DS_Varndean|DS_Varndean
E01016969,E05015415,531040,104624,DS_Varndean,DS_Varndean,E01016969|DS_Varndean|DS_Varndean
E01016969,E05015415,531040,104624,DS_Varndean,DS_Varndean,E01016969|DS_Varndean|DS_Varndean
E01016969,E05015415,531040,104624,DS_Varndean,DS_Varndean,E01016969|DS_Varndean|DS_Varndean
E01016969,E05015415,531040,104624,DS_Varndean,DS_Varndean,E01016969|DS_Varndean|DS_Varndean
E01016969,E05015415,531040,104624,DS_Varndean,DS_Varndean,E01016969|DS_Varndean|DS_Varndean
E01016969,E05015415,531040,104624,DS_Varndean,DS_Varndean,E01016969|DS_Varndean|DS_Varndean
E01016969,E05015415,531040,104624,DS_Varndean,DS_Varndean,E01016969|DS_Varndean|DS_Varndean
E01016969,E05015415,531040,104624,DS_Varndean,DS_Varndean,E01016969|DS_Varndean|DS_Varndean
E01016969,E05015415,531040,104624,DS_Varndean,DS_Varndean,E01016969|DS_Varndean|DS_Varndean
E01016969,E05015415,531040,104624,DS_Varndean,DS_Varndean,E01016969|DS_Varndean|DS_Varndean
E01016969,E05015415,531040,104624,DS_Varndean,DS_Varndean,E01016969|DS_Varndean|DS_Varndean
E01016969,E05015415,531040,104624,DS_Varndean,DS_Varndean,E01016969|DS_Varndean|DS_Varndean
E01016969,E05015415,531040,104624,DS_Varndean,DS_Varndean,E01016969|DS_Varndean|DS_Varndean
E01016969,E05015415,531040,104624,DS_Varndean,DS_Varndean,E01016969|DS_Varndean|DS_Varndean
E01016969,E05015415,531040,104624,DS_Varndean,DS_Varndean,E01016969|DS_Varndean|DS_Varndean
E01016969,E05015415,531040,104624,DS_Varndean,DS_Varndean,E01016969|DS_Varndean|DS_Varndean
E01016969,E05015415,531040,104624,DS_Varndean,DS_Varndean,E01016969|DS_Varndean|DS_Varndean
E01016969,E05015415,531040,104624,DS_Varndean,DS_Varndean,E01016969|DS_Varndean|DS_Varndean
E01016969,E05015415,531040,104624,DS_Varndean,DS_Varndean,E01016969|DS_Varndean|DS_Varndean
E01016969,E05015415,531040,104624,DS_Varndean,DS_Varndean,E01016969|DS_Varndean|DS_Varndean
E01016969,E05015415,531040,104624,DS_Varndean,DS_Varndean,E01016969|DS_Varndean|DS_Varndean
E01016969,E05015415,531040,104624,DS_Varndean,DS_Varndean,E01016969|DS_Varndean|DS_Varndean
E01016969,E05015415,531040,104624,DS_Varndean,DS_Varndean,E01016969|DS_Varndean|DS_Varndean
E01016969,E05015415,531040,104624,DS_Varndean,DS_Varndean,E01016969|DS_Varndean|DS_Varndean
E01016969,E05015415,531040,104624,DS_Varndean,DS_Varndean,E01016969|DS_Varndean|DS_Varndean
E01016969,E05015415,531040,104624,DS_Varndean,DS_Varndean,E01016969|DS_Varndean|DS_Varndean
E01016969,E05015415,531040,104624,DS_Varndean,DS_Varndean,E01016969|DS_Varndean|DS_Varndean
E01016969,E05015415,531040,104624,DS_Varndean,DS_Varndean,E01016969|DS_Varndean|DS_Varndean
E01016969,E05015415,531040,104624,DS_Varndean,DS_Varndean,E01016969|DS_Varndean|DS_Varndean
E01016969,E05015415,531040,104624,DS_Varndean,DS_Varndean,E01016969|DS_Varndean|DS_Varndean
E01016969,E05015415,531040,104624,DS_Varndean,DS_Varndean,E01016969|DS_Varndean|DS_Varndean
E01016969,E05015415,531040,104624,DS_Varndean,DS_Varndean,E01016969|DS_Varndean|DS_Varndean
E01016969,E05015415,531040,104624,DS_Varndean,DS_Varndean,E01016969|DS_Varndean|DS_Varndean
E01016969,E05015415,531040,104624,DS_Varndean,DS_Varndean,E01016969|DS_Varndean|DS_Varndean
E01016960,E05015412,536888,102381,Longhill,Longhill,E01016960|Longhill|Longhill
E01016960,E05015412,536888,102381,Longhill,Longhill,E01016960|Longhill|Longhill
E01016960,E05015412,536888,102381,Longhill,Longhill,E01016960|Longhill|Longhill
E01016960,E05015412,536888,102381,Longhill,Longhill,E01016960|Longhill|Longhill
E01016960,E05015412,536888,102381,Longhill,Longhill,E01016960|Longhill|Longhill
E01016960,E05015412,536888,102381,Longhill,Longhill,E01016960|Longhill|Longhill
E01016960,E05015412,536888,102381,Longhill,Longhill,E01016960|Longhill|Longhill
E01016960,E05015412,536888,102381,Longhill,Longhill,E01016960|Longhill|Longhill
E01016960,E05015412,536888,102381,Longhill,Longhill,E01016960|Longhill|Longhill
E01016960,E05015412,536888,102381,Longhill,Longhill,E01016960|Longhill|Longhill
E01016960,E05015412,536888,102381,Longhill,Longhill,E01016960|Longhill|Longhill
E01016960,E05015412,536888,102381,Longhill,Longhill,E01016960|Longhill|Longhill
E01016873,E05015401,529099,105474,Hove_Blatch,Hove_Blatch,E01016873|Hove_Blatch|Hove_Blatch
E01016873,E05015401,529099,105474,Hove_Blatch,Hove_Blatch,E01016873|Hove_Blatch|Hove_Blatch
E01016873,E05015401,529099,105474,Hove_Blatch,Hove_Blatch,E01016873|Hove_Blatch|Hove_Blatch
E01016873,E05015401,529099,105474,Hove_Blatch,Hove_Blatch,E01016873|Hove_Blatch|Hove_Blatch
E01016873,E05015401,529099,105474,Hove_Blatch,Hove_Blatch,E01016873|Hove_Blatch|Hove_Blatch
E01016873,E05015401,529099,105474,Hove_Blatch,Hove_Blatch,E01016873|Hove_Blatch|Hove_Blatch
E01016873,E05015401,529099,105474,Hove_Blatch,Hove_Blatch,E01016873|Hove_Blatch|Hove_Blatch
E01016873,E05015401,529099,105474,Hove_Blatch,Hove_Blatch,E01016873|Hove_Blatch|Hove_Blatch
E01016873,E05015401,529099,105474,Hove_Blatch,Hove_Blatch,E01016873|Hove_Blatch|Hove_Blatch
E01016873,E05015401,529099,105474,Hove_Blatch,Hove_Blatch,E01016873|Hove_Blatch|Hove_Blatch
E01016873,E05015401,529099,105474,Hove_Blatch,Hove_Blatch,E01016873|Hove_Blatch|Hove_Blatch
E01016873,E05015401,529099,105474,Hove_Blatch,Hove_Blatch,E01016873|Hove_Blatch|Hove_Blatch
E01016873,E05015401,529099,105474,Hove_Blatch,Hove_Blatch,E01016873|Hove_Blatch|Hove_Blatch
E01016873,E05015401,529099,105474,Hove_Blatch,Hove_Blatch,E01016873|Hove_Blatch|Hove_Blatch
E01016873,E05015401,529099,105474,Hove_Blatch,Hove_Blatch,E01016873|Hove_Blatch|Hove_Blatch
E01016873,E05015401,529099,105474,Hove_Blatch,Hove_Blatch,E01016873|Hove_Blatch|Hove_Blatch
E01016873,E05015401,529099,105474,Hove_Blatch,Hove_Blatch,E01016873|Hove_Blatch|Hove_Blatch
E01016873,E05015401,529099,105474,Hove_Blatch,Hove_Blatch,E01016873|Hove_Blatch|Hove_Blatch
E01016873,E05015401,529099,105474,Hove_Blatch,Hove_Blatch,E01016873|Hove_Blatch|Hove_Blatch
E01016873,E05015401,529099,105474,Hove_Blatch,Hove_Blatch,E01016873|Hove_Blatch|Hove_Blatch
E01016873,E05015401,529099,105474,Hove_Blatch,Hove_Blatch,E01016873|Hove_Blatch|Hove_Blatch
E01016873,E05015401,529099,105474,Hove_Blatch,Hove_Blatch,E01016873|Hove_Blatch|Hove_Blatch
E01016873,E05015401,529099,105474,Hove_Blatch,Hove_Blatch,E01016873|Hove_Blatch|Hove_Blatch
E01016873,E05015401,529099,105474,Hove_Blatch,Hove_Blatch,E01016873|Hove_Blatch|Hove_Blatch
E01016873,E05015401,529099,105474,Hove_Blatch,Hove_Blatch,E01016873|Hove_Blatch|Hove_Blatch
E01016873,E05015401,529099,105474,Hove_Blatch,Hove_Blatch,E01016873|Hove_Blatch|Hove_Blatch
E01016873,E05015401,529099,105474,Hove_Blatch,Hove_Blatch,E01016873|Hove_Blatch|Hove_Blatch
E01016873,E05015401,529099,105474,Hove_Blatch,Hove_Blatch,E01016873|Hove_Blatch|Hove_Blatch
E01016873,E05015401,529099,105474,Hove_Blatch,Hove_Blatch,E01016873|Hove_Blatch|Hove_Blatch
E01016873,E05015401,529099,105474,Hove_Blatch,Hove_Blatch,E01016873|Hove_Blatch|Hove_Blatch
E01016873,E05015401,529099,105474,Hove_Blatch,Hove_Blatch,E01016873|Hove_Blatch|Hove_Blatch
E01016873,E05015401,529099,105474,Hove_Blatch,Hove_Blatch,E01016873|Hove_Blatch|Hove_Blatch
E01016873,E05015401,529099,105474,Hove_Blatch,Hove_Blatch,E01016873|Hove_Blatch|Hove_Blatch
E01016873,E05015401,529099,105474,Hove_Blatch,Hove_Blatch,E01016873|Hove_Blatch|Hove_Blatch
E01016873,E05015401,529099,105474,Hove_Blatch,Hove_Blatch,E01016873|Hove_Blatch|Hove_Blatch
E01016873,E05015401,529099,105474,Hove_Blatch,Hove_Blatch,E01016873|Hove_Blatch|Hove_Blatch
E01016873,E05015401,529099,105474,Hove_Blatch,Hove_Blatch,E01016873|Hove_Blatch|Hove_Blatch
E01016873,E05015401,529099,105474,Hove_Blatch,Hove_Blatch,E01016873|Hove_Blatch|Hove_Blatch
E01016873,E05015401,529099,105474,Hove_Blatch,Hove_Blatch,E01016873|Hove_Blatch|Hove_Blatch
E01016873,E05015401,529099,105474,Hove_Blatch,Hove_Blatch,E01016873|Hove_Blatch|Hove_Blatch
E01016873,E05015401,529099,105474,Hove_Blatch,Hove_Blatch,E01016873|Hove_Blatch|Hove_Blatch
E01016873,E05015401,529099,105474,Hove_Blatch,Hove_Blatch,E01016873|Hove_Blatch|Hove_Blatch
E01016873,E05015401,529099,105474,Hove_Blatch,Hove_Blatch,E01016873|Hove_Blatch|Hove_Blatch
E01016873,E05015401,529099,105474,Hove_Blatch,Hove_Blatch,E01016873|Hove_Blatch|Hove_Blatch
E01016873,E05015401,529099,105474,Hove_Blatch,Hove_Blatch,E01016873|Hove_Blatch|Hove_Blatch
E01016873,E05015401,529099,105474,Hove_Blatch,Hove_Blatch,E01016873|Hove_Blatch|Hove_Blatch
E01016873,E05015401,529099,105474,Hove_Blatch,Hove_Blatch,E01016873|Hove_Blatch|Hove_Blatch
E01016873,E05015401,529099,105474,Hove_Blatch,Hove_Blatch,E01016873|Hove_Blatch|Hove_Blatch
E01016873,E05015401,529099,105474,Hove_Blatch,Hove_Blatch,E01016873|Hove_Blatch|Hove_Blatch
E01016873,E05015401,529099,105474,Hove_Blatch,Hove_Blatch,E01016873|Hove_Blatch|Hove_Blatch
E01016873,E05015401,529099,105474,Hove_Blatch,Hove_Blatch,E01016873|Hove_Blatch|Hove_Blatch
E01016873,E05015401,529099,105474,Hove_Blatch,Hove_Blatch,E01016873|Hove_Blatch|Hove_Blatch
E01016873,E05015401,529099,105474,Hove_Blatch,Hove_Blatch,E01016873|Hove_Blatch|Hove_Blatch
E01016873,E05015401,529099,105474,Hove_Blatch,Hove_Blatch,E01016873|Hove_Blatch|Hove_Blatch
E01016873,E05015401,529099,105474,Hove_Blatch,Hove_Blatch,E01016873|Hove_Blatch|Hove_Blatch
E01016873,E05015401,529099,105474,Hove_Blatch,Hove_Blatch,E01016873|Hove_Blatch|Hove_Blatch
E01016873,E05015401,529099,105474,Hove_Blatch,Hove_Blatch,E01016873|Hove_Blatch|Hove_Blatch
E01016873,E05015401,529099,105474,Hove_Blatch,Hove_Blatch,E01016873|Hove_Blatch|Hove_Blatch
E01016873,E05015401,529099,105474,Hove_Blatch,Hove_Blatch,E01016873|Hove_Blatch|Hove_Blatch
E01016873,E05015401,529099,105474,Hove_Blatch,Hove_Blatch,E01016873|Hove_Blatch|Hove_Blatch
E01016873,E05015401,529099,105474,Hove_Blatch,Hove_Blatch,E01016873|Hove_Blatch|Hove_Blatch
E01016873,E05015401,529099,105474,Hove_Blatch,Hove_Blatch,E01016873|Hove_Blatch|Hove_Blatch
E01016873,E05015401,529099,105474,Hove_Blatch,Hove_Blatch,E01016873|Hove_Blatch|Hove_Blatch
E01016873,E05015401,529099,105474,Hove_Blatch,Hove_Blatch,E01016873|Hove_Blatch|Hove_Blatch
E01016873,E05015401,529099,105474,Hove_Blatch,Hove_Blatch,E01016873|Hove_Blatch|Hove_Blatch
E01016873,E05015401,529099,105474,Hove_Blatch,Hove_Blatch,E01016873|Hove_Blatch|Hove_Blatch
E01016873,E05015401,529099,105474,Hove_Blatch,Hove_Blatch,E01016873|Hove_Blatch|Hove_Blatch
E01016873,E05015401,529099,105474,Hove_Blatch,Hove_Blatch,E01016873|Hove_Blatch|Hove_Blatch
E01016873,E05015401,529099,105474,Hove_Blatch,Hove_Blatch,E01016873|Hove_Blatch|Hove_Blatch
E01016873,E05015401,529099,105474,Hove_Blatch,Hove_Blatch,E01016873|Hove_Blatch|Hove_Blatch
E01016949,E05015410,531605,104283,DS_Varndean,DS_Varndean,E01016949|DS_Varndean|DS_Varndean
E01033329,E05015415,531124,104893,DS_Varndean,DS_Varndean,E01033329|DS_Varndean|DS_Varndean
E01016936,E05015409,530794,105731,DS_Varndean,DS_Varndean,E01016936|DS_Varndean|DS_Varndean
E01016969,E05015415,531040,104624,DS_Varndean,DS_Varndean,E01016969|DS_Varndean|DS_Varndean
E01016969,E05015415,531040,104624,DS_Varndean,DS_Varndean,E01016969|DS_Varndean|DS_Varndean
E01016969,E05015415,531040,104624,DS_Varndean,DS_Varndean,E01016969|DS_Varndean|DS_Varndean
E01016969,E05015415,531040,104624,DS_Varndean,DS_Varndean,E01016969|DS_Varndean|DS_Varndean
E01016969,E05015415,531040,104624,DS_Varndean,DS_Varndean,E01016969|DS_Varndean|DS_Varndean
